time,Backup:backupCopyFilesCount,Backup:backupCopyFilesMs,BinaryProtocol:bytesReadPerSecond,BinaryProtocol:bytesWrittenPerSecond,BinaryProtocol:messagesReadPerSecond,BinaryProtocol:messagesWrittenPerSecond,BinaryProtocol:nAckMessages,BinaryProtocol:nBytesRead,BinaryProtocol:nBytesWritten,BinaryProtocol:nEntriesOldVersion,BinaryProtocol:nGroupAckMessages,BinaryProtocol:nGroupedAcks,BinaryProtocol:nMaxGroupedAcks,BinaryProtocol:nMessageBatches,BinaryProtocol:nMessagesBatched,BinaryProtocol:nMessagesRead,BinaryProtocol:nMessagesWritten,BinaryProtocol:nReadNanos,BinaryProtocol:nWriteNanos,BtreeOp:nBinDeltaDelete,BtreeOp:nBinDeltaGet,BtreeOp:nBinDeltaInsert,BtreeOp:nBinDeltaUpdate,BtreeOp:nRootSplits,BtreeOp:relatchesRequired,Cache:DOSBytes,Cache:adminBytes,Cache:cacheTotalBytes,Cache:dataBytes,Cache:lockBytes,Cache:lruDirtySize,Cache:lruMixedSize,Cache:nBINDeltasFetchMiss,Cache:nBINsFetch,Cache:nBINsFetchMiss,Cache:nBINsFetchMissRatio,Cache:nBinDeltaBlindOps,Cache:nBytesEvictedCACHEMODE,Cache:nBytesEvictedCRITICAL,Cache:nBytesEvictedDAEMON,Cache:nBytesEvictedEVICTORTHREAD,Cache:nBytesEvictedMANUAL,Cache:nCachedBINDeltas,Cache:nCachedBINs,Cache:nCachedUpperINs,Cache:nDirtyNodesEvicted,Cache:nEvictionRuns,Cache:nFullBINsMiss,Cache:nINCompactKey,Cache:nINNoTarget,Cache:nINSparseTarget,Cache:nLNsEvicted,Cache:nLNsFetch,Cache:nLNsFetchMiss,Cache:nNodesEvicted,Cache:nNodesMovedToDirtyLRU,Cache:nNodesMutated,Cache:nNodesPutBack,Cache:nNodesSkipped,Cache:nNodesStripped,Cache:nNodesTargeted,Cache:nRootNodesEvicted,Cache:nSharedCacheEnvironments,Cache:nThreadUnavailable,Cache:nUpperINsFetch,Cache:nUpperINsFetchMiss,Cache:sharedCacheTotalBytes,Checkpoints:lastCheckpointEnd,Checkpoints:lastCheckpointId,Checkpoints:lastCheckpointInterval,Checkpoints:lastCheckpointStart,Checkpoints:nCheckpoints,Checkpoints:nDeltaINFlush,Checkpoints:nFullBINFlush,Checkpoints:nFullINFlush,Cleaning:activeLogSize,Cleaning:availableLogSize,Cleaning:maxPredictedUtilization,Cleaning:maxUtilization,Cleaning:minPredictedUtilization,Cleaning:minUtilization,Cleaning:nBINDeltasCleaned,Cleaning:nBINDeltasDead,Cleaning:nBINDeltasMigrated,Cleaning:nBINDeltasObsolete,Cleaning:nCleanerDeletions,Cleaning:nCleanerDisksReads,Cleaning:nCleanerEntriesRead,Cleaning:nCleanerRuns,Cleaning:nINsCleaned,Cleaning:nINsDead,Cleaning:nINsMigrated,Cleaning:nINsObsolete,Cleaning:nLNQueueHits,Cleaning:nLNsCleaned,Cleaning:nLNsDead,Cleaning:nLNsExpired,Cleaning:nLNsExtinct,Cleaning:nLNsLocked,Cleaning:nLNsMarked,Cleaning:nLNsMigrated,Cleaning:nLNsObsolete,Cleaning:nPendingDBsIncomplete,Cleaning:nPendingDBsProcessed,Cleaning:nPendingLNsLocked,Cleaning:nPendingLNsProcessed,Cleaning:nRevisalRuns,Cleaning:nTwoPassRuns,Cleaning:pendingDBQueueSize,Cleaning:pendingLNQueueSize,Cleaning:protectedLogSize,Cleaning:protectedLogSizeMap,Cleaning:reservedLogSize,Cleaning:totalLogSize,ConsistencyTracker:nLagConsistencyWaitMS,ConsistencyTracker:nLagConsistencyWaits,ConsistencyTracker:nVLSNConsistencyWaitMS,ConsistencyTracker:nVLSNConsistencyWaits,Environment:environmentCreationTime,Eraser:eraserCycleEnd,Eraser:eraserCycleStart,Eraser:eraserFSyncs,Eraser:eraserFilesAlreadyDeleted,Eraser:eraserFilesDeleted,Eraser:eraserFilesErased,Eraser:eraserFilesRemaining,Eraser:eraserReadBytes,Eraser:eraserReads,Eraser:eraserWriteBytes,Eraser:eraserWrites,FeederManager:nFeedersCreated,FeederManager:nFeedersShutdown,FeederManager:replica95DelayMsMap,FeederManager:replica99DelayMsMap,FeederManager:replicaAvgDelayMsMap,FeederManager:replicaDelayMap,FeederManager:replicaLastCommitTimestampMap,FeederManager:replicaLastCommitVLSNMap,FeederManager:replicaMaxDelayMsMap,FeederManager:replicaVLSNLagMap,FeederManager:replicaVLSNRateMap,FeederTxns:ackWaitMS,FeederTxns:lastCommitTimestamp,FeederTxns:lastCommitVLSN,FeederTxns:totalTxnMS,FeederTxns:txnsAcked,FeederTxns:txnsNotAcked,FeederTxns:vlsnRate,I/O:bufferBytes,I/O:endOfLog,I/O:fSync95Ms,I/O:fSync99Ms,I/O:fSyncAvgMs,I/O:fSyncMaxMs,I/O:nBytesReadFromWriteQueue,I/O:nBytesWrittenFromWriteQueue,I/O:nCacheMiss,I/O:nFSyncRequests,I/O:nFSyncs,I/O:nFileOpens,I/O:nGroupCommitRequests,I/O:nGrpCommitTimeouts,I/O:nLogBuffers,I/O:nLogFSyncs,I/O:nNoFreeBuffer,I/O:nNotResident,I/O:nOpenFiles,I/O:nRandomReadBytes,I/O:nRandomReads,I/O:nRandomWriteBytes,I/O:nRandomWrites,I/O:nReadsFromWriteQueue,I/O:nRepeatFaultReads,I/O:nRepeatIteratorReads,I/O:nSequentialReadBytes,I/O:nSequentialReads,I/O:nSequentialWriteBytes,I/O:nSequentialWrites,I/O:nTempBufferWrites,I/O:nWriteQueueOverflow,I/O:nWriteQueueOverflowFailures,I/O:nWritesFromWriteQueue,Jvm:G1 Old Generation.count,Jvm:G1 Old Generation.time,Jvm:G1 Young Generation.count,Jvm:G1 Young Generation.time,Jvm:heap,Jvm:loadAverage,Locks:nLatchAcquireNoWaitUnsuccessful,Locks:nLatchAcquiresNoWaitSuccessful,Locks:nLatchAcquiresNoWaiters,Locks:nLatchAcquiresSelfOwned,Locks:nLatchAcquiresWithContention,Locks:nLatchReleases,Locks:nRequests,Locks:nWaits,Node Compression:cursorsBins,Node Compression:dbClosedBins,Node Compression:inCompQueueSize,Node Compression:nonEmptyBins,Node Compression:processedBins,Node Compression:splitBins,OffHeap:offHeapAllocFailure,OffHeap:offHeapAllocOverflow,OffHeap:offHeapBINsLoaded,OffHeap:offHeapBINsStored,OffHeap:offHeapCachedBINDeltas,OffHeap:offHeapCachedBINs,OffHeap:offHeapCachedLNs,OffHeap:offHeapCriticalNodesTargeted,OffHeap:offHeapDirtyNodesEvicted,OffHeap:offHeapLNsEvicted,OffHeap:offHeapLNsLoaded,OffHeap:offHeapLNsStored,OffHeap:offHeapLruSize,OffHeap:offHeapNodesEvicted,OffHeap:offHeapNodesMutated,OffHeap:offHeapNodesSkipped,OffHeap:offHeapNodesStripped,OffHeap:offHeapNodesTargeted,OffHeap:offHeapThreadUnavailable,OffHeap:offHeapTotalBlocks,OffHeap:offHeapTotalBytes,Op:priDelete,Op:priDeleteFail,Op:priInsert,Op:priInsertFail,Op:priPosition,Op:priSearch,Op:priSearchFail,Op:priUpdate,Op:secDelete,Op:secInsert,Op:secPosition,Op:secSearch,Op:secSearchFail,Op:secUpdate,Replay:elapsedTxn95Ms,Replay:elapsedTxn99Ms,Replay:elapsedTxnAvgMs,Replay:elapsedTxnMaxMs,Replay:latestCommitLagMs,Replay:maxCommitProcessingNanos,Replay:minCommitProcessingNanos,Replay:nAborts,Replay:nCommitAcks,Replay:nCommitNoSyncs,Replay:nCommitSyncs,Replay:nCommitWriteNoSyncs,Replay:nCommits,Replay:nGroupCommitMaxExceeded,Replay:nGroupCommitTimeouts,Replay:nGroupCommitTxns,Replay:nGroupCommits,Replay:nLNs,Replay:nMessageQueueOverflows,Replay:nNameLNs,Replay:outputQueue95DelayMs,Replay:outputQueue99DelayMs,Replay:outputQueueAvgDelayMs,Replay:outputQueueMaxDelayMs,Replay:replayQueue95DelayMs,Replay:replayQueue99DelayMs,Replay:replayQueueAvgDelayMs,Replay:replayQueueMaxDelayMs,Replay:totalCommitProcessingNanos,TaskCoordinator:nApplicationPermits,TaskCoordinator:nDeficitPermits,TaskCoordinator:nRealPermits,VLSNIndex:nBucketsCreated,VLSNIndex:nHeadBucketsDeleted,VLSNIndex:nHits,VLSNIndex:nMisses,VLSNIndex:nTailBucketsDeleted
2025-07-28 06:51:00.098 UTC, , , , , , , , , , , , , , , , , , , , , , , , , , ,125,3159885,14032, , ,3, ,10, , , , , , , , , ,3,3, , , , ,1,5, , , , , , , , , , , , , , , , ,1362,1,734,734,1, ,2,4,1412,36090011648,-1,-1,-1,-1, , , , , , , , , , , , , , , , , , , , , , , , , , , , , , , , ,1412, , , , ,1753685459394,,, , , , , , , , , , , , , , , , , , , , , , , , , , , ,3145728,1362,2,2,1,2, , , ,1,1,2,1, ,3,2, , , , , ,38,1, , , ,2048,1,1374,1, , , , , , ,2,68,113638848, , , , , , , ,9, , , , , , , , , , , , , , , , , , , , , , , , , , , , , , , , , , , , , , , , , , , , , , , , , , , , , , , , , , , , , , , , , , , , , , , , , , , , , , , 
2025-07-28 06:52:00.128 UTC, , ,0,0,0,0, , , , , , , , , , , , , , , , , , , , ,589,3181645,35104,224, ,6, ,94, , , , , , , , , ,6,6, , , , ,2,7, ,96, , , , , , , , , , , , , , ,1362,1,734,734, , , , ,1412,36090011648,57,57,57,57, , , , , , , , , , , , , , , , , , , , , , , , , , , , , , , , ,1412, , , , ,1753685459394,,, , , , , , , , , , , , , , , , , , , , , ,1753685518441,67, , , ,63,3145728,10847,3,4,1,4, , , ,30,30,2,36, ,3,33, , , , , , , , , , ,4096,2,9468,36, , , , , , ,4,107,284746008,1, , , , , , ,52, , , , , , , , , , , , , , , , , , , , , , , , , , , , , , ,23, , ,7,1, , , , , , , , , , , , , ,0, , , , , , , , , , , , , , , , , , , , , , , , , ,1, , , , 
2025-07-28 06:53:00.138 UTC, , ,0,0,0,0, , , , , , , , , , , , , , , , , , , , ,589,3271925,125384,224, ,6, ,51, , , , , , , , , ,6,6, , , , ,2,7, ,49, , , , , , , , , , , , , , ,1362,1,734,734, , , , ,1412,36090011648,57,57,57,57, , , , , , , , , , , , , , , , , , , , , , , , , , , , , , , , ,1412, , , , ,1753685459394,,, , , , , , , , , , , , , , , , , , , , , ,1753685578461,111, , , ,31,3145728,102018,2,2,1,2, , , ,19,19, ,25, ,3,22, , , , , , , , , , , , ,91171,25, , , , , , , , ,377020696, , , , , , , ,25, , , , , , , , , , , , , , , , , , , , , , , , , , , , , , ,19, , ,6, , , , , , , , , , , , , , ,0, , , , , , , , , , , , , , , , , , , , , , , , , , , , , , 
2025-07-28 06:54:00.148 UTC, , ,0,0,0,0, , , , , , , , , , , , , , , , , , , , ,589,3274997,128456,224, ,6, ,44, , , , , , , , , ,6,6, , , , ,2,7, ,49, , , , , , , , , , , , , , ,1362,1,734,734, , , , ,1412,36090011648,57,57,57,57, , , , , , , , , , , , , , , , , , , , , , , , , , , , , , , , ,1412, , , , ,1753685459394,,, , , , , , , , , , , , , , , , , , , , , ,1753685638482,141, , , ,31,3145728,105421,8,8,2,8, , , ,12,12, ,18, ,3,15, , , , , , , , , , , , ,3404,18, , , , , , , , ,389603608, , , , , , , ,18, , , , , , , , , , , , , , , , , , , , , , , , , , , , , , ,12, , ,6, , , , , , , , , , , , , , ,0, , , , , , , , , , , , , , , , , , , , , , , , , , , , , , 
2025-07-28 06:55:00.157 UTC, , ,0,0,0,0, , , , , , , , , , , , , , , , , , , , ,589,3278069,131528,224, ,6, ,44, , , , , , , , , ,6,6, , , , ,2,7, ,49, , , , , , , , , , , , , , ,1362,1,734,734, , , , ,1412,36090011648,57,57,57,57, , , , , , , , , , , , , , , , , , , , , , , , , , , , , , , , ,1412, , , , ,1753685459394,,, , , , , , , , , , , , , , , , , , , , , ,1753685698501,171, , , ,31,3145728,108829,3,3,1,3, , , ,12,12, ,18, ,3,15, , , , , , , , , , , , ,3408,18, , , , , , , , ,414769432, , , , , , , ,18, , , , , , , , , , , , , , , , , , , , , , , , , , , , , , ,12, , ,6, , , , , , , , , , , , , , ,0, , , , , , , , , , , , , , , , , , , , , , , , , , , , , , 
2025-07-28 06:56:00.163 UTC, , ,0,0,0,0, , , , , , , , , , , , , , , , , , , , ,589,3281141,134600,224, ,6, ,44, , , , , , , , , ,6,6, , , , ,2,7, ,49, , , , , , , , , , , , , , ,1362,1,734,734, , , , ,1412,36090011648,57,57,57,57, , , , , , , , , , , , , , , , , , , , , , , , , , , , , , , , ,1412, , , , ,1753685459394,,, , , , , , , , , , , , , , , , , , , , , ,1753685758515,201, , , ,31,3145728,112246,3,3,1,3, , , ,12,12, ,18, ,3,15, , , , , , , , , , , , ,3418,18, , , , , , , , ,427352344, , , , , , , ,18, , , , , , , , , , , , , , , , , , , , , , , , , , , , , , ,12, , ,6, , , , , , , , , , , , , , ,0, , , , , , , , , , , , , , , , , , , , , , , , , , , , , , 
2025-07-28 06:59:38.746 UTC, , , , , , , , , , , , , , , , , , , , , , , , , , ,125,3178653,32800, , ,7, ,245,6,0.02, , , , , , , ,7,7, ,96, ,2,4,9, ,144,13, , , , , , , , , , , , , ,118010,2,115089,115089,1, ,7,14,118064,36075806720,-1,-1,-1,-1, , , , , ,6,126, , , , , , , , , , , , , , , , , , , , , , , , , ,118064, , , , ,1753685977893,,, , , , , , , , , , , , , , , , , , , , , , , , , , , ,3145728,118010,3,3,2,3, , ,23,2,2,4,2, ,3,3, ,23, ,2048,1, , , , , ,1397373,100,3334,2, , , , , , ,2,55,122320440, , , , , , , ,148, , , , , , , , , , , , , , , , , , , , , , , , , , , , , , , , , , , , , , , , , , , , , , , , , , , , , , , , , , , , , , , , , , , , , , , , , , , , , , , 
2025-07-28 07:00:38.768 UTC, , ,0,0,0,0, , , , , , , , , , , , , , , , , , , , ,125,3295669,149480,336, ,8, ,173, , , , , , , , , ,8,8, , , ,2,2,10, ,193,90, , , , , , , , , , , , , ,118010,2,115089,115089, , , , ,118064,36075806720,94,94,94,94, , , , , , , , , , , , , , , , , , , , , , , , , , , , , , , , ,118064, , , , ,1753685977893,,, , , , , , , , , , , , , , , , , , , , , ,1753686035932,255, , , ,31,3145728,122135,8,8,1,8, , ,92,15,15,3,20, ,3,18, ,92,1, , , , , , , ,117231,95,4109,20, , , , , , ,4,74,329713232,1, , , , , , ,120, , , , , , , , , , , , , , , , , , , , , , , , , , , , , , ,14, , ,93, , , , , , , , , , , , , , ,0, , , , , , , , , , , , , , , , , , , , , , , , , ,1, , , , 
2025-07-28 07:01:38.773 UTC, , ,0,0,0,0, , , , , , , , , , , , , , , , , , , , ,125,3298741,152552,336, ,8, ,135, , , , , , , , , ,8,8, , , ,2,2,10, ,157, , , , , , , , , , , , , , ,118010,2,115089,115089, , , , ,118064,36075806720,94,94,94,94, , , , , , , , , , , , , , , , , , , , , , , , , , , , , , , , ,118064, , , , ,1753685977893,,, , , , , , , , , , , , , , , , , , , , , ,1753686095966,285, , , ,31,3145728,125573,10,10,1,10, , , ,12,12, ,18, ,3,15, , ,1, , , , , , , , , ,3438,18, , , , , , , , ,438765136, , , , , , , ,103, , , , , , , , , , , , , , , , , , , , , , , , , , , , , , ,12, , ,91, , , , , , , , , , , , , , ,0, , , , , , , , , , , , , , , , , , , , , , , , , , , , , , 
2025-07-28 07:02:38.777 UTC, , ,0,0,0,0, , , , , , , , , , , , , , , , , , , , ,125,3301813,155624,336, ,8, ,44, , , , , , , , , ,8,8, , , ,2,2,10, ,56, , , , , , , , , , , , , , ,118010,2,115089,115089, , , , ,118064,36075806720,94,94,94,94, , , , , , , , , , , , , , , , , , , , , , , , , , , , , , , , ,118064, , , , ,1753685977893,,, , , , , , , , , , , , , , , , , , , , , ,1753686156015,315, , , ,31,3145728,129011,15,15,2,15, , , ,12,12, ,18, ,3,15, , ,1, , , , , , , , , ,3438,18, , , , , , , , ,451348048, , , , , , , ,18, , , , , , , , , , , , , , , , , , , , , , , , , , , , , , ,12, , ,6, , , , , , , , , , , , , , ,0, , , , , , , , , , , , , , , , , , , , , , , , , , , , , , 
2025-07-28 07:03:38.782 UTC, , ,0,0,0,0, , , , , , , , , , , , , , , , , , , , ,125,3304885,158696,336, ,8, ,44, , , , , , , , , ,8,8, , , ,2,2,10, ,56, , , , , , , , , , , , , , ,118010,2,115089,115089, , , , ,118064,36075806720,94,94,94,94, , , , , , , , , , , , , , , , , , , , , , , , , , , , , , , , ,118064, , , , ,1753685977893,,, , , , , , , , , , , , , , , , , , , , , ,1753686216049,345, , , ,31,3145728,132449,3,3,1,3, , , ,12,12, ,18, ,3,15, , ,1, , , , , , , , , ,3438,18, , , , , , , , ,480708176, , , , , , , ,18, , , , , , , , , , , , , , , , , , , , , , , , , , , , , , ,12, , ,6, , , , , , , , , , , , , , ,0, , , , , , , , , , , , , , , , , , , , , , , , , , , , , , 
2025-07-28 07:04:38.792 UTC, , ,0,0,0,0, , , , , , , , , , , , , , , , , , , , ,125,3307957,161768,336, ,8, ,44, , , , , , , , , ,8,8, , , ,2,2,10, ,56, , , , , , , , , , , , , , ,118010,2,115089,115089, , , , ,118064,36075806720,94,94,94,94, , , , , , , , , , , , , , , , , , , , , , , , , , , , , , , , ,118064, , , , ,1753685977893,,, , , , , , , , , , , , , , , , , , , , , ,1753686276092,378, , , ,31,3145728,135994,2,2,1,2, , , ,12,12, ,21, ,3,15, , ,1, , , , , , , , , ,3546,21, , , , , , , , ,493291088, , , , , , , ,18, , , , , , , , , , , , , , , , , , , , , , , , , , , , , , ,12, , ,6, , , , , , , , , , , , , , ,0, , , , , , , , , , , , , , , , , , , , , , , , , , , , , , 
2025-07-28 07:05:38.798 UTC, , ,0,0,0,0, , , , , , , , , , , , , , , , , , , , ,125,3311029,164840,336, ,8, ,44, , , , , , , , , ,8,8, , , ,2,2,10, ,56, , , , , , , , , , , , , , ,118010,2,115089,115089, , , , ,118064,36075806720,94,94,94,94, , , , , , , , , , , , , , , , , , , , , , , , , , , , , , , , ,118064, , , , ,1753685977893,,, , , , , , , , , , , , , , , , , , , , , ,1753686336135,414, , , ,32,3145728,139666,2,2,1,2, , , ,12,12, ,24, ,3,15, , ,1, , , , , , , , , ,3672,24, , , , , , , , ,522651216, , , , , , , ,18, , , , , , , , , , , , , , , , , , , , , , , , , , , , , , ,12, , ,6, , , , , , , , , , , , , , ,0, , , , , , , , , , , , , , , , , , , , , , , , , , , , , , 
2025-07-28 07:06:38.803 UTC, , ,0,0,0,0, , , , , , , , , , , , , , , , , , , , ,125,3314317,168128,336, ,8, ,44, , , , , , , , , ,8,8, , , ,2,2,10, ,56, , , , , , , , , , , , , , ,118010,2,115089,115089, , , , ,118064,36075806720,94,94,94,94, , , , , , , , , , , , , , , , , , , , , , , , , , , , , , , , ,118064, , , , ,1753685977893,,, , , , , , , , , , , , , , , , , , , , , ,1753686396174,450, , , ,32,3145728,143552,4,4,1,4, , , ,12,12, ,24, ,3,15, , ,1, , , , , , , , , ,3886,24, , , , , , , , ,535234128, , , , , , , ,18, , , , , , , , , , , , , , , , , , , , , , , , , , , , , , ,12, , ,6, , , , , , , , , , , , , , ,0, , , , , , , , , , , , , , , , , , , , , , , , , , , , , , 
2025-07-28 07:07:38.813 UTC, , ,0,0,0,0, , , , , , , , , , , , , , , , , , , , ,125,3317389,171200,336, ,8, ,44, , , , , , , , , ,8,8, , , ,2,2,10, ,56, , , , , , , , , , , , , , ,118010,2,115089,115089, , , , ,118064,36075806720,94,94,94,94, , , , , , , , , , , , , , , , , , , , , , , , , , , , , , , , ,118064, , , , ,1753685977893,,, , , , , , , , , , , , , , , , , , , , , ,1753686456222,486, , , ,32,3145728,147224,17,17,2,17, , , ,12,12, ,24, ,3,15, , ,1, , , , , , , , , ,3672,24, , , , , , ,1,215,202842944, , , , , , , ,18, , , , , , , , , , , , , , , , , , , , , , , , , , , , , , ,12, , ,6, , , , , , , , , , , , , , ,0, , , , , , , , , , , , , , , , , , , , , , , , , , , , , , 
2025-07-28 07:09:06.444 UTC, , , , , , , , , , , , , , , , , , , , , , , , , , ,125,3177197,31344, , ,6, ,279,6,0.02, , , , , , , ,6,6, ,111, ,2,3,8, ,163,17, , , , , , , , , , , , , ,153603,3,150632,150632,1,1,5,11,153657,36058501120,-1,-1,-1,-1, , , , , ,8,264, , , , , , , , , , , , , , , , , , , , , , , , , ,153657, , , , ,1753686545681,,, , , , , , , , , , , , , , , , , , , , , , , , , , , ,3145728,153603,2,2,1,2, , ,30,2,2,4,2, ,3,3, ,30, ,2048,1, , , , , ,713740,89,3334,2, , , , , , ,3,44,143820544,1, , , , , , ,164, , , , , , , , , , , , , , , , , , , , , , , , , , , , , , , , , , , , , , , , , , , , , , , , , , , , , , , , , , , , , , , , , , , , , , , , , , , , , , , 
2025-07-28 07:10:06.694 UTC, , ,0,0,0,0, , , , , , , , , , , , , , , , , , , , ,125,3214813,68624,336, ,8, ,195,1,0.01, , , , , , , ,8,8, , , ,2,2,10, ,228,113, , , , , , , , , , , , , ,153603,3,150632,150632, , , , ,153657,36058501120,89,89,89,89, , , , , , , , , , , , , , , , , , , , , , , , , , , , , , , , ,153657, , , , ,1753686545681,,, , , , , , , , , , , , , , , , , , , , , ,1753686604624,554, , , ,37,3145728,157840,9,9,1,9, , ,117,15,15,3,23, ,3,18, ,117,1, , , , , , , ,38838,120,4219,23, , , , , , ,1,27,404149312,1, , , , , , ,142, , , , , , , , , , , , , , , , , , , , , , , , , , , , , , ,14, , ,115, , , , , , , , , , , , , , ,0, , , , , , , , , , , , , , , , , , , , , , , , , ,1, , , , 
2025-07-28 07:11:30.549 UTC, , , , , , , , , , , , , , , , , , , , , , , , , , ,125,3176189,30336, , ,6,1,106,6,0.06,1, , , , , , ,6,6, ,26,1,2,3,8, ,78,19, , , , , , , , , , , , , ,162645,4,160961,160961,1,1,5,11,162699,36055945216,-1,-1,-1,-1, , , , , ,8,312, , , , , , , , , , , , , , , , , , , , , , , , , ,162699, , , , ,1753686689758,,, , , , , , , , , , , , , , , , , , , , , , , , , , , ,3145728,162645,2,2,1,2, , ,33,2,2,4,2, ,3,3, ,33, ,2048,1, , , , , ,519327,68,1955,2, , , , , , ,3,55,141671040, , , , , , , ,77, , , , , , , , , , , , , , , , , , , , , , , , , , , , , , , , , , , , , , , , , , , , , , , , , , , , , , , , , , , , , , , , , , , , , , , , , , , , , , , 
2025-07-28 07:12:30.616 UTC, , ,0,0,0,0, , , , , , , , , , , , , , , , , , , , ,125,3194045,47856,336, ,8, ,110,1,0.01, , , , , , , ,8,8, , , ,2,2,10, ,156,29, , , , , , , , , , , , , ,162645,4,160961,160961, , , , ,162699,36055945216,87,87,87,87, , , , , , , , , , , , , , , , , , , , , , , , , , , , , , , , ,162699, , , , ,1753686689758,,, , , , , , , , , , , , , , , , , , , , , ,1753686747792,616, , , ,31,3145728,167049,4,4,1,4, , ,33,15,15,3,21, ,3,18, ,33,1, , , , , , , ,19162,36,4387,21, , , , , , ,1,36,417976160,1, , , , , , ,57, , , , , , , , , , , , , , , , , , , , , , , , , , , , , , ,14, , ,30, , , , , , , , , , , , , , ,0, , , , , , , , , , , , , , , , , , , , , , , , , ,1, , , , 
2025-07-28 07:13:30.627 UTC, , ,0,0,0,0, , , , , , , , , , , , , , , , , , , , ,589,3200605,53952,336, ,9, ,88, , , , , , , , , ,9,9, , , ,3,3,11, ,121, , , , , , , , , , , , , , ,162645,4,160961,160961, , , , ,162699,36055945216,87,87,87,87, , , , , , , , , , , , , , , , , , , , , , , , , , , , , , , , ,162699, , , , ,1753686689758,,, , , , , , , , , , , , , , , , , , , , , ,1753686807815,650, , , ,28,3145728,171058,4,4,1,4, , ,2,13,13, ,20, ,3,16, ,2,1, , , , , , , ,4096,2,4009,21, , , , , , , , ,493473632,1, , , , , , ,59, , , , , ,1, , , , , , , , , , , , , , , , , , , , , , , , ,12, , ,28, , , , , , , , , , , , , , ,0, , , , , , , , , , , , , , , , , , , , , , , , , , , , , , 
2025-07-28 07:14:30.633 UTC, , ,0,0,0,0, , , , , , , , , , , , , , , , , , , , ,589,3203677,57024,336, ,9, ,44, , , , , , , , , ,9,9, , , ,3,3,11, ,70, , , , , , , , , , , , , , ,162645,4,160961,160961, , , , ,162699,36055945216,87,87,87,87, , , , , , , , , , , , , , , , , , , , , , , , , , , , , , , , ,162699, , , , ,1753686689758,,, , , , , , , , , , , , , , , , , , , , , ,1753686867835,680, , , ,28,3145728,174544,8,8,1,8, , , ,12,12, ,18, ,3,15, , ,1, , , , , , , , , ,3486,18, , , , , , , , ,506056544, , , , , , , ,18, , , , , , , , , , , , , , , , , , , , , , , , , , , , , , ,12, , ,6, , , , , , , , , , , , , , ,0, , , , , , , , , , , , , , , , , , , , , , , , , , , , , , 
2025-07-28 07:15:30.638 UTC, , ,0,0,0,0, , , , , , , , , , , , , , , , , , , , ,589,3206749,60096,336, ,9, ,44, , , , , , , , , ,9,9, , , ,3,3,11, ,70, , , , , , , , , , , , , , ,162645,4,160961,160961, , , , ,162699,36055945216,87,87,87,87, , , , , , , , , , , , , , , , , , , , , , , , , , , , , , , , ,162699, , , , ,1753686689758,,, , , , , , , , , , , , , , , , , , , , , ,1753686927852,710, , , ,28,3145728,178030,6,6,2,6, , , ,12,12, ,18, ,3,15, , ,1, , , , , , , , , ,3486,18, , , , , , ,1,275,219428528, , , , , , , ,18, , , , , , , , , , , , , , , , , , , , , , , , , , , , , , ,12, , ,6, , , , , , , , , , , , , , ,0, , , , , , , , , , , , , , , , , , , , , , , , , , , , , , 
2025-07-28 07:16:17.677 UTC, , , , , , , , , , , , , , , , , , , , , , , , , , ,125,3181645,35792, , ,7,1,199,7,0.04, , , , , , , ,7,7, ,64,1,3,4,8, ,129,23, , , , , , , , , , , , , ,182583,5,180022,180022,1,1,6,13,182638,36041166848,-1,-1,-1,-1, , , , , ,9,402, , , , , , , , , , , , , , , , , , , , , , , , , ,182638, , , , ,1753686977129,,, , , , , , , , , , , , , , , , , , , , , , , , , , , ,3145728,182583,1,1,1,1, , ,38,2,2,4,2, ,3,3, ,38, ,2048,1, , , , , ,644516,83,2865,2, , , , , , ,3,65,142434640, , , , , , , ,125, , , , , , , , , , , , , , , , , , , , , , , , , , , , , , , , , , , , , , , , , , , , , , , , , , , , , , , , , , , , , , , , , , , , , , , , , , , , , , , 
2025-07-28 07:17:17.711 UTC, , ,0,0,0,0, , , , , , , , , , , , , , , , , , , , ,125,3206461,60272,336, ,9, ,143,1,0.01, , , , , , , ,9,9, , , ,3,3,11, ,202,62, , , , , , , , , , , , , ,182583,5,180022,180022, , , , ,182638,36041166848,27,27,27,27, , , , , , , , , , , , , , , , , , , , , , , , , , , , , , , , ,182638, , , , ,1753686977129,,, , , , , , , , , , , , , , , , , , , , , ,1753687034845,760, , , ,31,3145728,186998,3,3,1,3, , ,66,15,15,3,21, ,3,18, ,66,1, , , , , , , ,26904,69,4397,21, , , , , , ,1,22,410705000,1, , , , , , ,90, , , , , ,1, , , , , , , , , , , , , , , , , , , , , , , , ,14, , ,63, , , , , , , , , , , , , , ,0, , , , , , , , , , , , , , , , , , , , , , , , , ,1, , , , 
2025-07-28 07:18:17.727 UTC, , ,0,0,0,0, , , , , , , , , , , , , , , , , , , , ,589,3209997,63344,336, ,9, ,117, , , , , , , , , ,9,9, , , ,4,3,11, ,157, , , , , , , , , , , , , , ,182583,5,180022,180022, , , , ,182638,36041166848,27,27,27,27, , , , , , , , , , , , , , , , , , , , , , , , , , , , , , , , ,182638, , , , ,1753686977129,,, , , , , , , , , , , , , , , , , , , , , ,1753687094858,792, , , ,28,3145728,190789,3,3,1,3, , ,2,13,13, ,19, ,3,16, ,2,1, , , , , , , ,4096,2,3791,20, , , , , , , , ,494591080,1, , , , , , ,90, , , , , ,1, , , , , , , , , , , , , , , , , , , , , , , , ,12, , ,61, , , , , , , , , , , , , , ,0, , , , , , , , , , , , , , , , , , , , , , , , , , , , , , 
2025-07-28 13:21:16.870 UTC, , , , , , , , , , , , , , , , , , , , , , , , , , ,125,3180949,35096, , ,7,1,152,7,0.05, , , , , , , ,7,7, ,41,1,4,4,8, ,110,25, , , , , , , , , , , , , ,195556,6,193375,193375,1,1,6,13,195611,35455025152,-1,-1,-1,-1, , , , , ,9,469, , , , , , , , , , , , , , , , , , , , , , , , , ,195611, , , , ,1753708876416,,, , , , , , , , , , , , , , , , , , , , , , , , , , , ,3145728,195556,1,1,0,1, , ,41,2,2,4,2, ,3,3, ,41, ,2048,1, , , , , ,581233,78,2461,2, , , , , , ,3,48,143187712,1, , , , , , ,102, , , , , , , , , , , , , , , , , , , , , , , , , , , , , , , , , , , , , , , , , , , , , , , , , , , , , , , , , , , , , , , , , , , , , , , , , , , , , , , 
2025-07-28 13:22:16.897 UTC, , ,0,0,0,0, , , , , , , , , , , , , , , , , , , , ,125,3201341,55152,336, ,9, ,122,1,0.01, , , , , , , ,9,9, , , ,4,3,11, ,180,40, , , , , , , , , , , , , ,195556,6,193375,193375, , , , ,195611,35455025152,16,16,16,16, , , , , , , , , , , , , , , , , , , , , , , , , , , , , , , , ,195611, , , , ,1753708876416,,, , , , , , , , , , , , , , , , , , , , , ,1753708934008,848, , , ,32,3145728,200185,2,2,1,2, , ,44,15,15,3,21, ,3,18, ,44,1, , , , , , , ,21805,47,4611,21, , , , , , ,1,19,420524960, , , , , , , ,68, , , , , ,1, , , , , , , , , , , , , , , , , , , , , , , , ,14, , ,41, , , , , , , , , , , , , , ,0, , , , , , , , , , , , , , , , , , , , , , , , , ,1, , , , 
2025-07-28 13:23:28.458 UTC, , , , , , , , , , , , , , , , , , , , , , , , , , ,125,3180629,34776, , ,7,1,118,7,0.06,1, , , , , , ,7,7, ,23,1,4,4,8, ,96,27, , , , , , , , , , , , , ,203292,7,201319,201319,1,2,5,12,203347,35438518272,-1,-1,-1,-1, , , , , ,9,518, , , , , , , , , , , , , , , , , , , , , , , , , ,203347, , , , ,1753709007896,,, , , , , , , , , , , , , , , , , , , , , , , , , , , ,3145728,203292,1,1,0,1, , ,43,2,2,4,2, ,3,3, ,43, ,2048,1, , , , , ,515889,72,2237,2, , , , , , ,3,81,142382888, , , , , , , ,84, , , , , , , , , , , , , , , , , , , , , , , , , , , , , , , , , , , , , , , , , , , , , , , , , , , , , , , , , , , , , , , , , , , , , , , , , , , , , , , 
2025-07-28 13:24:28.490 UTC, , ,0,0,0,0, , , , , , , , , , , , , , , , , , , , ,125,3196333,50144,336, ,9, ,103,1,0.01, , , , , , , ,9,9, , , ,4,3,11, ,162,22, , , , , , , , , , , , , ,203292,7,201319,201319, , , , ,203347,35438518272,15,15,15,15, , , , , , , , , , , , , , , , , , , , , , , , , , , , , , , , ,203347, , , , ,1753709007896,,, , , , , , , , , , , , , , , , , , , , , ,1753709065651,891, , , ,31,3145728,207707,4,4,1,4, , ,26,15,15,3,21, ,3,18, ,26,1, , , , , , , ,17844,29,4397,21, , , , , , ,1,31,427835200,2, , , , , , ,50, , , , , ,1, , , , , , , , , , , , , , , , , , , , , , , , ,14, , ,23, , , , , , , , , , , , , , ,0, , , , , , , , , , , , , , , , , , , , , , , , , ,1, , , , 
2025-07-28 13:25:28.496 UTC, , ,0,0,0,0, , , , , , , , , , , , , , , , , , , , ,589,3199869,53216,336, ,9, ,77, , , , , , , , , ,9,9, , , ,4,3,11, ,117, , , , , , , , , , , , , , ,203292,7,201319,201319, , , , ,203347,35438518272,15,15,15,15, , , , , , , , , , , , , , , , , , , , , , , , , , , , , , , , ,203347, , , , ,1753709007896,,, , , , , , , , , , , , , , , , , , , , , ,1753709125665,923, , , ,28,3145728,211500,2,2,1,2, , ,2,13,13, ,19, ,3,16, ,2,1, , , , , , , ,4096,2,3793,20, , , , , , , , ,507526976,2, , , , , , ,50, , , , , ,1, , , , , , , , , , , , , , , , , , , , , , , , ,12, , ,21, , , , , , , , , , , , , , ,0, , , , , , , , , , , , , , , , , , , , , , , , , , , , , , 
2025-07-28 13:26:28.498 UTC, , ,0,0,0,0, , , , , , , , , , , , , , , , , , , , ,589,3202941,56288,336, ,9, ,44, , , , , , , , , ,9,9, , , ,4,3,11, ,70, , , , , , , , , , , , , , ,203292,7,201319,201319, , , , ,203347,35438518272,15,15,15,15, , , , , , , , , , , , , , , , , , , , , , , , , , , , , , , , ,203347, , , , ,1753709007896,,, , , , , , , , , , , , , , , , , , , , , ,1753709185679,953, , , ,28,3145728,214986,3,3,1,3, , , ,12,12, ,18, ,3,15, , ,1, , , , , , , , , ,3486,18, , , , , , , , ,520109888,1, , , , , , ,18, , , , , , , , , , , , , , , , , , , , , , , , , , , , , , ,12, , ,6, , , , , , , , , , , , , , ,0, , , , , , , , , , , , , , , , , , , , , , , , , , , , , , 
2025-07-28 13:27:28.504 UTC, , ,0,0,0,0, , , , , , , , , , , , , , , , , , , , ,589,3206013,59360,336, ,9, ,44, , , , , , , , , ,9,9, , , ,4,3,11, ,70, , , , , , , , , , , , , , ,203292,7,201319,201319, , , , ,203347,35438518272,15,15,15,15, , , , , , , , , , , , , , , , , , , , , , , , , , , , , , , , ,203347, , , , ,1753709007896,,, , , , , , , , , , , , , , , , , , , , , ,1753709245699,983, , , ,28,3145728,218472,38,38,3,38, , , ,12,12, ,18, ,3,15, , ,1, , , , , , , , , ,3486,18, , , , , , ,1,296,220047056, , , , , , , ,18, , , , , , , , , , , , , , , , , , , , , , , , , , , , , , ,12, , ,6, , , , , , , , , , , , , , ,0, , , , , , , , , , , , , , , , , , , , , , , , , , , , , , 
2025-07-28 13:28:28.510 UTC, , ,0,0,0,0, , , , , , , , , , , , , , , , , , , , ,589,3209085,62432,336, ,9, ,44, , , , , , , , , ,9,9, , , ,4,3,11, ,70, , , , , , , , , , , , , , ,203292,7,201319,201319, , , , ,203347,35438518272,15,15,15,15, , , , , , , , , , , , , , , , , , , , , , , , , , , , , , , , ,203347, , , , ,1753709007896,,, , , , , , , , , , , , , , , , , , , , , ,1753709305715,1013, , , ,28,3145728,221958,6,6,1,6, , , ,12,12, ,18, ,3,15, , ,1, , , , , , , , , ,3486,18, , , , , , , , ,232629968, , , , , , , ,18, , , , , , , , , , , , , , , , , , , , , , , , , , , , , , ,12, , ,6, , , , , , , , , , , , , , ,0, , , , , , , , , , , , , , , , , , , , , , , , , , , , , , 
2025-07-28 13:29:28.513 UTC, , ,0,0,0,0, , , , , , , , , , , , , , , , , , , , ,589,3212373,65720,336, ,9, ,44, , , , , , , , , ,9,9, , , ,4,3,11, ,70, , , , , , , , , , , , , , ,203292,7,201319,201319, , , , ,203347,35438518272,15,15,15,15, , , , , , , , , , , , , , , , , , , , , , , , , , , , , , , , ,203347, , , , ,1753709007896,,, , , , , , , , , , , , , , , , , , , , , ,1753709365727,1043, , , ,28,3145728,225658,2,2,1,2, , , ,12,12, ,18, ,3,15, , ,1, , , , , , , , , ,3700,18, , , , , , , , ,270378704, , , , , , , ,18, , , , , , , , , , , , , , , , , , , , , , , , , , , , , , ,12, , ,6, , , , , , , , , , , , , , ,0, , , , , , , , , , , , , , , , , , , , , , , , , , , , , , 
2025-07-28 13:30:28.516 UTC, , ,0,0,0,0, , , , , , , , , , , , , , , , , , , , ,589,3215445,68792,336, ,9, ,44, , , , , , , , , ,9,9, , , ,4,3,11, ,70, , , , , , , , , , , , , , ,203292,7,201319,201319, , , , ,203347,35438518272,15,15,15,15, , , , , , , , , , , , , , , , , , , , , , , , , , , , , , , , ,203347, , , , ,1753709007896,,, , , , , , , , , , , , , , , , , , , , , ,1753709425752,1073, , , ,29,3145728,229144,2,2,1,2, , , ,12,12, ,18, ,3,15, , ,1, , , , , , , , , ,3486,18, , , , , , , , ,278767312, , , , , , , ,18, , , , , , , , , , , , , , , , , , , , , , , , , , , , , , ,12, , ,6, , , , , , , , , , , , , , ,0, , , , , , , , , , , , , , , , , , , , , , , , , , , , , , 
2025-07-28 13:31:28.521 UTC, , ,0,0,0,0, , , , , , , , , , , , , , , , , , , , ,589,3218517,71864,336, ,9, ,44, , , , , , , , , ,9,9, , , ,4,3,11, ,70, , , , , , , , , , , , , , ,203292,7,201319,201319, , , , ,203347,35438518272,15,15,15,15, , , , , , , , , , , , , , , , , , , , , , , , , , , , , , , , ,203347, , , , ,1753709007896,,, , , , , , , , , , , , , , , , , , , , , ,1753709485764,1103, , , ,29,3145728,232630,27,27,2,27, , , ,12,12, ,18, ,3,15, , ,1, , , , , , , , , ,3486,18, , , , , , , , ,366847696, , , , , , , ,18, , , , , , , , , , , , , , , , , , , , , , , , , , , , , , ,12, , ,6, , , , , , , , , , , , , , ,0, , , , , , , , , , , , , , , , , , , , , , , , , , , , , , 
2025-07-28 13:32:28.525 UTC, , ,0,0,0,0, , , , , , , , , , , , , , , , , , , , ,589,3223037,76384,336, ,9, ,47, , , , , , , , , ,9,9, , , ,4,3,11, ,70, , , , , , , , , , , , , , ,203292,7,201319,201319, , , , ,203347,35438518272,15,15,15,15, , , , , , , , , , , , , , , , , , , , , , , , , , , , , , , , ,203347, , , , ,1753709007896,,, , , , , , , , , , , , , , , , , , , , , ,1753709547778,1139, , , ,36,3145728,237606,14,14,2,14, , , ,15,15, ,21, ,3,18, , ,1, , , , , , , , , ,4976,21, , , , , , , , ,387819216, , , , , , , ,21, , , , , , , , , , , , , , , , , , , , , , , , , , , , , , ,15, , ,6, , , , , , , , , , , , , , ,0, , , , , , , , , , , , , , , , , , , , , , , , , , , , , , 
2025-07-28 13:33:28.535 UTC, , ,0,0,0,0, , , , , , , , , , , , , , , , , , , , ,589,3226109,79456,336, ,9, ,44, , , , , , , , , ,9,9, , , ,4,3,11, ,70, , , , , , , , , , , , , , ,203292,7,201319,201319, , , , ,203347,35438518272,15,15,15,15, , , , , , , , , , , , , , , , , , , , , , , , , , , , , , , , ,203347, , , , ,1753709007896,,, , , , , , , , , , , , , , , , , , , , , ,1753709606791,1170, , , ,33,3145728,241129,16,16,3,16, , , ,12,12, ,19, ,3,15, , ,1, , , , , , , , , ,3523,19, , , , , , , , ,513648336, , , , , , , ,18, , , , , , , , , , , , , , , , , , , , , , , , , , , , , , ,12, , ,6, , , , , , , , , , , , , , ,0, , , , , , , , , , , , , , , , , , , , , , , , , , , , , , 
2025-07-28 13:34:28.539 UTC, , ,0,0,0,0, , , , , , , , , , , , , , , , , , , , ,589,3228741,82088,336, ,10, ,45, , , , , , , , , ,10,9, , , ,6,3,11, ,70, , , , , , , , , , , , , , ,203292,7,201319,201319, , , , ,203347,35438518272,15,15,15,15, , , , , , , , , , , , , , , , , , , , , , , , , , , , , , , , ,203347, , , , ,1753709007896,,, , , , , , , , , , , , , , , , , , , , , ,1753709666810,1206, , , ,37,3145728,247046,3,3,1,3, , , ,12,12, ,24, ,3,15, , ,1, , , , , , , , , ,5917,24, , , , , , , , ,538814160, , , , , , , ,18, , , , , , , , , , , , , , , , , , , , , , , , , , , , , , ,12, , ,6, , , , , , , , , , , , , , ,0, , , , , , , , , , , , , , , , , , , , , , , , , , , , , , 
2025-07-28 13:35:28.546 UTC, , ,0,0,0,0, , , , , , , , , , , , , , , , , , , , ,589,3232205,85552,336, ,10, ,44, , , , , , , , , ,10,9, , , ,6,3,11, ,70, , , , , , , , , , , , , , ,203292,7,201319,201319, , , , ,203347,35438518272,15,15,15,15, , , , , , , , , , , , , , , , , , , , , , , , , , , , , , , , ,203347, , , , ,1753709007896,,, , , , , , , , , , , , , , , , , , , , , ,1753709726858,1242, , , ,37,3145728,250968,11,11,2,11, , , ,12,12, ,24, ,3,15, , ,1, , , , , , , , , ,3922,24, , , , , , ,1,57,214410808, , , , , , , ,18, , , , , , , , , , , , , , , , , , , , , , , , , , , , , , ,12, , ,6, , , , , , , , , , , , , , ,0, , , , , , , , , , , , , , , , , , , , , , , , , , , , , , 
2025-07-28 13:36:28.549 UTC, , ,0,0,0,0, , , , , , , , , , , , , , , , , , , , ,589,3234525,87872,336, ,10, ,44, , , , , , , , , ,10,9, , , ,6,3,11, ,70, , , , , , , , , , , , , , ,203292,7,201319,201319, , , , ,203347,35438518272,15,15,15,15, , , , , , , , , , , , , , , , , , , , , , , , , , , , , , , , ,203347, , , , ,1753709007896,,, , , , , , , , , , , , , , , , , , , , , ,1753709786894,1278, , , ,37,3145728,254676,21,21,4,21, , , ,12,12, ,24, ,3,15, , ,1, , , , , , , , , ,3708,24, , , , , , , , ,252159544, , , , , , , ,18, , , , , , , , , , , , , , , , , , , , , , , , , , , , , , ,12, , ,6, , , , , , , , , , , , , , ,0, , , , , , , , , , , , , , , , , , , , , , , , , , , , , , 
2025-07-28 13:37:28.552 UTC, , ,0,0,0,0, , , , , , , , , , , , , , , , , , , , ,589,3238069,91416,336, ,10, ,44, , , , , , , , , ,10,9, , , ,6,3,11, ,70, , , , , , , , , , , , , , ,203292,7,201319,201319, , , , ,203347,35438518272,15,15,15,15, , , , , , , , , , , , , , , , , , , , , , , , , , , , , , , , ,203347, , , , ,1753709007896,,, , , , , , , , , , , , , , , , , , , , , ,1753709846925,1314, , , ,37,3145728,258384,9,9,2,9, , , ,12,12, ,24, ,3,15, , ,1, , , , , , , , , ,3708,24, , , , , , , , ,268936760, , , , , , , ,18, , , , , , , , , , , , , , , , , , , , , , , , , , , , , , ,12, , ,6, , , , , , , , , , , , , , ,0, , , , , , , , , , , , , , , , , , , , , , , , , , , , , , 
2025-07-28 13:38:28.554 UTC, , ,0,0,0,0, , , , , , , , , , , , , , , , , , , , ,589,3240389,93736,336, ,10, ,44, , , , , , , , , ,10,9, , , ,6,3,11, ,70, , , , , , , , , , , , , , ,203292,7,201319,201319, , , , ,203347,35438518272,15,15,15,15, , , , , , , , , , , , , , , , , , , , , , , , , , , , , , , , ,203347, , , , ,1753709007896,,, , , , , , , , , , , , , , , , , , , , , ,1753709906942,1350, , , ,37,3145728,262092,3,3,1,3, , , ,12,12, ,24, ,3,14, , ,1, , , , , , , , , ,3708,24, , , , , , , , ,302491192, , , , , , , ,18, , , , , , , , , , , , , , , , , , , , , , , , , , , , , , ,12, , ,6, , , , , , , , , , , , , , ,0, , , , , , , , , , , , , , , , , , , , , , , , , , , , , , 
2025-07-28 13:39:28.556 UTC, , ,0,0,0,0, , , , , , , , , , , , , , , , , , , , ,589,3246021,99368,336, ,11, ,45, , , , , , , , , ,11,9, , , ,6,3,11, ,70, , , , , , , , , , , , , , ,203292,7,201319,201319, , , , ,203347,35438518272,15,15,15,15, , , , , , , , , , , , , , , , , , , , , , , , , , , , , , , , ,203347, , , , ,1753709007896,,, , , , , , , , , , , , , , , , , , , , , ,1753709966959,1386, , , ,37,3145728,268023,120,120,13,120, , , ,12,12, ,24, ,3,16, , ,1, , , , , , , , , ,5931,24, , , , , , , , ,336045624, , , , , , , ,18, , , , , , , , , , , , , , , , , , , , , , , , , , , , , , ,12, , ,6, , , , , , , , , , , , , , ,0, , , , , , , , , , , , , , , , , , , , , , , , , , , , , , 
2025-07-28 13:40:28.558 UTC, , ,0,0,0,0, , , , , , , , , , , , , , , , , , , , ,589,3249093,102440,336, ,11, ,44, , , , , , , , , ,11,9, , , ,6,3,11, ,70, , , , , , , , , , , , , , ,203292,7,201319,201319, , , , ,203347,35438518272,15,15,15,15, , , , , , , , , , , , , , , , , , , , , , , , , , , , , , , , ,203347, , , , ,1753709007896,,, , , , , , , , , , , , , , , , , , , , , ,1753710026974,1422, , , ,34,3145728,271731,9,9,2,9, , , ,12,12, ,24, ,3,15, , ,1, , , , , , , , , ,3708,24, , , , , , , , ,352822840, , , , , , , ,18, , , , , , , , , , , , , , , , , , , , , , , , , , , , , , ,12, , ,6, , , , , , , , , , , , , , ,0, , , , , , , , , , , , , , , , , , , , , , , , , , , , , , 
2025-07-28 13:41:28.561 UTC, , ,0,0,0,0, , , , , , , , , , , , , , , , , , , , ,589,3252189,105536,336, ,11, ,44, , , , , , , , , ,11,9, , , ,6,3,11, ,70, , , , , , , , , , , , , , ,203292,7,201319,201319, , , , ,203347,35438518272,15,15,15,15, , , , , , , , , , , , , , , , , , , , , , , , , , , , , , , , ,203347, , , , ,1753709007896,,, , , , , , , , , , , , , , , , , , , , , ,1753710086991,1458, , , ,34,3145728,275653,12,12,2,12, , , ,12,12, ,24, ,3,15, , ,1, , , , , , , , , ,3922,24, , , , , , , , ,386377272, , , , , , , ,18, , , , , , , , , , , , , , , , , , , , , , , , , , , , , , ,12, , ,6, , , , , , , , , , , , , , ,0, , , , , , , , , , , , , , , , , , , , , , , , , , , , , , 
2025-07-28 13:42:28.568 UTC, , ,0,0,0,0, , , , , , , , , , , , , , , , , , , , ,589,3255261,108608,336, ,11, ,44, , , , , , , , , ,11,9, , , ,6,3,11, ,70, , , , , , , , , , , , , , ,203292,7,201319,201319, , , , ,203347,35438518272,15,15,15,15, , , , , , , , , , , , , , , , , , , , , , , , , , , , , , , , ,203347, , , , ,1753709007896,,, , , , , , , , , , , , , , , , , , , , , ,1753710147015,1494, , , ,34,3145728,279361,3,3,1,3, , , ,12,12, ,24, ,3,15, , ,1, , , , , , , , , ,3708,24, , , , , , , , ,470263352,1, , , , , , ,18, , , , , , , , , , , , , , , , , , , , , , , , , , , , , , ,12, , ,6, , , , , , , , , , , , , , ,0, , , , , , , , , , , , , , , , , , , , , , , , , , , , , , 
2025-07-28 13:43:28.571 UTC, , ,0,0,0,0, , , , , , , , , , , , , , , , , , , , ,589,3258333,111680,336, ,11, ,44, , , , , , , , , ,11,9, , , ,6,3,11, ,70, , , , , , , , , , , , , , ,203292,7,201319,201319, , , , ,203347,35438518272,15,15,15,15, , , , , , , , , , , , , , , , , , , , , , , , , , , , , , , , ,203347, , , , ,1753709007896,,, , , , , , , , , , , , , , , , , , , , , ,1753710207034,1530, , , ,34,3145728,283069,21,21,3,21, , , ,12,12, ,24, ,3,15, , ,1, , , , , , , , , ,3708,24, , , , , , , , ,491234872, , , , , , , ,18, , , , , , , , , , , , , , , , , , , , , , , , , , , , , , ,12, , ,6, , , , , , , , , , , , , , ,0, , , , , , , , , , , , , , , , , , , , , , , , , , , , , , 
2025-07-28 13:44:28.572 UTC, , ,0,0,0,0, , , , , , , , , , , , , , , , , , , , ,589,3261405,114752,336, ,11, ,44, , , , , , , , , ,11,9, , , ,6,3,11, ,70, , , , , , , , , , , , , , ,203292,7,201319,201319, , , , ,203347,35438518272,15,15,15,15, , , , , , , , , , , , , , , , , , , , , , , , , , , , , , , , ,203347, , , , ,1753709007896,,, , , , , , , , , , , , , , , , , , , , , ,1753710267073,1566, , , ,34,3145728,286777,97,97,13,97, , , ,12,12, ,24, ,3,15, , ,1, , , , , , , , , ,3708,24, , , , , , , , ,524789304, , , , , , , ,18, , , , , , , , , , , , , , , , , , , , , , , , , , , , , , ,12, , ,6, , , , , , , , , , , , , , ,0, , , , , , , , , , , , , , , , , , , , , , , , , , , , , , 
2025-07-28 13:45:28.575 UTC, , ,0,0,0,0, , , , , , , , , , , , , , , , , , , , ,589,3264477,117824,336, ,11, ,44, , , , , , , , , ,11,9, , , ,6,3,11, ,70, , , , , , , , , , , , , , ,203292,7,201319,201319, , , , ,203347,35438518272,15,15,15,15, , , , , , , , , , , , , , , , , , , , , , , , , , , , , , , , ,203347, , , , ,1753709007896,,, , , , , , , , , , , , , , , , , , , , , ,1753710327098,1602, , , ,34,3145728,290485,3,3,1,3, , , ,12,12, ,24, ,3,15, , ,1, , , , , , , , , ,3708,24, , , , , , , , ,558343736, , , , , , , ,18, , , , , , , , , , , , , , , , , , , , , , , , , , , , , , ,12, , ,6, , , , , , , , , , , , , , ,0, , , , , , , , , , , , , , , , , , , , , , , , , , , , , , 
2025-07-28 13:46:28.581 UTC, , ,0,0,0,0, , , , , , , , , , , , , , , , , , , , ,589,3267549,120896,336, ,11, ,44, , , , , , , , , ,11,9, , , ,6,3,11, ,70, , , , , , , , , , , , , , ,203292,7,201319,201319, , , , ,203347,35438518272,15,15,15,15, , , , , , , , , , , , , , , , , , , , , , , , , , , , , , , , ,203347, , , , ,1753709007896,,, , , , , , , , , , , , , , , , , , , , , ,1753710387115,1638, , , ,34,3145728,294193,4,4,1,4, , , ,12,12, ,24, ,3,15, , ,1, , , , , , , , , ,3708,25, , , , , , , , ,579315256, , , , , , , ,18, , , , , , , , , , , , , , , , , , , , , , , , , , , , , , ,12, , ,6, , , , , , , , , , , , , , ,0, , , , , , , , , , , , , , , , , , , , , , , , , , , , , , 
2025-07-28 13:47:28.587 UTC, , ,0,0,0,0, , , , , , , , , , , , , , , , , , , , ,589,3270837,124184,336, ,11, ,44, , , , , , , , , ,11,9, , , ,6,3,11, ,70, , , , , , , , , , , , , , ,203292,7,201319,201319, , , , ,203347,35438518272,15,15,15,15, , , , , , , , , , , , , , , , , , , , , , , , , , , , , , , , ,203347, , , , ,1753709007896,,, , , , , , , , , , , , , , , , , , , , , ,1753710447131,1674, , , ,34,3145728,298115,4,4,1,4, , , ,12,12, ,24, ,3,15, , ,1, , , , , , , , , ,3922,24, , , , , , ,1,53,435620408, , , , , , , ,18, , , , , , , , , , , , , , , , , , , , , , , , , , , , , , ,12, , ,6, , , , , , , , , , , , , , ,0, , , , , , , , , , , , , , , , , , , , , , , , , , , , , , 
2025-07-28 13:48:28.589 UTC, , ,0,0,0,0, , , , , , , , , , , , , , , , , , , , ,589,3273909,127256,336, ,11, ,44, , , , , , , , , ,11,9, , , ,6,3,11, ,70, , , , , , , , , , , , , , ,203292,7,201319,201319, , , , ,203347,35438518272,15,15,15,15, , , , , , , , , , , , , , , , , , , , , , , , , , , , , , , , ,203347, , , , ,1753709007896,,, , , , , , , , , , , , , , , , , , , , , ,1753710507147,1710, , , ,34,3145728,301823,4,4,2,4, , , ,12,12, ,24, ,3,15, , ,1, , , , , , , , , ,3708,24, , , , , , , , ,473369144, , , , , , , ,18, , , , , , , , , , , , , , , , , , , , , , , , , , , , , , ,12, , ,6, , , , , , , , , , , , , , ,0, , , , , , , , , , , , , , , , , , , , , , , , , , , , , , 
2025-07-28 13:49:28.593 UTC, , ,0,0,0,0, , , , , , , , , , , , , , , , , , , , ,589,3276981,130328,336, ,11, ,44, , , , , , , , , ,11,9, , , ,6,3,11, ,70, , , , , , , , , , , , , , ,203292,7,201319,201319, , , , ,203347,35438518272,15,15,15,15, , , , , , , , , , , , , , , , , , , , , , , , , , , , , , , , ,203347, , , , ,1753709007896,,, , , , , , , , , , , , , , , , , , , , , ,1753710567166,1746, , , ,35,3145728,305531,5,5,2,5, , , ,12,12, ,24, ,3,15, , ,1, , , , , , , , , ,3708,24, , , , , , , , ,490146360, , , , , , , ,18, , , , , , , , , , , , , , , , , , , , , , , , , , , , , , ,12, , ,6, , , , , , , , , , , , , , ,0, , , , , , , , , , , , , , , , , , , , , , , , , , , , , , 
2025-07-28 13:50:28.594 UTC, , ,0,0,0,0, , , , , , , , , , , , , , , , , , , , ,589,3279941,133288,336, ,12, ,45, , , , , , , , , ,12,9, , , ,7,3,11, ,70, , , , , , , , , , , , , , ,203292,7,201319,201319, , , , ,203347,35438518272,15,15,15,15, , , , , , , , , , , , , , , , , , , , , , , , , , , , , , , , ,203347, , , , ,1753709007896,,, , , , , , , , , , , , , , , , , , , , , ,1753710627182,1782, , , ,35,3145728,311474,4,4,2,4, , , ,12,12, ,24, ,3,15, , ,1, , , , , , , , , ,5943,24, , , , , , , , ,506923576, , , , , , , ,18, , , , , , , , , , , , , , , , , , , , , , , , , , , , , , ,12, , ,6, , , , , , , , , , , , , , ,0, , , , , , , , , , , , , , , , , , , , , , , , , , , , , , 
2025-07-28 13:51:28.600 UTC, , ,0,0,0,0, , , , , , , , , , , , , , , , , , , , ,589,3283013,136360,336, ,12, ,44, , , , , , , , , ,12,9, , , ,7,3,11, ,70, , , , , , , , , , , , , , ,203292,7,201319,201319, , , , ,203347,35438518272,15,15,15,15, , , , , , , , , , , , , , , , , , , , , , , , , , , , , , , , ,203347, , , , ,1753709007896,,, , , , , , , , , , , , , , , , , , , , , ,1753710687197,1818, , , ,35,3145728,315182,8,8,2,8, , , ,12,12, ,24, ,3,15, , ,1, , , , , , , , , ,3708,24, , , , , , , , ,523700792, , , , , , , ,18, , , , , , , , , , , , , , , , , , , , , , , , , , , , , , ,12, , ,6, , , , , , , , , , , , , , ,0, , , , , , , , , , , , , , , , , , , , , , , , , , , , , , 
2025-07-28 13:52:28.604 UTC, , ,0,0,0,0, , , , , , , , , , , , , , , , , , , , ,589,3286301,139648,336, ,12, ,44, , , , , , , , , ,12,9, , , ,7,3,11, ,70, , , , , , , , , , , , , , ,203292,7,201319,201319, , , , ,203347,35438518272,15,15,15,15, , , , , , , , , , , , , , , , , , , , , , , , , , , , , , , , ,203347, , , , ,1753709007896,,, , , , , , , , , , , , , , , , , , , , , ,1753710747214,1854, , , ,35,3145728,319104,12,12,2,12, , , ,12,12, ,24, ,3,15, , ,1, , , , , , , , , ,3922,24, , , , , , , , ,544672312, , , , , , , ,18, , , , , , , , , , , , , , , , , , , , , , , , , , , , , , ,12, , ,6, , , , , , , , , , , , , , ,0, , , , , , , , , , , , , , , , , , , , , , , , , , , , , , 
2025-07-28 13:53:28.608 UTC, , ,0,0,0,0, , , , , , , , , , , , , , , , , , , , ,589,3289373,142720,336, ,12, ,44, , , , , , , , , ,12,9, , , ,7,3,11, ,70, , , , , , , , , , , , , , ,203292,7,201319,201319, , , , ,203347,35438518272,15,15,15,15, , , , , , , , , , , , , , , , , , , , , , , , , , , , , , , , ,203347, , , , ,1753709007896,,, , , , , , , , , , , , , , , , , , , , , ,1753710807231,1890, , , ,35,3145728,322812,4,4,2,4, , , ,12,12, ,24, ,3,15, , ,1, , , , , , , , , ,3708,24, , , , , , , , ,557255224, , , , , , , ,18, , , , , , , , , , , , , , , , , , , , , , , , , , , , , , ,12, , ,6, , , , , , , , , , , , , , ,0, , , , , , , , , , , , , , , , , , , , , , , , , , , , , , 
2025-07-28 13:54:28.609 UTC, , ,0,0,0,0, , , , , , , , , , , , , , , , , , , , ,589,3292445,145792,336, ,12, ,44, , , , , , , , , ,12,9, , , ,7,3,11, ,70, , , , , , , , , , , , , , ,203292,7,201319,201319, , , , ,203347,35438518272,15,15,15,15, , , , , , , , , , , , , , , , , , , , , , , , , , , , , , , , ,203347, , , , ,1753709007896,,, , , , , , , , , , , , , , , , , , , , , ,1753710867246,1926, , , ,35,3145728,326520,7,7,2,7, , , ,12,12, ,24, ,3,15, , ,1, , , , , , , , , ,3708,24, , , , , , , , ,590809656, , , , , , , ,18, , , , , , , , , , , , , , , , , , , , , , , , , , , , , , ,12, , ,6, , , , , , , , , , , , , , ,0, , , , , , , , , , , , , , , , , , , , , , , , , , , , , , 
2025-07-28 13:55:28.611 UTC, , ,0,0,0,0, , , , , , , , , , , , , , , , , , , , ,589,3295517,148864,336, ,12, ,44, , , , , , , , , ,12,9, , , ,7,3,11, ,70, , , , , , , , , , , , , , ,203292,7,201319,201319, , , , ,203347,35438518272,15,15,15,15, , , , , , , , , , , , , , , , , , , , , , , , , , , , , , , , ,203347, , , , ,1753709007896,,, , , , , , , , , , , , , , , , , , , , , ,1753710927265,1962, , , ,35,3145728,330228,3,3,2,3, , , ,12,12, ,24, ,3,15, , ,1, , , , , , , , , ,3708,24, , , , , , , , ,607586872, , , , , , , ,18, , , , , , , , , , , , , , , , , , , , , , , , , , , , , , ,12, , ,6, , , , , , , , , , , , , , ,0, , , , , , , , , , , , , , , , , , , , , , , , , , , , , , 
2025-07-28 13:56:28.617 UTC, , ,0,0,0,0, , , , , , , , , , , , , , , , , , , , ,589,3298589,151936,336, ,12, ,44, , , , , , , , , ,12,9, , , ,7,3,11, ,70, , , , , , , , , , , , , , ,203292,7,201319,201319, , , , ,203347,35438518272,15,15,15,15, , , , , , , , , , , , , , , , , , , , , , , , , , , , , , , , ,203347, , , , ,1753709007896,,, , , , , , , , , , , , , , , , , , , , , ,1753710987287,1998, , , ,35,3145728,333936,3,3,1,3, , , ,12,12, ,24, ,3,15, , ,1, , , , , , , , , ,3708,24, , , , , , , , ,620169784, , , , , , , ,18, , , , , , , , , , , , , , , , , , , , , , , , , , , , , , ,12, , ,6, , , , , , , , , , , , , , ,0, , , , , , , , , , , , , , , , , , , , , , , , , , , , , , 
2025-07-28 13:57:28.625 UTC, , ,0,0,0,0, , , , , , , , , , , , , , , , , , , , ,589,3301661,155008,336, ,12, ,44, , , , , , , , , ,12,9, , , ,7,3,11, ,70, , , , , , , , , , , , , , ,203292,7,201319,201319, , , , ,203347,35438518272,15,15,15,15, , , , , , , , , , , , , , , , , , , , , , , , , , , , , , , , ,203347, , , , ,1753709007896,,, , , , , , , , , , , , , , , , , , , , , ,1753711047305,2034, , , ,35,3145728,337644,3,3,2,3, , , ,12,12, ,24, ,3,15, , ,1, , , , , , , , , ,3708,24, , , , , , , , ,771164728, , , , , , , ,18, , , , , , , , , , , , , , , , , , , , , , , , , , , , , , ,12, , ,6, , , , , , , , , , , , , , ,0, , , , , , , , , , , , , , , , , , , , , , , , , , , , , , 
2025-07-28 13:58:28.629 UTC, , ,0,0,0,0, , , , , , , , , , , , , , , , , , , , ,589,3304949,158296,336, ,12, ,44, , , , , , , , , ,12,9, , , ,7,3,11, ,70, , , , , , , , , , , , , , ,203292,7,201319,201319, , , , ,203347,35438518272,15,15,15,15, , , , , , , , , , , , , , , , , , , , , , , , , , , , , , , , ,203347, , , , ,1753709007896,,, , , , , , , , , , , , , , , , , , , , , ,1753711107320,2070, , , ,35,3145728,341566,3,3,1,3, , , ,12,12, ,24, ,3,15, , ,1, , , , , , , , , ,3922,24, , , , , , , , ,792136248, , , , , , , ,18, , , , , , , , , , , , , , , , , , , , , , , , , , , , , , ,12, , ,6, , , , , , , , , , , , , , ,0, , , , , , , , , , , , , , , , , , , , , , , , , , , , , , 
2025-07-28 13:59:28.633 UTC, , ,0,0,0,0, , , , , , , , , , , , , , , , , , , , ,589,3308021,161368,336, ,12, ,44, , , , , , , , , ,12,9, , , ,7,3,11, ,70, , , , , , , , , , , , , , ,203292,7,201319,201319, , , , ,203347,35438518272,15,15,15,15, , , , , , , , , , , , , , , , , , , , , , , , , , , , , , , , ,203347, , , , ,1753709007896,,, , , , , , , , , , , , , , , , , , , , , ,1753711167342,2106, , , ,35,3145728,345274,3,3,1,3, , , ,12,12, ,24, ,3,15, , ,1, , , , , , , , , ,3708,24, , , , , , , , ,808913464, , , , , , , ,18, , , , , , , , , , , , , , , , , , , , , , , , , , , , , , ,12, , ,6, , , , , , , , , , , , , , ,0, , , , , , , , , , , , , , , , , , , , , , , , , , , , , , 
2025-07-28 14:00:28.638 UTC, , ,0,0,0,0, , , , , , , , , , , , , , , , , , , , ,589,3310517,163864,336, ,13, ,45, , , , , , , , , ,13,9, , , ,8,3,11, ,70, , , , , , , , , , , , , , ,203292,7,201319,201319, , , , ,203347,35438518272,15,15,15,15, , , , , , , , , , , , , , , , , , , , , , , , , , , , , , , , ,203347, , , , ,1753709007896,,, , , , , , , , , , , , , , , , , , , , , ,1753711227364,2142, , , ,35,3145728,351231,13,13,2,13, , , ,12,12, ,24, ,3,15, , ,1, , , , , , , , , ,5957,24, , , , , , , , ,821496376, , , , , , , ,18, , , , , , , , , , , , , , , , , , , , , , , , , , , , , , ,12, , ,6, , , , , , , , , , , , , , ,0, , , , , , , , , , , , , , , , , , , , , , , , , , , , , , 
2025-07-28 14:01:28.642 UTC, , ,0,0,0,0, , , , , , , , , , , , , , , , , , , , ,589,3313733,167080,336, ,13, ,44, , , , , , , , , ,13,9, , , ,8,3,10, ,70, , , , , , , , , , , , , , ,203292,7,201319,201319, , , , ,203347,35438518272,15,15,15,15, , , , , , , , , , , , , , , , , , , , , , , , , , , , , , , , ,203347, , , , ,1753709007896,,, , , , , , , , , , , , , , , , , , , , , ,1753711287379,2178, , , ,35,3145728,354939,4,4,1,4, , , ,12,12, ,24, ,3,15, , ,1, , , , , , , , , ,3708,24, , , , , , , , ,838273592, , , , , , , ,18, , , , , , , , , , , , , , , , , , , , , , , , , , , , , , ,12, , ,6, , , , , , , , , , , , , , ,0, , , , , , , , , , , , , , , , , , , , , , , , , , , , , , 
2025-07-28 14:02:28.644 UTC, , ,0,0,0,0, , , , , , , , , , , , , , , , , , , , ,589,3316805,170152,336, ,13, ,44, , , , , , , , , ,13,9, , , ,8,3,10, ,70, , , , , , , , , , , , , , ,203292,7,201319,201319, , , , ,203347,35438518272,15,15,15,15, , , , , , , , , , , , , , , , , , , , , , , , , , , , , , , , ,203347, , , , ,1753709007896,,, , , , , , , , , , , , , , , , , , , , , ,1753711347402,2214, , , ,35,3145728,358647,2,2,1,2, , , ,12,12, ,24, ,3,15, , ,1, , , , , , , , , ,3708,24, , , , , , , , ,855050808, , , , , , , ,18, , , , , , , , , , , , , , , , , , , , , , , , , , , , , , ,12, , ,6, , , , , , , , , , , , , , ,0, , , , , , , , , , , , , , , , , , , , , , , , , , , , , , 
2025-07-28 14:03:28.645 UTC, , ,0,0,0,0, , , , , , , , , , , , , , , , , , , , ,589,3320925,174272,336, ,13, ,44, , , , , , , , , ,13,9, , , ,8,3,10, ,70, , , , , , , , , , , , , , ,203292,7,201319,201319, , , , ,203347,35438518272,15,15,15,15, , , , , , , , , , , , , , , , , , , , , , , , , , , , , , , , ,203347, , , , ,1753709007896,,, , , , , , , , , , , , , , , , , , , , , ,1753711407424,2250, , , ,35,3145728,362569,3,3,1,3, , , ,12,12, ,24, ,3,15, , ,1, , , , , , , , , ,3922,24, , , , , , , , ,871828024, , , , , , , ,18, , , , , , , , , , , , , , , , , , , , , , , , , , , , , , ,12, , ,6, , , , , , , , , , , , , , ,0, , , , , , , , , , , , , , , , , , , , , , , , , , , , , , 
2025-07-28 14:04:28.646 UTC, , ,0,0,0,0, , , , , , , , , , , , , , , , , , , , ,589,3323997,177344,336, ,13, ,44, , , , , , , , , ,13,9, , , ,8,3,10, ,70, , , , , , , , , , , , , , ,203292,7,201319,201319, , , , ,203347,35438518272,15,15,15,15, , , , , , , , , , , , , , , , , , , , , , , , , , , , , , , , ,203347, , , , ,1753709007896,,, , , , , , , , , , , , , , , , , , , , , ,1753711467442,2286, , , ,35,3145728,366277,6,6,2,6, , , ,12,12, ,24, ,3,15, , ,1, , , , , , , , , ,3708,24, , , , , , , , ,892799544, , , , , , , ,18, , , , , , , , , , , , , , , , , , , , , , , , , , , , , , ,12, , ,6, , , , , , , , , , , , , , ,0, , , , , , , , , , , , , , , , , , , , , , , , , , , , , , 
2025-07-28 14:05:28.648 UTC, , ,0,0,0,0, , , , , , , , , , , , , , , , , , , , ,589,3327069,180416,336, ,13, ,44, , , , , , , , , ,13,9, , , ,8,3,10, ,70, , , , , , , , , , , , , , ,203292,7,201319,201319, , , , ,203347,35438518272,15,15,15,15, , , , , , , , , , , , , , , , , , , , , , , , , , , , , , , , ,203347, , , , ,1753709007896,,, , , , , , , , , , , , , , , , , , , , , ,1753711527464,2322, , , ,35,3145728,369985,18,18,3,18, , , ,12,12, ,24, ,3,15, , ,1, , , , , , , , , ,3708,24, , , , , , , , ,905382456, , , , , , , ,18, , , , , , , , , , , , , , , , , , , , , , , , , , , , , , ,12, , ,6, , , , , , , , , , , , , , ,0, , , , , , , , , , , , , , , , , , , , , , , , , , , , , , 
2025-07-28 14:06:28.651 UTC, , ,0,0,0,0, , , , , , , , , , , , , , , , , , , , ,589,3330141,183488,336, ,13, ,44, , , , , , , , , ,13,9, , , ,8,3,10, ,70, , , , , , , , , , , , , , ,203292,7,201319,201319, , , , ,203347,35438518272,15,15,15,15, , , , , , , , , , , , , , , , , , , , , , , , , , , , , , , , ,203347, , , , ,1753709007896,,, , , , , , , , , , , , , , , , , , , , , ,1753711587484,2358, , , ,35,3145728,373693,4,4,2,4, , , ,12,12, ,24, ,3,15, , ,1, , , , , , , , , ,3708,24, , , , , , , , ,926353976, , , , , , , ,18, , , , , , , , , , , , , , , , , , , , , , , , , , , , , , ,12, , ,6, , , , , , , , , , , , , , ,0, , , , , , , , , , , , , , , , , , , , , , , , , , , , , , 
2025-07-28 14:07:28.653 UTC, , ,0,0,0,0, , , , , , , , , , , , , , , , , , , , ,589,3333213,186560,336, ,13, ,44, , , , , , , , , ,13,9, , , ,8,3,10, ,70, , , , , , , , , , , , , , ,203292,7,201319,201319, , , , ,203347,35438518272,15,15,15,15, , , , , , , , , , , , , , , , , , , , , , , , , , , , , , , , ,203347, , , , ,1753709007896,,, , , , , , , , , , , , , , , , , , , , , ,1753711647503,2394, , , ,35,3145728,377401,4,4,1,4, , , ,12,12, ,24, ,3,15, , ,1, , , , , , , , , ,3708,24, , , , , , , , ,1068960312, , , , , , , ,18, , , , , , , , , , , , , , , , , , , , , , , , , , , , , , ,12, , ,6, , , , , , , , , , , , , , ,0, , , , , , , , , , , , , , , , , , , , , , , , , , , , , , 
2025-07-28 14:08:28.653 UTC, , ,0,0,0,0, , , , , , , , , , , , , , , , , , , , ,589,3336285,189632,336, ,13, ,44, , , , , , , , , ,13,9, , , ,8,3,10, ,70, , , , , , , , , , , , , , ,203292,7,201319,201319, , , , ,203347,35438518272,15,15,15,15, , , , , , , , , , , , , , , , , , , , , , , , , , , , , , , , ,203347, , , , ,1753709007896,,, , , , , , , , , , , , , , , , , , , , , ,1753711708521,2430, , , ,32,3145728,381109,3,3,1,3, , , ,12,12, ,24, ,3,15, , ,1, , , , , , , , , ,3708,24, , , , , , , , ,1089931832, , , , , , , ,18, , , , , , , , , , , , , , , , , , , , , , , , , , , , , , ,12, , ,6, , , , , , , , , , , , , , ,0, , , , , , , , , , , , , , , , , , , , , , , , , , , , , , 
2025-07-28 14:09:28.654 UTC, , ,0,0,0,0, , , , , , , , , , , , , , , , , , , , ,589,3339573,192920,336, ,13, ,44, , , , , , , , , ,13,9, , , ,8,3,10, ,70, , , , , , , , , , , , , , ,203292,7,201319,201319, , , , ,203347,35438518272,15,15,15,15, , , , , , , , , , , , , , , , , , , , , , , , , , , , , , , , ,203347, , , , ,1753709007896,,, , , , , , , , , , , , , , , , , , , , , ,1753711768539,2466, , , ,32,3145728,385031,3,3,1,3, , , ,12,12, ,24, ,3,15, , ,1, , , , , , , , , ,3922,24, , , , , , , , ,1102514744, , , , , , , ,18, , , , , , , , , , , , , , , , , , , , , , , , , , , , , , ,12, , ,6, , , , , , , , , , , , , , ,0, , , , , , , , , , , , , , , , , , , , , , , , , , , , , , 
2025-07-28 14:10:28.658 UTC, , ,0,0,0,0, , , , , , , , , , , , , , , , , , , , ,589,3342645,195992,336, ,13, ,44, , , , , , , , , ,13,9, , , ,8,3,10, ,70, , , , , , , , , , , , , , ,203292,7,201319,201319, , , , ,203347,35438518272,15,15,15,15, , , , , , , , , , , , , , , , , , , , , , , , , , , , , , , , ,203347, , , , ,1753709007896,,, , , , , , , , , , , , , , , , , , , , , ,1753711828558,2502, , , ,32,3145728,388739,31,31,3,31, , , ,12,12, ,24, ,3,15, , ,1, , , , , , , , , ,3708,24, , , , , , , , ,1115097656, , , , , , , ,18, , , , , , , , , , , , , , , , , , , , , , , , , , , , , , ,12, , ,6, , , , , , , , , , , , , , ,0, , , , , , , , , , , , , , , , , , , , , , , , , , , , , , 
2025-07-28 14:11:28.659 UTC, , ,0,0,0,0, , , , , , , , , , , , , , , , , , , , ,589,3345605,198952,336, ,14, ,45, , , , , , , , , ,14,9, , , ,9,3,10, ,70, , , , , , , , , , , , , , ,203292,7,201319,201319, , , , ,203347,35438518272,15,15,15,15, , , , , , , , , , , , , , , , , , , , , , , , , , , , , , , , ,203347, , , , ,1753709007896,,, , , , , , , , , , , , , , , , , , , , , ,1753711888584,2538, , , ,32,3145728,394710,3,3,1,3, , , ,12,12, ,24, ,3,15, , ,1, , , , , , , , , ,5971,24, , , , , , , , ,1136069176, , , , , , , ,18, , , , , , , , , , , , , , , , , , , , , , , , , , , , , , ,12, , ,6, , , , , , , , , , , , , , ,0, , , , , , , , , , , , , , , , , , , , , , , , , , , , , , 
2025-07-28 14:12:28.660 UTC, , ,0,0,0,0, , , , , , , , , , , , , , , , , , , , ,589,3348677,202024,336, ,14, ,44, , , , , , , , , ,14,9, , , ,9,3,10, ,70, , , , , , , , , , , , , , ,203292,7,201319,201319, , , , ,203347,35438518272,15,15,15,15, , , , , , , , , , , , , , , , , , , , , , , , , , , , , , , , ,203347, , , , ,1753709007896,,, , , , , , , , , , , , , , , , , , , , , ,1753711948601,2574, , , ,32,3145728,398418,3,3,1,3, , , ,12,12, ,24, ,3,15, , ,1, , , , , , , , , ,3708,24, , , , , , , , ,1148652088, , , , , , , ,18, , , , , , , , , , , , , , , , , , , , , , , , , , , , , , ,12, , ,6, , , , , , , , , , , , , , ,0, , , , , , , , , , , , , , , , , , , , , , , , , , , , , , 
2025-07-28 14:13:28.664 UTC, , ,0,0,0,0, , , , , , , , , , , , , , , , , , , , ,589,3351749,205096,336, ,14, ,44, , , , , , , , , ,14,9, , , ,9,3,10, ,70, , , , , , , , , , , , , , ,203292,7,201319,201319, , , , ,203347,35438518272,15,15,15,15, , , , , , , , , , , , , , , , , , , , , , , , , , , , , , , , ,203347, , , , ,1753709007896,,, , , , , , , , , , , , , , , , , , , , , ,1753712008620,2610, , , ,32,3145728,402126,2,2,1,2, , , ,12,12, ,24, ,3,15, , ,1, , , , , , , , , ,3708,24, , , , , , , , ,1169623608, , , , , , , ,18, , , , , , , , , , , , , , , , , , , , , , , , , , , , , , ,12, , ,6, , , , , , , , , , , , , , ,0, , , , , , , , , , , , , , , , , , , , , , , , , , , , , , 
2025-07-28 14:14:28.669 UTC, , ,0,0,0,0, , , , , , , , , , , , , , , , , , , , ,589,3354821,208168,336, ,14, ,44, , , , , , , , , ,14,9, , , ,9,3,10, ,70, , , , , , , , , , , , , , ,203292,7,201319,201319, , , , ,203347,35438518272,15,15,15,15, , , , , , , , , , , , , , , , , , , , , , , , , , , , , , , , ,203347, , , , ,1753709007896,,, , , , , , , , , , , , , , , , , , , , , ,1753712068637,2646, , , ,32,3145728,405834,3,3,1,3, , , ,12,12, ,24, ,3,15, , ,1, , , , , , , , , ,3708,24, , , , , , , , ,1186400824, , , , , , , ,18, , , , , , , , , , , , , , , , , , , , , , , , , , , , , , ,12, , ,6, , , , , , , , , , , , , , ,0, , , , , , , , , , , , , , , , , , , , , , , , , , , , , , 
2025-07-28 14:15:28.672 UTC, , ,0,0,0,0, , , , , , , , , , , , , , , , , , , , ,589,3358109,211456,336, ,14, ,44, , , , , , , , , ,14,9, , , ,9,3,10, ,70, , , , , , , , , , , , , , ,203292,7,201319,201319, , , , ,203347,35438518272,15,15,15,15, , , , , , , , , , , , , , , , , , , , , , , , , , , , , , , , ,203347, , , , ,1753709007896,,, , , , , , , , , , , , , , , , , , , , , ,1753712128655,2682, , , ,33,3145728,409756,4,4,1,4, , , ,12,12, ,24, ,3,15, , ,1, , , , , , , , , ,3922,24, , , , , , , , ,1203178040, , , , , , , ,18, , , , , , , , , , , , , , , , , , , , , , , , , , , , , , ,12, , ,6, , , , , , , , , , , , , , ,0, , , , , , , , , , , , , , , , , , , , , , , , , , , , , , 
2025-07-28 14:16:28.674 UTC, , ,0,0,0,0, , , , , , , , , , , , , , , , , , , , ,589,3361181,214528,336, ,14, ,44, , , , , , , , , ,14,9, , , ,9,3,10, ,70, , , , , , , , , , , , , , ,203292,7,201319,201319, , , , ,203347,35438518272,15,15,15,15, , , , , , , , , , , , , , , , , , , , , , , , , , , , , , , , ,203347, , , , ,1753709007896,,, , , , , , , , , , , , , , , , , , , , , ,1753712188669,2718, , , ,33,3145728,413464,2,2,1,2, , , ,12,12, ,24, ,3,15, , ,1, , , , , , , , , ,3708,24, , , , , , , , ,1215760952, , , , , , , ,18, , , , , , , , , , , , , , , , , , , , , , , , , , , , , , ,12, , ,6, , , , , , , , , , , , , , ,0, , , , , , , , , , , , , , , , , , , , , , , , , , , , , , 
2025-07-28 14:17:28.676 UTC, , ,0,0,0,0, , , , , , , , , , , , , , , , , , , , ,589,3364253,217600,336, ,14, ,44, , , , , , , , , ,14,9, , , ,9,3,10, ,70, , , , , , , , , , , , , , ,203292,7,201319,201319, , , , ,203347,35438518272,15,15,15,15, , , , , , , , , , , , , , , , , , , , , , , , , , , , , , , , ,203347, , , , ,1753709007896,,, , , , , , , , , , , , , , , , , , , , , ,1753712244911,2753, , , ,40,3145728,417132,11,11,1,11, , , ,12,12, ,23, ,3,15, , ,1, , , , , , , , , ,3671,23, , , , , , , , ,1362561592, , , , , , , ,18, , , , , , , , , , , , , , , , , , , , , , , , , , , , , , ,12, , ,6, , , , , , , , , , , , , , ,0, , , , , , , , , , , , , , , , , , , , , , , , , , , , , , 
2025-07-28 14:18:28.678 UTC, , ,0,0,0,0, , , , , , , , , , , , , , , , , , , , ,589,3367325,220672,336, ,14, ,44, , , , , , , , , ,14,9, , , ,9,3,10, ,70, , , , , , , , , , , , , , ,203292,7,201319,201319, , , , ,203347,35438518272,15,15,15,15, , , , , , , , , , , , , , , , , , , , , , , , , , , , , , , , ,203347, , , , ,1753709007896,,, , , , , , , , , , , , , , , , , , , , , ,1753712304954,2789, , , ,40,3145728,420840,3,3,1,3, , , ,12,12, ,24, ,3,15, , ,1, , , , , , , , , ,3708,24, , , , , , , , ,1375144504, , , , , , , ,18, , , , , , , , , , , , , , , , , , , , , , , , , , , , , , ,12, , ,6, , , , , , , , , , , , , , ,0, , , , , , , , , , , , , , , , , , , , , , , , , , , , , , 
2025-07-28 14:19:28.682 UTC, , ,0,0,0,0, , , , , , , , , , , , , , , , , , , , ,589,3370397,223744,336, ,14, ,44, , , , , , , , , ,14,9, , , ,9,3,10, ,70, , , , , , , , , , , , , , ,203292,7,201319,201319, , , , ,203347,35438518272,15,15,15,15, , , , , , , , , , , , , , , , , , , , , , , , , , , , , , , , ,203347, , , , ,1753709007896,,, , , , , , , , , , , , , , , , , , , , , ,1753712364994,2825, , , ,40,3145728,424548,3,3,1,3, , , ,12,12, ,24, ,3,15, , ,1, , , , , , , , , ,3708,24, , , , , , , , ,1396116024, , , , , , , ,18, , , , , , , , , , , , , , , , , , , , , , , , , , , , , , ,12, , ,6, , , , , , , , , , , , , , ,0, , , , , , , , , , , , , , , , , , , , , , , , , , , , , , 
2025-07-28 14:20:28.684 UTC, , ,0,0,0,0, , , , , , , , , , , , , , , , , , , , ,589,3373469,226816,336, ,14, ,44, , , , , , , , , ,14,9, , , ,9,3,10, ,70, , , , , , , , , , , , , , ,203292,7,201319,201319, , , , ,203347,35438518272,15,15,15,15, , , , , , , , , , , , , , , , , , , , , , , , , , , , , , , , ,203347, , , , ,1753709007896,,, , , , , , , , , , , , , , , , , , , , , ,1753712425037,2861, , , ,40,3145728,428256,3,3,1,3, , , ,12,12, ,24, ,3,15, , ,1, , , , , , , , , ,3708,24, , , , , , , , ,1408698936, , , , , , , ,18, , , , , , , , , , , , , , , , , , , , , , , , , , , , , , ,12, , ,6, , , , , , , , , , , , , , ,0, , , , , , , , , , , , , , , , , , , , , , , , , , , , , , 
2025-07-28 14:21:28.688 UTC, , ,0,0,0,0, , , , , , , , , , , , , , , , , , , , ,589,3376757,230104,336, ,14, ,44, , , , , , , , , ,14,9, , , ,9,3,10, ,70, , , , , , , , , , , , , , ,203292,7,201319,201319, , , , ,203347,35438518272,15,15,15,15, , , , , , , , , , , , , , , , , , , , , , , , , , , , , , , , ,203347, , , , ,1753709007896,,, , , , , , , , , , , , , , , , , , , , , ,1753712485093,2897, , , ,40,3145728,432179,2,2,1,2, , , ,12,12, ,24, ,3,15, , ,1, , , , , , , , , ,3923,24, , , , , , , , ,1425476152, , , , , , , ,18, , , , , , , , , , , , , , , , , , , , , , , , , , , , , , ,12, , ,6, , , , , , , , , , , , , , ,0, , , , , , , , , , , , , , , , , , , , , , , , , , , , , , 
2025-07-28 14:22:28.690 UTC, , ,0,0,0,0, , , , , , , , , , , , , , , , , , , , ,589,3379397,232744,336, ,15, ,45, , , , , , , , , ,15,9, , , ,10,3,10, ,70, , , , , , , , , , , , , , ,203292,7,201319,201319, , , , ,203347,35438518272,15,15,15,15, , , , , , , , , , , , , , , , , , , , , , , , , , , , , , , , ,203347, , , , ,1753709007896,,, , , , , , , , , , , , , , , , , , , , , ,1753712545144,2933, , , ,40,3145728,438164,3,3,1,3, , , ,12,12, ,24, ,3,15, , ,1, , , , , , , , , ,5985,24, , , , , , , , ,1442253368, , , , , , , ,18, , , , , , , , , , , , , , , , , , , , , , , , , , , , , , ,12, , ,6, , , , , , , , , , , , , , ,0, , , , , , , , , , , , , , , , , , , , , , , , , , , , , , 
2025-07-28 14:23:28.690 UTC, , ,0,0,0,0, , , , , , , , , , , , , , , , , , , , ,589,3382469,235816,336, ,15, ,44, , , , , , , , , ,15,9, , , ,10,3,10, ,70, , , , , , , , , , , , , , ,203292,7,201319,201319, , , , ,203347,35438518272,15,15,15,15, , , , , , , , , , , , , , , , , , , , , , , , , , , , , , , , ,203347, , , , ,1753709007896,,, , , , , , , , , , , , , , , , , , , , , ,1753712605187,2969, , , ,40,3145728,441872,4,4,1,4, , , ,12,12, ,24, ,3,15, , ,1, , , , , , , , , ,3708,24, , , , , , , , ,1459030584, , , , , , , ,18, , , , , , , , , , , , , , , , , , , , , , , , , , , , , , ,12, , ,6, , , , , , , , , , , , , , ,0, , , , , , , , , , , , , , , , , , , , , , , , , , , , , , 
2025-07-28 14:24:28.700 UTC, , ,0,0,0,0, , , , , , , , , , , , , , , , , , , , ,589,3385541,238888,336, ,15, ,44, , , , , , , , , ,15,9, , , ,10,3,10, ,70, , , , , , , , , , , , , , ,203292,7,201319,201319, , , , ,203347,35438518272,15,15,15,15, , , , , , , , , , , , , , , , , , , , , , , , , , , , , , , , ,203347, , , , ,1753709007896,,, , , , , , , , , , , , , , , , , , , , , ,1753712665227,3005, , , ,40,3145728,445580,3,3,1,3, , , ,12,12, ,24, ,3,15, , ,1, , , , , , , , , ,3708,24, , , , , , , , ,1513556536, , , , , , , ,18, , , , , , , , , , , , , , , , , , , , , , , , , , , , , , ,12, , ,6, , , , , , , , , , , , , , ,0, , , , , , , , , , , , , , , , , , , , , , , , , , , , , , 
2025-07-28 14:25:28.703 UTC, , ,0,0,0,0, , , , , , , , , , , , , , , , , , , , ,589,3388613,241960,336, ,15, ,44, , , , , , , , , ,15,9, , , ,10,3,10, ,70, , , , , , , , , , , , , , ,203292,7,201319,201319, , , , ,203347,35438518272,15,15,15,15, , , , , , , , , , , , , , , , , , , , , , , , , , , , , , , , ,203347, , , , ,1753709007896,,, , , , , , , , , , , , , , , , , , , , , ,1753712725273,3041, , , ,40,3145728,449288,12,12,2,12, , , ,12,12, ,24, ,3,15, , ,1, , , , , , , , , ,3708,24, , , , , , , , ,1534528056, , , , , , , ,18, , , , , , , , , , , , , , , , , , , , , , , , , , , , , , ,12, , ,6, , , , , , , , , , , , , , ,0, , , , , , , , , , , , , , , , , , , , , , , , , , , , , , 
2025-07-28 14:26:28.706 UTC, , ,0,0,0,0, , , , , , , , , , , , , , , , , , , , ,589,3391685,245032,336, ,15, ,44, , , , , , , , , ,15,9, , , ,10,3,10, ,70, , , , , , , , , , , , , , ,203292,7,201319,201319, , , , ,203347,35438518272,15,15,15,15, , , , , , , , , , , , , , , , , , , , , , , , , , , , , , , , ,203347, , , , ,1753709007896,,, , , , , , , , , , , , , , , , , , , , , ,1753712785331,3077, , , ,40,3145728,452996,3,3,2,3, , , ,12,12, ,24, ,3,15, , ,1, , , , , , , , , ,3708,24, , , , , , , , ,1551305272, , , , , , , ,18, , , , , , , , , , , , , , , , , , , , , , , , , , , , , , ,12, , ,6, , , , , , , , , , , , , , ,0, , , , , , , , , , , , , , , , , , , , , , , , , , , , , , 
2025-07-28 14:27:28.709 UTC, , ,0,0,0,0, , , , , , , , , , , , , , , , , , , , ,589,3394781,248128,336, ,15, ,44, , , , , , , , , ,15,9, , , ,10,3,10, ,70, , , , , , , , , , , , , , ,203292,7,201319,201319, , , , ,203347,35438518272,15,15,15,15, , , , , , , , , , , , , , , , , , , , , , , , , , , , , , , , ,203347, , , , ,1753709007896,,, , , , , , , , , , , , , , , , , , , , , ,1753712845379,3113, , , ,40,3145728,456919,4,4,2,4, , , ,12,12, ,24, ,3,15, , ,1, , , , , , , , , ,3923,24, , , , , , , , ,1689717304, , , , , , , ,18, , , , , , , , , , , , , , , , , , , , , , , , , , , , , , ,12, , ,6, , , , , , , , , , , , , , ,0, , , , , , , , , , , , , , , , , , , , , , , , , , , , , , 
2025-07-28 14:28:28.711 UTC, , ,0,0,0,0, , , , , , , , , , , , , , , , , , , , ,589,3397853,251200,336, ,15, ,44, , , , , , , , , ,15,9, , , ,10,3,10, ,70, , , , , , , , , , , , , , ,203292,7,201319,201319, , , , ,203347,35438518272,15,15,15,15, , , , , , , , , , , , , , , , , , , , , , , , , , , , , , , , ,203347, , , , ,1753709007896,,, , , , , , , , , , , , , , , , , , , , , ,1753712905420,3149, , , ,40,3145728,460627,4,4,1,4, , , ,12,12, ,24, ,3,15, , ,1, , , , , , , , , ,3708,24, , , , , , , , ,1706494520, , , , , , , ,18, , , , , , , , , , , , , , , , , , , , , , , , , , , , , , ,12, , ,6, , , , , , , , , , , , , , ,0, , , , , , , , , , , , , , , , , , , , , , , , , , , , , , 
2025-07-28 14:29:28.713 UTC, , ,0,0,0,0, , , , , , , , , , , , , , , , , , , , ,589,3400925,254272,336, ,15, ,44, , , , , , , , , ,15,9, , , ,10,3,10, ,70, , , , , , , , , , , , , , ,203292,7,201319,201319, , , , ,203347,35438518272,15,15,15,15, , , , , , , , , , , , , , , , , , , , , , , , , , , , , , , , ,203347, , , , ,1753709007896,,, , , , , , , , , , , , , , , , , , , , , ,1753712965453,3185, , , ,40,3145728,464335,4,4,1,4, , , ,12,12, ,24, ,3,15, , ,1, , , , , , , , , ,3708,24, , , , , , , , ,1723271736, , , , , , , ,18, , , , , , , , , , , , , , , , , , , , , , , , , , , , , , ,12, , ,6, , , , , , , , , , , , , , ,0, , , , , , , , , , , , , , , , , , , , , , , , , , , , , , 
2025-07-28 14:30:28.717 UTC, , ,0,0,0,0, , , , , , , , , , , , , , , , , , , , ,589,3403997,257344,336, ,15, ,44, , , , , , , , , ,15,9, , , ,10,3,10, ,70, , , , , , , , , , , , , , ,203292,7,201319,201319, , , , ,203347,35438518272,15,15,15,15, , , , , , , , , , , , , , , , , , , , , , , , , , , , , , , , ,203347, , , , ,1753709007896,,, , , , , , , , , , , , , , , , , , , , , ,1753713025497,3221, , , ,39,3145728,468043,3,3,1,3, , , ,12,12, ,24, ,3,15, , ,1, , , , , , , , , ,3708,24, , , , , , , , ,1744243256, , , , , , , ,18, , , , , , , , , , , , , , , , , , , , , , , , , , , , , , ,12, , ,6, , , , , , , , , , , , , , ,0, , , , , , , , , , , , , , , , , , , , , , , , , , , , , , 
2025-07-28 14:31:28.722 UTC, , ,0,0,0,0, , , , , , , , , , , , , , , , , , , , ,589,3407069,260416,336, ,15, ,44, , , , , , , , , ,15,9, , , ,10,3,10, ,70, , , , , , , , , , , , , , ,203292,7,201319,201319, , , , ,203347,35438518272,15,15,15,15, , , , , , , , , , , , , , , , , , , , , , , , , , , , , , , , ,203347, , , , ,1753709007896,,, , , , , , , , , , , , , , , , , , , , , ,1753713085548,3257, , , ,39,3145728,471751,4,4,2,4, , , ,12,12, ,24, ,3,15, , ,1, , , , , , , , , ,3708,24, , , , , , , , ,1761020472, , , , , , , ,18, , , , , , , , , , , , , , , , , , , , , , , , , , , , , , ,12, , ,6, , , , , , , , , , , , , , ,0, , , , , , , , , , , , , , , , , , , , , , , , , , , , , , 
2025-07-28 14:32:28.726 UTC, , ,0,0,0,0, , , , , , , , , , , , , , , , , , , , ,589,3410245,263592,336, ,16, ,45, , , , , , , , , ,16,9, , , ,11,3,10, ,70, , , , , , , , , , , , , , ,203292,7,201319,201319, , , , ,203347,35438518272,15,15,15,15, , , , , , , , , , , , , , , , , , , , , , , , , , , , , , , , ,203347, , , , ,1753709007896,,, , , , , , , , , , , , , , , , , , , , , ,1753713145586,3293, , , ,39,3145728,477965,3,3,1,3, , , ,12,12, ,24, ,3,15, , ,1, , , , , , , , , ,6214,24, , , , , , , , ,1773603384, , , , , , , ,18, , , , , , , , , , , , , , , , , , , , , , , , , , , , , , ,12, , ,6, , , , , , , , , , , , , , ,0, , , , , , , , , , , , , , , , , , , , , , , , , , , , , , 
2025-07-28 14:33:28.727 UTC, , ,0,0,0,0, , , , , , , , , , , , , , , , , , , , ,589,3413317,266664,336, ,16, ,44, , , , , , , , , ,16,9, , , ,11,3,10, ,70, , , , , , , , , , , , , , ,203292,7,201319,201319, , , , ,203347,35438518272,15,15,15,15, , , , , , , , , , , , , , , , , , , , , , , , , , , , , , , , ,203347, , , , ,1753709007896,,, , , , , , , , , , , , , , , , , , , , , ,1753713205624,3329, , , ,39,3145728,481673,3,3,1,3, , , ,12,12, ,24, ,3,15, , ,1, , , , , , , , , ,3708,24, , , , , , , , ,1790380600, , , , , , , ,18, , , , , , , , , , , , , , , , , , , , , , , , , , , , , , ,12, , ,6, , , , , , , , , , , , , , ,0, , , , , , , , , , , , , , , , , , , , , , , , , , , , , , 
2025-07-28 14:34:28.738 UTC, , ,0,0,0,0, , , , , , , , , , , , , , , , , , , , ,589,3416389,269736,336, ,16, ,44, , , , , , , , , ,16,9, , , ,11,3,10, ,70, , , , , , , , , , , , , , ,203292,7,201319,201319, , , , ,203347,35438518272,15,15,15,15, , , , , , , , , , , , , , , , , , , , , , , , , , , , , , , , ,203347, , , , ,1753709007896,,, , , , , , , , , , , , , , , , , , , , , ,1753713265674,3365, , , ,39,3145728,485381,4,4,2,4, , , ,12,12, ,24, ,3,15, , ,1, , , , , , , , , ,3708,24, , , , , , , , ,1802963512, , , , , , , ,18, , , , , , , , , , , , , , , , , , , , , , , , , , , , , , ,12, , ,6, , , , , , , , , , , , , , ,0, , , , , , , , , , , , , , , , , , , , , , , , , , , , , , 
2025-07-28 14:35:28.739 UTC, , ,0,0,0,0, , , , , , , , , , , , , , , , , , , , ,589,3419461,272808,336, ,16, ,44, , , , , , , , , ,16,9, , , ,11,3,10, ,70, , , , , , , , , , , , , , ,203292,7,201319,201319, , , , ,203347,35438518272,15,15,15,15, , , , , , , , , , , , , , , , , , , , , , , , , , , , , , , , ,203347, , , , ,1753709007896,,, , , , , , , , , , , , , , , , , , , , , ,1753713325712,3401, , , ,39,3145728,489089,3,3,1,3, , , ,12,12, ,24, ,3,15, , ,1, , , , , , , , , ,3708,24, , , , , , , , ,1828129336, , , , , , , ,18, , , , , , , , , , , , , , , , , , , , , , , , , , , , , , ,12, , ,6, , , , , , , , , , , , , , ,0, , , , , , , , , , , , , , , , , , , , , , , , , , , , , , 
2025-07-28 14:36:28.743 UTC, , ,0,0,0,0, , , , , , , , , , , , , , , , , , , , ,589,3422533,275880,336, ,16, ,44, , , , , , , , , ,16,9, , , ,11,3,10, ,70, , , , , , , , , , , , , , ,203292,7,201319,201319, , , , ,203347,35438518272,15,15,15,15, , , , , , , , , , , , , , , , , , , , , , , , , , , , , , , , ,203347, , , , ,1753709007896,,, , , , , , , , , , , , , , , , , , , , , ,1753713385753,3437, , , ,39,3145728,492797,3,3,1,3, , , ,12,12, ,24, ,3,15, , ,1, , , , , , , , , ,3708,24, , , , , , , , ,1840712248, , , , , , , ,18, , , , , , , , , , , , , , , , , , , , , , , , , , , , , , ,12, , ,6, , , , , , , , , , , , , , ,0, , , , , , , , , , , , , , , , , , , , , , , , , , , , , , 
2025-07-28 14:37:28.751 UTC, , ,0,0,0,0, , , , , , , , , , , , , , , , , , , , ,589,3425605,278952,336, ,16, ,44, , , , , , , , , ,16,9, , , ,11,3,10, ,70, , , , , , , , , , , , , , ,203292,7,201319,201319, , , , ,203347,35438518272,15,15,15,15, , , , , , , , , , , , , , , , , , , , , , , , , , , , , , , , ,203347, , , , ,1753709007896,,, , , , , , , , , , , , , , , , , , , , , ,1753713445791,3473, , , ,39,3145728,496505,5,5,2,5, , , ,12,12, ,24, ,3,15, , ,1, , , , , , , , , ,3708,24, , , , , , , , ,1949764152, , , , , , , ,18, , , , , , , , , , , , , , , , , , , , , , , , , , , , , , ,12, , ,6, , , , , , , , , , , , , , ,0, , , , , , , , , , , , , , , , , , , , , , , , , , , , , , 
2025-07-28 14:41:39.841 UTC, , , , , , , , , , , , , , , , , , , , , , , , , , ,125,3200589,54736, , ,14,2,1889,14,0.01, , , , , , , ,14,7, ,903,2,11,11,7, ,993,29, , , , , , , , , , , , , ,501572,8,498652,498652,1,3,4,11,501627,35468460032,-1,-1,-1,-1, , , , , ,20,1468, , , , , , , , , , , , , , , , , , , , , , , , , ,501627, , , , ,1753713698569,,, , , , , , , , , , , , , , , , , , , , , , , , , , , ,3145728,501572,1,1,0,1, , ,53,2,2,4,2, ,3,3, ,53, ,2048,1, , , ,6, ,3534935,398,4219,2, , , , , , ,3,70,148358160,2, , , , , , ,977, , , , , , , , , , , , , , , , , , , , , , , , , , , , , , , , , , , , , , , , , , , , , , , , , , , , , , , , , , , , , , , , , , , , , , , , , , , , , , , 
2025-07-28 14:42:40.269 UTC, , ,0,0,0,0, , , , , , , , , , , , , , , , , , , , ,125,3425021,278832,336, ,16, ,984,1,0.00, , , , , , , ,16,9, , , ,11,3,10, ,1042,902, , , , , , , , , , , , , ,501572,8,498652,498652, , , , ,501627,35468460032,47,47,47,47, , , , , , , , , , , , , , , , , , , , , , , , , , , , , , , , ,501627, , , , ,1753713698569,,, , , , , , , , , , , , , , , , , , , , , ,1753713758463,3521, , , ,36,3145728,505887,5,5,2,5, , ,906,15,15,3,24, ,3,18, ,906,1, , , , , , , ,224972,909,4297,24, , , , , , ,1,32,421805712,3, , , , , , ,930, , , , , , , , , , , , , , , , , , , , , , , , , , , , , , ,14, , ,903, , , , , , , , , , , , , , ,0, , , , , , , , , , , , , , , , , , , , , , , , , ,1, , , , 
2025-07-28 14:43:40.289 UTC, , ,0,0,0,0, , , , , , , , , , , , , , , , , , , , ,589,3428773,282120,336, ,16, ,958, , , , , , , , , ,16,9, , , ,11,3,10, ,998, , , , , , , , , , , , , , ,501572,8,498652,498652, , , , ,501627,35468460032,47,47,47,47, , , , , , , , , , , , , , , , , , , , , , , , , , , , , , , , ,501627, , , , ,1753713698569,,, , , , , , , , , , , , , , , , , , , , , ,1753713818493,3559, , , ,37,3145728,510121,2,2,1,2, , ,2,13,13, ,25, ,3,16, ,2,1, , , , , , , ,4096,2,4234,26, , , , , , , , ,522469008,2, , , , , , ,930, , , , , ,1, , , , , , , , , , , , , , , , , , , , , , , , ,12, , ,901, , , , , , , , , , , , , , ,0, , , , , , , , , , , , , , , , , , , , , , , , , , , , , , 
2025-07-28 14:44:40.296 UTC, , ,0,0,0,0, , , , , , , , , , , , , , , , , , , , ,589,3431845,285192,336, ,16, ,44, , , , , , , , , ,16,9, , , ,11,3,10, ,70, , , , , , , , , , , , , , ,501572,8,498652,498652, , , , ,501627,35468460032,47,47,47,47, , , , , , , , , , , , , , , , , , , , , , , , , , , , , , , , ,501627, , , , ,1753713698569,,, , , , , , , , , , , , , , , , , , , , , ,1753713878636,3595, , , ,37,3145728,513829,3,3,1,3, , , ,12,12, ,24, ,3,15, , ,1, , , , , , , , , ,3708,24, , , , , , ,1,394,222669440,1, , , , , , ,18, , , , , , , , , , , , , , , , , , , , , , , , , , , , , , ,12, , ,6, , , , , , , , , , , , , , ,0, , , , , , , , , , , , , , , , , , , , , , , , , , , , , , 
2025-07-28 14:45:40.301 UTC, , ,0,0,0,0, , , , , , , , , , , , , , , , , , , , ,589,3434917,288264,336, ,16, ,44, , , , , , , , , ,16,9, , , ,11,3,10, ,70, , , , , , , , , , , , , , ,501572,8,498652,498652, , , , ,501627,35468460032,47,47,47,47, , , , , , , , , , , , , , , , , , , , , , , , , , , , , , , , ,501627, , , , ,1753713698569,,, , , , , , , , , , , , , , , , , , , , , ,1753713938670,3631, , , ,37,3145728,517537,9,9,2,9, , , ,12,12, ,24, ,3,15, , ,1, , , , , , , , , ,3708,24, , , , , , , , ,260418176, , , , , , , ,18, , , , , , , , , , , , , , , , , , , , , , , , , , , , , , ,12, , ,6, , , , , , , , , , , , , , ,0, , , , , , , , , , , , , , , , , , , , , , , , , , , , , , 
2025-07-28 14:46:40.323 UTC, , ,0,0,0,0, , , , , , , , , , , , , , , , , , , , ,589,3437989,291336,336, ,16, ,44, , , , , , , , , ,16,9, , , ,11,3,10, ,70, , , , , , , , , , , , , , ,501572,8,498652,498652, , , , ,501627,35468460032,47,47,47,47, , , , , , , , , , , , , , , , , , , , , , , , , , , , , , , , ,501627, , , , ,1753713698569,,, , , , , , , , , , , , , , , , , , , , , ,1753713998698,3667, , , ,37,3145728,521245,7,7,2,7, , , ,12,12, ,24, ,3,15, , ,1, , , , , , , , , ,3708,24, , , , , , , , ,277195392, , , , , , , ,18, , , , , , , , , , , , , , , , , , , , , , , , , , , , , , ,12, , ,6, , , , , , , , , , , , , , ,0, , , , , , , , , , , , , , , , , , , , , , , , , , , , , , 
2025-07-28 14:47:40.340 UTC, , ,0,0,0,0, , , , , , , , , , , , , , , , , , , , ,589,3441061,294408,336, ,16, ,44, , , , , , , , , ,16,9, , , ,11,3,10, ,70, , , , , , , , , , , , , , ,501572,8,498652,498652, , , , ,501627,35468460032,47,47,47,47, , , , , , , , , , , , , , , , , , , , , , , , , , , , , , , , ,501627, , , , ,1753713698569,,, , , , , , , , , , , , , , , , , , , , , ,1753714058726,3703, , , ,37,3145728,524953,9,9,2,9, , , ,12,12, ,24, ,3,15, , ,1, , , , , , , , , ,3708,24, , , , , , , , ,314944128, , , , , , , ,18, , , , , , , , , , , , , , , , , , , , , , , , , , , , , , ,12, , ,6, , , , , , , , , , , , , , ,0, , , , , , , , , , , , , , , , , , , , , , , , , , , , , , 
2025-07-28 14:48:40.347 UTC, , ,0,0,0,0, , , , , , , , , , , , , , , , , , , , ,589,3444349,297696,336, ,16, ,44, , , , , , , , , ,16,9, , , ,11,3,10, ,70, , , , , , , , , , , , , , ,501572,8,498652,498652, , , , ,501627,35468460032,47,47,47,47, , , , , , , , , , , , , , , , , , , , , , , , , , , , , , , , ,501627, , , , ,1753713698569,,, , , , , , , , , , , , , , , , , , , , , ,1753714118756,3739, , , ,37,3145728,528876,8,8,3,8, , , ,12,12, ,24, ,3,15, , ,1, , , , , , , , , ,3923,24, , , , , , , , ,335915648, , , , , , , ,18, , , , , , , , , , , , , , , , , , , , , , , , , , , , , , ,12, , ,6, , , , , , , , , , , , , , ,0, , , , , , , , , , , , , , , , , , , , , , , , , , , , , , 
2025-07-28 14:49:40.352 UTC, , ,0,0,0,0, , , , , , , , , , , , , , , , , , , , ,589,3447421,300768,336, ,16, ,44, , , , , , , , , ,16,9, , , ,11,3,10, ,70, , , , , , , , , , , , , , ,501572,8,498652,498652, , , , ,501627,35468460032,47,47,47,47, , , , , , , , , , , , , , , , , , , , , , , , , , , , , , , , ,501627, , , , ,1753713698569,,, , , , , , , , , , , , , , , , , , , , , ,1753714178782,3775, , , ,34,3145728,532584,4,4,1,4, , , ,12,12, ,24, ,3,15, , ,1, , , , , , , , , ,3708,24, , , , , , , , ,369470080, , , , , , , ,18, , , , , , , , , , , , , , , , , , , , , , , , , , , , , , ,12, , ,6, , , , , , , , , , , , , , ,0, , , , , , , , , , , , , , , , , , , , , , , , , , , , , , 
2025-07-28 14:50:40.368 UTC, , ,0,0,0,0, , , , , , , , , , , , , , , , , , , , ,589,3450493,303840,336, ,16, ,44, , , , , , , , , ,16,9, , , ,11,3,10, ,70, , , , , , , , , , , , , , ,501572,8,498652,498652, , , , ,501627,35468460032,47,47,47,47, , , , , , , , , , , , , , , , , , , , , , , , , , , , , , , , ,501627, , , , ,1753713698569,,, , , , , , , , , , , , , , , , , , , , , ,1753714238804,3811, , , ,34,3145728,536292,7,7,1,7, , , ,12,12, ,24, ,3,15, , ,1, , , , , , , , , ,3708,24, , , , , , , , ,386247296, , , , , , , ,18, , , , , , , , , , , , , , , , , , , , , , , , , , , , , , ,12, , ,6, , , , , , , , , , , , , , ,0, , , , , , , , , , , , , , , , , , , , , , , , , , , , , , 
2025-07-28 14:51:40.374 UTC, , ,0,0,0,0, , , , , , , , , , , , , , , , , , , , ,589,3453565,306912,336, ,16, ,44, , , , , , , , , ,16,9, , , ,11,3,10, ,70, , , , , , , , , , , , , , ,501572,8,498652,498652, , , , ,501627,35468460032,47,47,47,47, , , , , , , , , , , , , , , , , , , , , , , , , , , , , , , , ,501627, , , , ,1753713698569,,, , , , , , , , , , , , , , , , , , , , , ,1753714298823,3847, , , ,34,3145728,540000,8,8,1,8, , , ,12,12, ,24, ,3,15, , ,1, , , , , , , , , ,3708,24, , , , , , , , ,419801728, , , , , , , ,18, , , , , , , , , , , , , , , , , , , , , , , , , , , , , , ,12, , ,6, , , , , , , , , , , , , , ,0, , , , , , , , , , , , , , , , , , , , , , , , , , , , , , 
2025-07-28 14:52:40.383 UTC, , ,0,0,0,0, , , , , , , , , , , , , , , , , , , , ,589,3457029,310376,336, ,17, ,45, , , , , , , , , ,17,9, , , ,13,3,10, ,70, , , , , , , , , , , , , , ,501572,8,498652,498652, , , , ,501627,35468460032,47,47,47,47, , , , , , , , , , , , , , , , , , , , , , , , , , , , , , , , ,501627, , , , ,1753713698569,,, , , , , , , , , , , , , , , , , , , , , ,1753714358844,3883, , , ,34,3145728,545915,18,18,2,18, , , ,12,12, ,24, ,3,15, , ,1, , , , , , , , , ,5915,24, , , , , , , , ,453356160, , , , , , , ,18, , , , , , , , , , , , , , , , , , , , , , , , , , , , , , ,12, , ,6, , , , , , , , , , , , , , ,0, , , , , , , , , , , , , , , , , , , , , , , , , , , , , , 
2025-07-28 14:53:40.394 UTC, , ,0,0,0,0, , , , , , , , , , , , , , , , , , , , ,589,3459349,312696,336, ,17, ,44, , , , , , , , , ,17,9, , , ,13,3,10, ,70, , , , , , , , , , , , , , ,501572,8,498652,498652, , , , ,501627,35468460032,47,47,47,47, , , , , , , , , , , , , , , , , , , , , , , , , , , , , , , , ,501627, , , , ,1753713698569,,, , , , , , , , , , , , , , , , , , , , , ,1753714418868,3919, , , ,34,3145728,549623,3,3,1,3, , , ,12,12, ,24, ,3,15, , ,1, , , , , , , , , ,3708,24, , , , , , , , ,478521984, , , , , , , ,18, , , , , , , , , , , , , , , , , , , , , , , , , , , , , , ,12, , ,6, , , , , , , , , , , , , , ,0, , , , , , , , , , , , , , , , , , , , , , , , , , , , , , 
2025-07-28 14:54:40.410 UTC, , ,0,0,0,0, , , , , , , , , , , , , , , , , , , , ,589,3462813,316160,336, ,17, ,44, , , , , , , , , ,17,9, , , ,13,3,10, ,70, , , , , , , , , , , , , , ,501572,8,498652,498652, , , , ,501627,35468460032,47,47,47,47, , , , , , , , , , , , , , , , , , , , , , , , , , , , , , , , ,501627, , , , ,1753713698569,,, , , , , , , , , , , , , , , , , , , , , ,1753714478892,3955, , , ,34,3145728,553546,3,3,1,3, , , ,12,12, ,24, ,3,15, , ,1, , , , , , , , , ,3923,24, , , , , , , , ,512076416, , , , , , , ,18, , , , , , , , , , , , , , , , , , , , , , , , , , , , , , ,12, , ,6, , , , , , , , , , , , , , ,0, , , , , , , , , , , , , , , , , , , , , , , , , , , , , , 
2025-07-28 14:55:40.412 UTC, , ,0,0,0,0, , , , , , , , , , , , , , , , , , , , ,589,3465133,318480,336, ,17, ,44, , , , , , , , , ,17,9, , , ,13,3,10, ,70, , , , , , , , , , , , , , ,501572,8,498652,498652, , , , ,501627,35468460032,47,47,47,47, , , , , , , , , , , , , , , , , , , , , , , , , , , , , , , , ,501627, , , , ,1753713698569,,, , , , , , , , , , , , , , , , , , , , , ,1753714538913,3991, , , ,34,3145728,557254,17,17,3,17, , , ,12,12, ,24, ,3,15, , ,1, , , , , , , , , ,3708,24, , , , , , , , ,528853632, , , , , , , ,18, , , , , , , , , , , , , , , , , , , , , , , , , , , , , , ,12, , ,6, , , , , , , , , , , , , , ,0, , , , , , , , , , , , , , , , , , , , , , , , , , , , , , 
2025-07-28 14:56:40.405 UTC, , ,0,0,0,0, , , , , , , , , , , , , , , , , , , , ,589,3467453,320800,336, ,17, ,44, , , , , , , , , ,17,9, , , ,13,3,10, ,70, , , , , , , , , , , , , , ,501572,8,498652,498652, , , , ,501627,35468460032,47,47,47,47, , , , , , , , , , , , , , , , , , , , , , , , , , , , , , , , ,501627, , , , ,1753713698569,,, , , , , , , , , , , , , , , , , , , , , ,1753714598914,4027, , , ,34,3145728,560962,3,3,1,3, , , ,12,12, ,24, ,3,15, , ,1, , , , , , , , , ,3708,24, , , , , , ,1,159,192482272, , , , , , , ,18, , , , , , , , , , , , , , , , , , , , , , , , , , , , , , ,12, , ,6, , , , , , , , , , , , , , ,0, , , , , , , , , , , , , , , , , , , , , , , , , , , , , , 
2025-07-28 14:57:40.393 UTC, , ,0,0,0,0, , , , , , , , , , , , , , , , , , , , ,589,3472757,326104,336, ,18, ,45, , , , , , , , , ,18,9, , , ,13,3,11, ,70, , , , , , , , , , , , , , ,501572,8,498652,498652, , , , ,501627,35468460032,47,47,47,47, , , , , , , , , , , , , , , , , , , , , , , , , , , , , , , , ,501627, , , , ,1753713698569,,, , , , , , , , , , , , , , , , , , , , , ,1753714658913,4063, , , ,34,3145728,566891,3,3,1,3, , , ,12,12, ,24, ,3,15, , ,1, , , , , , , , , ,5929,24, , , , , , , , ,226036704, , , , , , , ,18, , , , , , , , , , , , , , , , , , , , , , , , , , , , , , ,12, , ,6, , , , , , , , , , , , , , ,0, , , , , , , , , , , , , , , , , , , , , , , , , , , , , , 
2025-07-28 14:58:40.389 UTC, , ,0,0,0,0, , , , , , , , , , , , , , , , , , , , ,589,3476229,329576,336, ,18, ,44, , , , , , , , , ,18,9, , , ,13,3,10, ,70, , , , , , , , , , , , , , ,501572,8,498652,498652, , , , ,501627,35468460032,47,47,47,47, , , , , , , , , , , , , , , , , , , , , , , , , , , , , , , , ,501627, , , , ,1753713698569,,, , , , , , , , , , , , , , , , , , , , , ,1753714718933,4099, , , ,34,3145728,570599,3,3,1,3, , , ,12,12, ,24, ,3,15, , ,1, , , , , , , , , ,3708,24, , , , , , , , ,242813920,1, , , , , , ,18, , , , , , , , , , , , , , , , , , , , , , , , , , , , , , ,12, , ,6, , , , , , , , , , , , , , ,0, , , , , , , , , , , , , , , , , , , , , , , , , , , , , , 
2025-07-28 14:59:40.389 UTC, , ,0,0,0,0, , , , , , , , , , , , , , , , , , , , ,589,3479517,332864,336, ,18, ,44, , , , , , , , , ,18,9, , , ,13,3,10, ,70, , , , , , , , , , , , , , ,501572,8,498652,498652, , , , ,501627,35468460032,47,47,47,47, , , , , , , , , , , , , , , , , , , , , , , , , , , , , , , , ,501627, , , , ,1753713698569,,, , , , , , , , , , , , , , , , , , , , , ,1753714778941,4135, , , ,34,3145728,574522,8,8,3,8, , , ,12,12, ,24, ,3,15, , ,1, , , , , , , , , ,3923,24, , , , , , , , ,276368352, , , , , , , ,18, , , , , , , , , , , , , , , , , , , , , , , , , , , , , , ,12, , ,6, , , , , , , , , , , , , , ,0, , , , , , , , , , , , , , , , , , , , , , , , , , , , , , 
2025-07-28 15:00:40.398 UTC, , ,0,0,0,0, , , , , , , , , , , , , , , , , , , , ,589,3482589,335936,336, ,18, ,44, , , , , , , , , ,18,9, , , ,13,3,10, ,70, , , , , , , , , , , , , , ,501572,8,498652,498652, , , , ,501627,35468460032,47,47,47,47, , , , , , , , , , , , , , , , , , , , , , , , , , , , , , , , ,501627, , , , ,1753713698569,,, , , , , , , , , , , , , , , , , , , , , ,1753714838964,4171, , , ,34,3145728,578230,8,8,3,8, , , ,12,12, ,24, ,3,15, , ,1, , , , , , , , , ,3708,24, , , , , , , , ,309922784, , , , , , , ,18, , , , , , , , , , , , , , , , , , , , , , , , , , , , , , ,12, , ,6, , , , , , , , , , , , , , ,0, , , , , , , , , , , , , , , , , , , , , , , , , , , , , , 
2025-07-28 15:02:04.343 UTC, , , , , , , , , , , , , , , , , , , , , , , , , , ,125,3186749,40896, , ,9,3,558,9,0.02,1, , , , , , ,9,7, ,241,3,6,6,8, ,325,31, , , , , , , , , , , , , ,582678,9,580133,580133,1,2,5,12,582734,35494498304,-1,-1,-1,-1, , , , , ,23,1741, , , , , , , , , , , , , , , , , , , , , , , , , ,582734, , , , ,1753714923444,,, , , , , , , , , , , , , , , , , , , , , , , , , , , ,3145728,582678,2,2,1,2, , ,51,2,2,4,2, ,3,3, ,51, ,2048,1, , , ,1, ,1919169,181,3074,2, , , , , , ,3,83,147424408, , , , , , , ,305, , , , , ,1, , , , , , , , , , , , , , , , , , , , , , , , , , , , , , , , , , , , , , , , , , , , , , , , , , , , , , , , , , , , , , , , , , , , , , , , , 
2025-07-28 15:03:04.355 UTC, , ,0,0,0,0, , , , , , , , , , , , , , , , , , , , ,125,3254445,108256,336, ,11, ,321,1,0.00, , , , , , , ,11,9, , , ,6,3,11, ,380,240, , , , , , , , , , , , , ,582678,9,580133,580133, , , , ,582734,35494498304,48,48,48,48, , , , , , , , , , , , , , , , , , , , , , , , , , , , , , , , ,582734, , , , ,1753714923444,,, , , , , , , , , , , , , , , , , , , , , ,1753714981591,4218, , , ,30,3145728,586904,5,5,1,5, , ,244,15,15,3,21, ,3,18, ,244,1, , , , , , , ,69049,247,4207,21, , , , , , ,3,71,385316880,1, , , , , , ,268, , , , , , , , , , , , , , , , , , , , , , , , , , , , , , ,14, , ,241, , , , , , , , , , , , , , ,0, , , , , , , , , , , , , , , , , , , , , , , , , ,1, , , , 
2025-07-28 15:04:04.361 UTC, , ,0,0,0,0, , , , , , , , , , , , , , , , , , , , ,589,3257981,111328,336, ,11, ,295, , , , , , , , , ,11,9, , , ,6,3,11, ,335, , , , , , , , , , , , , , ,582678,9,580133,580133, , , , ,582734,35494498304,48,48,48,48, , , , , , , , , , , , , , , , , , , , , , , , , , , , , , , , ,582734, , , , ,1753714923444,,, , , , , , , , , , , , , , , , , , , , , ,1753715041608,4250, , , ,29,3145728,590701,8,8,1,8, , ,2,13,13, ,19, ,3,16, ,2,1, , , , , , , ,4096,2,3797,20, , , , , , , , ,477591568,1, , , , , , ,268, , , , , ,1, , , , , , , , , , , , , , , , , , , , , , , , ,12, , ,239, , , , , , , , , , , , , , ,0, , , , , , , , , , , , , , , , , , , , , , , , , , , , , , 
2025-07-28 15:05:04.364 UTC, , ,0,0,0,0, , , , , , , , , , , , , , , , , , , , ,589,3261053,114400,336, ,11, ,44, , , , , , , , , ,11,9, , , ,6,3,11, ,70, , , , , , , , , , , , , , ,582678,9,580133,580133, , , , ,582734,35494498304,48,48,48,48, , , , , , , , , , , , , , , , , , , , , , , , , , , , , , , , ,582734, , , , ,1753714923444,,, , , , , , , , , , , , , , , , , , , , , ,1753715101624,4280, , , ,29,3145728,594187,8,8,2,8, , , ,12,12, ,18, ,3,15, , ,1, , , , , , , , , ,3486,18, , , , , , , , ,490174480, , , , , , , ,18, , , , , , , , , , , , , , , , , , , , , , , , , , , , , , ,12, , ,6, , , , , , , , , , , , , , ,0, , , , , , , , , , , , , , , , , , , , , , , , , , , , , , 
2025-07-28 15:07:38.987 UTC, , , , , , , , , , , , , , , , , , , , , , , , , , ,125,3180397,34544, , ,7,2,169,7,0.04,2, , , , , ,1,7,7, ,48,1,5,4,8, ,133,33, , , , , , , , , , , , , ,597625,10,595249,595249,1,4,3,10,597681,35166928896,-1,-1,-1,-1, , , , , ,23,1815, , , , , , , , , , , , , , , , , , , , , , , , , ,597681, , , , ,1753715258169,,, , , , , , , , , , , , , , , , , , , , , , , , , , , ,3145728,597625,2,2,1,2, , ,49,2,2,4,2, ,3,3, ,49, ,2048,1, , , , , ,1384824,114,2668,2, , , , , , ,3,98,142883456, , , , , , , ,109, , , , , , , , , , , , , , , , , , , , , , , , , , , , , , , , , , , , , , , , , , , , , , , , , , , , , , , , , , , , , , , , , , , , , , , , , , , , , , , 
2025-07-28 15:08:39.000 UTC, , ,0,0,0,0, , , , , , , , , , , , , , , , , , , , ,125,3203829,57640,336, ,9, ,129,1,0.01, , , , , , , ,9,9, , ,1,4,3,11, ,187,47, , , , , , , , , , , , , ,597625,10,595249,595249, , , , ,597681,35166928896,48,48,48,48, , , , , , , , , , , , , , , , , , , , , , , , , , , , , , , , ,597681, , , , ,1753715258169,,, , , , , , , , , , , , , , , , , , , , , ,1753715316208,4323, , , ,31,3145728,602260,5,5,1,5, , ,52,15,15,3,21, ,3,18, ,52,1, , , , , , , ,25225,55,4616,21, , , , , , ,3,61,416230240,2, , , , , , ,75, , , , , , , , , , , , , , , , , , , , , , , , , , , , , , ,14, , ,48, , , , , , , , , , , , , , ,0, , , , , , , , , , , , , , , , , , , , , , , , , ,1, , , , 
2025-07-28 15:09:39.003 UTC, , ,0,0,0,0, , , , , , , , , , , , , , , , , , , , ,589,3207365,60712,336, ,9, ,103, , , , , , , , , ,9,9, , , ,4,3,11, ,142, , , , , , , , , , , , , , ,597625,10,595249,595249, , , , ,597681,35166928896,48,48,48,48, , , , , , , , , , , , , , , , , , , , , , , , , , , , , , , , ,597681, , , , ,1753715258169,,, , , , , , , , , , , , , , , , , , , , , ,1753715376224,4355, , , ,28,3145728,606057,4,4,1,4, , ,9,13,13, ,19, ,3,16, ,9,1, , , , , ,6, ,30824,15,3797,20, , , , , , , , ,504310624,1, , , , , , ,75, , , , , ,1, , , , , , , , , , , , , , , , , , , , , , , , ,12, , ,46, , , , , , , , , , , , , , ,0, , , , , , , , , , , , , , , , , , , , , , , , , , , , , , 
2025-07-28 15:36:40.188 UTC, , , , , , , , , , , , , , , , , , , , , , , , , , ,125,3181637,35784, , ,7,4,151,7,0.05,2, , , , , , ,7,7, ,38,4,4,4,8, ,127,35, , , , , , , , , , , , , ,610060,11,607688,607688,1,2,5,12,610116,29009702912,-1,-1,-1,-1, , , , , ,24,1879, , , , , , , , , , , , , , , , , , , , , , , , , ,610116, , , , ,1753716999199,,, , , , , , , , , , , , , , , , , , , , , , , , , , , ,3145728,610060,2,2,1,2, , ,54,2,2,4,2, ,3,3, ,54, ,2048,1, , , , , ,1448503,121,2652,2, , , , , , ,3,91,142121088,9, , , , , , ,99, , , , , ,1, , , , , , , , , , , , , , , , , , , , , , , , , , , , , , , , , , , , , , , , , , , , , , , , , , , , , , , , , , , , , , , , , , , , , , , , , 
2025-07-28 15:37:40.203 UTC, , ,0,0,0,0, , , , , , , , , , , , , , , , , , , , ,125,3200821,54632,336, ,9, ,119,1,0.01, , , , , , , ,9,9, , , ,4,3,11, ,177,37, , , , , , , , , , , , , ,610060,11,607688,607688, , , , ,610116,29009666048,13,13,13,13, , , , , , , , , , , , , , , , , , , , , , , , , , , , , , , , ,610116, , , , ,1753716999199,,, , , , , , , , , , , , , , , , , , , , , ,1753717057438,4403, , , ,31,3145728,614480,5,5,1,5, , ,41,15,15,3,21, ,3,18, ,41,1, , , , , , , ,21267,44,4401,21, , , , , , ,1,81,364038240,6, , , , , , ,65, , , , , , , , , , , , , , , , , , , , , , , , , , , , , , ,14, , ,38, , , , , , , , , , , , , , ,0, , , , , , , , , , , , , , , , , , , , , , , , , ,1, , , , 
2025-07-28 15:38:40.027 UTC, , ,0,0,0,0, , , , , , , , , , , , , , , , , , , , ,589,3204357,57704,336, ,9, ,93, , , , , , , , , ,9,9, , , ,4,3,11, ,133, , , , , , , , , , , , , , ,610060,11,607688,607688, , , , ,610116,29009666048,13,13,13,13, , , , , , , , , , , , , , , , , , , , , , , , , , , , , , , , ,610116, , , , ,1753716999199,,, , , , , , , , , , , , , , , , , , , , , ,1753717118287,4441, , , ,37,3145728,618501,13,13,2,13, , ,4,13,13, ,25, ,3,15, ,4,1, , , , , ,1, ,10257,5,4021,27, , , , , , , , ,452118624,3, , , , , , ,65, , , , , ,1, , , , , , , , , , , , , , , , , , , , , , , , ,12, , ,36, , , , , , , , , , , , , , ,0, , , , , , , , , , , , , , , , , , , , , , , , , , , , , , 
2025-07-28 15:39:40.052 UTC, , ,0,0,0,0, , , , , , , , , , , , , , , , , , , , ,589,3207429,60776,336, ,9, ,44, , , , , , , , , ,9,9, , , ,4,3,11, ,70, , , , , , , , , , , , , , ,610060,11,607688,607688, , , , ,610116,29009666048,13,13,13,13, , , , , , , , , , , , , , , , , , , , , , , , , , , , , , , , ,610116, , , , ,1753716999199,,, , , , , , , , , , , , , , , , , , , , , ,1753717178370,4477, , , ,37,3145728,622209,3,3,1,3, , , ,12,12, ,24, ,3,15, , ,1, , , , , , , , , ,3708,24, , , , , , , , ,502450272,1, , , , , , ,18, , , , , , , , , , , , , , , , , , , , , , , , , , , , , , ,12, , ,6, , , , , , , , , , , , , , ,0, , , , , , , , , , , , , , , , , , , , , , , , , , , , , , 
2025-07-28 16:01:22.049 UTC, , , , , , , , , , , , , , , , , , , , , , , , , , ,125,3182197,36344, , ,7,2,186,7,0.04,2, , , , , , ,7,7, ,55,2,4,4,8, ,148,37, , , , , , , , , , , , , ,628153,12,625584,625584,1,4,3,10,628209,25429594112,-1,-1,-1,-1, , , , , ,24,1960, , , , , , , , , , , , , , , , , , , , , , , , , ,628209, , , , ,1753718481175,,, , , , , , , , , , , , , , , , , , , , , , , , , , , ,3145728,628153,1,1,1,1, , ,54,2,2,4,2, ,3,3, ,54, ,2048,1, , , , , ,1510141,129,2873,2, , , , , , ,3,72,143554528, , , , , , , ,116, , , , , , , , , , , , , , , , , , , , , , , , , , , , , , , , , , , , , , , , , , , , , , , , , , , , , , , , , , , , , , , , , , , , , , , , , , , , , , , 
2025-07-28 16:02:22.061 UTC, , ,0,0,0,0, , , , , , , , , , , , , , , , , , , , ,125,3206021,59832,336, ,9, ,135,1,0.01, , , , , , , ,9,9, , , ,4,3,11, ,194,54, , , , , , , , , , , , , ,628153,12,625584,625584, , , , ,628209,25429594112,6,6,6,6, , , , , , , , , , , , , , , , , , , , , , , , , , , , , , , , ,628209, , , , ,1753718481175,,, , , , , , , , , , , , , , , , , , , , , ,1753718539306,4543, , , ,31,3145728,632788,8,8,1,8, , ,58,15,15,3,21, ,3,18, ,58,1, , , , , , , ,25060,61,4616,21, , , , , , ,3,49,457879280,1, , , , , , ,82, , , , , , , , , , , , , , , , , , , , , , , , , , , , , , ,14, , ,55, , , , , , , , , , , , , , ,0, , , , , , , , , , , , , , , , , , , , , , , , , ,1, , , , 
2025-07-28 16:03:22.066 UTC, , ,0,0,0,0, , , , , , , , , , , , , , , , , , , , ,589,3209557,62904,336, ,9, ,109, , , , , , , , , ,9,9, , , ,4,3,11, ,149, , , , , , , , , , , , , , ,628153,12,625584,625584, , , , ,628209,25429594112,6,6,6,6, , , , , , , , , , , , , , , , , , , , , , , , , , , , , , , , ,628209, , , , ,1753718481175,,, , , , , , , , , , , , , , , , , , , , , ,1753718599326,4575, , , ,28,3145728,636587,3,3,1,3, , ,2,13,13, ,19, ,3,16, ,2,1, , , , , , , ,4096,2,3799,20, , , , , , ,1,61,319166328, , , , , , , ,82, , , , , ,1, , , , , , , , , , , , , , , , , , , , , , , , ,12, , ,53, , , , , , , , , , , , , , ,0, , , , , , , , , , , , , , , , , , , , , , , , , , , , , , 
2025-07-28 16:04:22.071 UTC, , ,0,0,0,0, , , , , , , , , , , , , , , , , , , , ,589,3212629,65976,336, ,9, ,44, , , , , , , , , ,9,9, , , ,4,3,11, ,70, , , , , , , , , , , , , , ,628153,12,625584,625584, , , , ,628209,25429594112,6,6,6,6, , , , , , , , , , , , , , , , , , , , , , , , , , , , , , , , ,628209, , , , ,1753718481175,,, , , , , , , , , , , , , , , , , , , , , ,1753718659341,4605, , , ,28,3145728,640073,3,3,1,3, , , ,12,12, ,18, ,3,15, , ,1, , , , , , , , , ,3486,18, , , , , , , , ,340137848, , , , , , , ,18, , , , , , , , , , , , , , , , , , , , , , , , , , , , , , ,12, , ,6, , , , , , , , , , , , , , ,0, , , , , , , , , , , , , , , , , , , , , , , , , , , , , , 
2025-07-28 16:05:22.077 UTC, , ,0,0,0,0, , , , , , , , , , , , , , , , , , , , ,589,3215701,69048,336, ,9, ,44, , , , , , , , , ,9,9, , , ,4,3,11, ,70, , , , , , , , , , , , , , ,628153,12,625584,625584, , , , ,628209,25429594112,6,6,6,6, , , , , , , , , , , , , , , , , , , , , , , , , , , , , , , , ,628209, , , , ,1753718481175,,, , , , , , , , , , , , , , , , , , , , , ,1753718719364,4635, , , ,28,3145728,643559,6,6,1,6, , , ,12,12, ,18, ,3,15, , ,1, , , , , , , , , ,3486,18, , , , , , , , ,382080888,1, , , , , , ,18, , , , , , , , , , , , , , , , , , , , , , , , , , , , , , ,12, , ,6, , , , , , , , , , , , , , ,0, , , , , , , , , , , , , , , , , , , , , , , , , , , , , , 
2025-07-28 16:06:22.080 UTC, , ,0,0,0,0, , , , , , , , , , , , , , , , , , , , ,589,3225493,78840,336, ,9, ,46, , , , , , , , , ,9,9, , , ,4,3,11, ,70, , , , , , , , , , , , , , ,628153,12,625584,625584, , , , ,628209,25429594112,6,6,6,6, , , , , , , , , , , , , , , , , , , , , , , , , , , , , , , , ,628209, , , , ,1753718481175,,, , , , , , , , , , , , , , , , , , , , , ,1753718779380,4669, , , ,32,3145728,653794,8,8,1,8, , , ,14,14, ,20, ,3,17, , ,1, , , , , , , , , ,10235,20, , , , , , , , ,419829624, , , , , , , ,20, , , , , , , , , , , , , , , , , , , , , , , , , , , , , , ,14, , ,6, , , , , , , , , , , , , , ,0, , , , , , , , , , , , , , , , , , , , , , , , , , , , , , 
2025-07-28 16:07:22.086 UTC, , ,0,0,0,0, , , , , , , , , , , , , , , , , , , , ,589,3237053,90400,336, ,9, ,45, , , , , , , , , ,9,9, , , ,4,3,11, ,70, , , , , , , , , , , , , , ,628153,12,625584,625584, , , , ,628209,25429594112,6,6,6,6, , , , , , , , , , , , , , , , , , , , , , , , , , , , , , , , ,628209, , , , ,1753718481175,,, , , , , , , , , , , , , , , , , , , , , ,1753718839403,4701, , , ,28,3145728,665782,8,8,2,8, , , ,13,13, ,19, ,3,16, , ,1, , , , , , , , , ,11988,19, , , , , , , , ,461772664, , , , , , , ,19, , , , , , , , , , , , , , , , , , , , , , , , , , , , , , ,13, , ,6, , , , , , , , , , , , , , ,0, , , , , , , , , , , , , , , , , , , , , , , , , , , , , , 
2025-07-28 16:08:22.089 UTC, , ,0,0,0,0, , , , , , , , , , , , , , , , , , , , ,589,3240125,93472,336, ,9, ,44, , , , , , , , , ,9,9, , , ,4,3,11, ,70, , , , , , , , , , , , , , ,628153,12,625584,625584, , , , ,628209,25429594112,6,6,6,6, , , , , , , , , , , , , , , , , , , , , , , , , , , , , , , , ,628209, , , , ,1753718481175,,, , , , , , , , , , , , , , , , , , , , , ,1753718899425,4731, , , ,28,3145728,669268,14,14,3,14, , , ,12,12, ,18, ,3,15, , ,1, , , , , , , , , ,3486,18, , , , , , , , ,482744184, , , , , , , ,18, , , , , , , , , , , , , , , , , , , , , , , , , , , , , , ,12, , ,6, , , , , , , , , , , , , , ,0, , , , , , , , , , , , , , , , , , , , , , , , , , , , , , 
2025-07-28 16:09:22.091 UTC, , ,0,0,0,0, , , , , , , , , , , , , , , , , , , , ,589,3243197,96544,336, ,9, ,45, , , , , , , , , ,9,9, , , ,4,3,11, ,70, , , , , , , , , , , , , , ,628153,12,625584,625584, , , , ,628209,25429594112,6,6,6,6, , , , , , , , , , , , , , , , , , , , , , , , , , , , , , , , ,628209, , , , ,1753718481175,,, , , , , , , , , , , , , , , , , , , , , ,1753718959439,4763, , , ,28,3145728,673090,9,9,3,9, , , ,13,13, ,19, ,3,16, , ,1, , , , , , , , , ,3822,19, , , , , , , , ,524687224, , , , , , , ,19, , , , , , , , , , , , , , , , , , , , , , , , , , , , , , ,13, , ,6, , , , , , , , , , , , , , ,0, , , , , , , , , , , , , , , , , , , , , , , , , , , , , , 
2025-07-28 16:10:22.095 UTC, , ,0,0,0,0, , , , , , , , , , , , , , , , , , , , ,589,3246269,99616,336, ,9, ,44, , , , , , , , , ,9,9, , , ,4,3,11, ,70, , , , , , , , , , , , , , ,628153,12,625584,625584, , , , ,628209,25429594112,6,6,6,6, , , , , , , , , , , , , , , , , , , , , , , , , , , , , , , , ,628209, , , , ,1753718481175,,, , , , , , , , , , , , , , , , , , , , , ,1753719019451,4793, , , ,28,3145728,676576,9,9,2,9, , , ,12,12, ,18, ,3,15, , ,1, , , , , , , , , ,3486,18, , , , , , , , ,554047352, , , , , , , ,18, , , , , , , , , , , , , , , , , , , , , , , , , , , , , , ,12, , ,6, , , , , , , , , , , , , , ,0, , , , , , , , , , , , , , , , , , , , , , , , , , , , , , 
2025-07-28 16:11:22.102 UTC, , ,0,0,0,0, , , , , , , , , , , , , , , , , , , , ,589,3261941,115288,336, ,9, ,45, , , , , , , , , ,9,9, , , ,4,3,11, ,70, , , , , , , , , , , , , , ,628153,12,625584,625584, , , , ,628209,25429594112,6,6,6,6, , , , , , , , , , , , , , , , , , , , , , , , , , , , , , , , ,628209, , , , ,1753718481175,,, , , , , , , , , , , , , , , , , , , , , ,1753719080473,4829, , , ,37,3145728,692826,11,11,2,11, , , ,13,13, ,23, ,3,16, , ,1, , , , , , , , , ,16250,23, , , , , , ,1,153,231168528, , , , , , , ,19, , , , , , , , , , , , , , , , , , , , , , , , , , , , , , ,13, , ,6, , , , , , , , , , , , , , ,0, , , , , , , , , , , , , , , , , , , , , , , , , , , , , , 
2025-07-28 16:12:22.107 UTC, , ,0,0,0,0, , , , , , , , , , , , , , , , , , , , ,589,3265605,118952,336, ,10, ,45, , , , , , , , , ,10,9, , , ,6,3,11, ,70, , , , , , , , , , , , , , ,628153,12,625584,625584, , , , ,628209,25429594112,6,6,6,6, , , , , , , , , , , , , , , , , , , , , , , , , , , , , , , , ,628209, , , , ,1753718481175,,, , , , , , , , , , , , , , , , , , , , , ,1753719140494,4865, , , ,37,3145728,698745,8,8,2,8, , , ,12,12, ,24, ,3,15, , ,1, , , , , , , , , ,5919,24, , , , , , , , ,264722960, , , , , , , ,18, , , , , , , , , , , , , , , , , , , , , , , , , , , , , , ,12, , ,6, , , , , , , , , , , , , , ,0, , , , , , , , , , , , , , , , , , , , , , , , , , , , , , 
2025-07-28 16:13:22.112 UTC, , ,0,0,0,0, , , , , , , , , , , , , , , , , , , , ,589,3267845,121192,336, ,10, ,44, , , , , , , , , ,10,9, , , ,6,3,11, ,70, , , , , , , , , , , , , , ,628153,12,625584,625584, , , , ,628209,25429594112,6,6,6,6, , , , , , , , , , , , , , , , , , , , , , , , , , , , , , , , ,628209, , , , ,1753718481175,,, , , , , , , , , , , , , , , , , , , , , ,1753719200510,4901, , , ,37,3145728,702668,12,12,2,12, , , ,12,12, ,24, ,3,15, , ,1, , , , , , , , , ,3923,24, , , , , , , , ,281500176, , , , , , , ,18, , , , , , , , , , , , , , , , , , , , , , , , , , , , , , ,12, , ,6, , , , , , , , , , , , , , ,0, , , , , , , , , , , , , , , , , , , , , , , , , , , , , , 
2025-07-28 16:14:22.116 UTC, , ,0,0,0,0, , , , , , , , , , , , , , , , , , , , ,589,3271389,124736,336, ,10, ,44, , , , , , , , , ,10,9, , , ,6,3,11, ,70, , , , , , , , , , , , , , ,628153,12,625584,625584, , , , ,628209,25429594112,6,6,6,6, , , , , , , , , , , , , , , , , , , , , , , , , , , , , , , , ,628209, , , , ,1753718481175,,, , , , , , , , , , , , , , , , , , , , , ,1753719260524,4937, , , ,37,3145728,706376,46,46,5,46, , , ,12,12, ,24, ,3,15, , ,1, , , , , , , , , ,3708,24, , , , , , , , ,323443216, , , , , , , ,18, , , , , , , , , , , , , , , , , , , , , , , , , , , , , , ,12, , ,6, , , , , , , , , , , , , , ,0, , , , , , , , , , , , , , , , , , , , , , , , , , , , , , 
2025-07-28 16:15:22.125 UTC, , ,0,0,0,0, , , , , , , , , , , , , , , , , , , , ,589,3273709,127056,336, ,10, ,44, , , , , , , , , ,10,9, , , ,6,3,11, ,70, , , , , , , , , , , , , , ,628153,12,625584,625584, , , , ,628209,25429594112,6,6,6,6, , , , , , , , , , , , , , , , , , , , , , , , , , , , , , , , ,628209, , , , ,1753718481175,,, , , , , , , , , , , , , , , , , , , , , ,1753719320541,4973, , , ,37,3145728,710084,26,26,3,26, , , ,12,12, ,24, ,3,15, , ,1, , , , , , , , , ,3708,24, , , , , , , , ,348609040, , , , , , , ,18, , , , , , , , , , , , , , , , , , , , , , , , , , , , , , ,12, , ,6, , , , , , , , , , , , , , ,0, , , , , , , , , , , , , , , , , , , , , , , , , , , , , , 
2025-07-28 16:16:22.128 UTC, , ,0,0,0,0, , , , , , , , , , , , , , , , , , , , ,589,3276029,129376,336, ,10, ,44, , , , , , , , , ,10,9, , , ,6,3,11, ,70, , , , , , , , , , , , , , ,628153,12,625584,625584, , , , ,628209,25429594112,6,6,6,6, , , , , , , , , , , , , , , , , , , , , , , , , , , , , , , , ,628209, , , , ,1753718481175,,, , , , , , , , , , , , , , , , , , , , , ,1753719380556,5009, , , ,37,3145728,713792,2,2,1,2, , , ,12,12, ,24, ,3,15, , ,1, , , , , , , , , ,3708,24, , , , , , , , ,386357776, , , , , , , ,18, , , , , , , , , , , , , , , , , , , , , , , , , , , , , , ,12, , ,6, , , , , , , , , , , , , , ,0, , , , , , , , , , , , , , , , , , , , , , , , , , , , , , 
2025-07-28 16:17:22.130 UTC, , ,0,0,0,0, , , , , , , , , , , , , , , , , , , , ,589,3281661,135008,336, ,11, ,45, , , , , , , , , ,11,9, , , ,6,3,11, ,70, , , , , , , , , , , , , , ,628153,12,625584,625584, , , , ,628209,25429594112,6,6,6,6, , , , , , , , , , , , , , , , , , , , , , , , , , , , , , , , ,628209, , , , ,1753718481175,,, , , , , , , , , , , , , , , , , , , , , ,1753719440574,5045, , , ,37,3145728,719723,3,3,1,3, , , ,12,12, ,24, ,3,15, , ,1, , , , , , , , , ,5931,24, , , , , , , , ,411523600, , , , , , , ,18, , , , , , , , , , , , , , , , , , , , , , , , , , , , , , ,12, , ,6, , , , , , , , , , , , , , ,0, , , , , , , , , , , , , , , , , , , , , , , , , , , , , , 
2025-07-28 16:18:22.216 UTC, , ,0,0,0,0, , , , , , , , , , , , , , , , , , , , ,589,3285973,139320,336, ,11, ,45, , , , , , , , , ,11,9, , , ,6,3,11, ,70, , , , , , , , , , , , , , ,628153,12,625584,625584, , , , ,628209,25429594112,6,6,6,6, , , , , , , , , , , , , , , , , , , , , , , , , , , , , , , , ,628209, , , , ,1753718481175,,, , , , , , , , , , , , , , , , , , , , , ,1753719500375,5083, , , ,42,3145728,723854,24,24,3,24, , , ,13,13, ,25, ,3,16, , ,1, , , , , , , , , ,4131,25, , , , , , ,19,2949,2436857856,1, , , , , , ,19, , , , , , , , , , , , , , , , , , , , , , , , , , , , , , ,13, , ,6, , , , , , , , , , , , , , ,0, , , , , , , , , , , , , , , , , , , , , , , , , , , , , , 
2025-07-28 16:19:22.227 UTC, , ,0,0,0,0, , , , , , , , , , , , , , , , , , , , ,589,3301893,155240,336, ,11, ,46, , , , , , , , , ,11,9, , , ,6,3,11, ,70, , , , , , , , , , , , , , ,628153,12,625584,625584, , , , ,628209,25429594112,6,6,6,6, , , , , , , , , , , , , , , , , , , , , , , , , , , , , , , , ,628209, , , , ,1753718481175,,, , , , , , , , , , , , , , , , , , , , , ,1753719560431,5121, , , ,36,3145728,740366,3,3,1,3, , , ,14,14, ,24, ,3,16, , ,1, , , , , , , , , ,16512,24, , , , , , ,22,3886,3015671808,3, , , , , , ,20, , , , , , , , , , , , , , , , , , , , , , , , , , , , , , ,14, , ,6, , , , , , , , , , , , , , ,0, , , , , , , , , , , , , , , , , , , , , , , , , , , , , , 
2025-07-28 16:20:22.235 UTC, , ,0,0,0,0, , , , , , , , , , , , , , , , , , , , ,589,3304965,158312,336, ,11, ,44, , , , , , , , , ,11,9, , , ,6,3,11, ,70, , , , , , , , , , , , , , ,628153,12,625584,625584, , , , ,628209,25429594112,6,6,6,6, , , , , , , , , , , , , , , , , , , , , , , , , , , , , , , , ,628209, , , , ,1753718481175,,, , , , , , , , , , , , , , , , , , , , , ,1753719620451,5157, , , ,35,3145728,744074,9,9,1,9, , , ,12,12, ,24, ,3,15, , ,1, , , , , , , , , ,3708,24, , , , , , , , ,3053420544,1, , , , , , ,18, , , , , , , , , , , , , , , , , , , , , , , , , , , , , , ,12, , ,6, , , , , , , , , , , , , , ,0, , , , , , , , , , , , , , , , , , , , , , , , , , , , , , 
2025-07-28 16:21:22.238 UTC, , ,0,0,0,0, , , , , , , , , , , , , , , , , , , , ,589,3308037,161384,336, ,11, ,44, , , , , , , , , ,11,9, , , ,6,3,11, ,70, , , , , , , , , , , , , , ,628153,12,625584,625584, , , , ,628209,25429594112,6,6,6,6, , , , , , , , , , , , , , , , , , , , , , , , , , , , , , , , ,628209, , , , ,1753718481175,,, , , , , , , , , , , , , , , , , , , , , ,1753719680467,5193, , , ,35,3145728,747782,8,8,1,8, , , ,12,12, ,24, ,3,15, , ,1, , , , , , , , , ,3708,24, , , , , , , , ,3086974976, , , , , , , ,18, , , , , , , , , , , , , , , , , , , , , , , , , , , , , , ,12, , ,6, , , , , , , , , , , , , , ,0, , , , , , , , , , , , , , , , , , , , , , , , , , , , , , 
2025-07-28 16:22:22.243 UTC, , ,0,0,0,0, , , , , , , , , , , , , , , , , , , , ,589,3313701,167048,336, ,11, ,49, , , , , , , , , ,11,9, , , ,6,3,11, ,70, , , , , , , , , , , , , , ,628153,12,625584,625584, , , , ,628209,25429594112,6,6,6,6, , , , , , , , , , , , , , , , , , , , , , , , , , , , , , , , ,628209, , , , ,1753718481175,,, , , , , , , , , , , , , , , , , , , , , ,1753719740483,5239, , , ,69,3145728,754154,3,7,1,7, , , ,17,17, ,29, ,3,20, , ,1, , , , , , , , , ,6372,29, , , , , , , , ,3128918016, , , , , , , ,23, , , , , , , , , , , , , , , , , , , , , , , , , , , , , , ,17, , ,6, , , , , , , , , , , , , , ,0, , , , , , , , , , , , , , , , , , , , , , , , , , , , , , 
2025-07-28 16:23:22.247 UTC, , ,0,0,0,0, , , , , , , , , , , , , , , , , , , , ,589,3321253,174600,336, ,11, ,52, , , , , , , , , ,11,9, , , ,6,3,11, ,70, , , , , , , , , , , , , , ,628153,12,625584,625584, , , , ,628209,25429594112,6,6,6,6, , , , , , , , , , , , , , , , , , , , , , , , , , , , , , , , ,628209, , , , ,1753718481175,,, , , , , , , , , , , , , , , , , , , , , ,1753719800499,5290, , , ,57,3145728,762737,2,5,1,5, , , ,20,20, ,31, ,3,23, , ,1, , , , , , , , , ,8583,31, , , , , , , , ,3196026880, , , , , , , ,26, , , , , , , , , , , , , , , , , , , , , , , , , , , , , , ,20, , ,6, , , , , , , , , , , , , , ,0, , , , , , , , , , , , , , , , , , , , , , , , , , , , , , 
2025-07-28 16:24:22.252 UTC, , ,0,0,0,0, , , , , , , , , , , , , , , , , , , , ,589,3324349,177696,336, ,11, ,44, , , , , , , , , ,11,9, , , ,6,3,11, ,70, , , , , , , , , , , , , , ,628153,12,625584,625584, , , , ,628209,25429594112,6,6,6,6, , , , , , , , , , , , , , , , , , , , , , , , , , , , , , , , ,628209, , , , ,1753718481175,,, , , , , , , , , , , , , , , , , , , , , ,1753719860515,5326, , , ,35,3145728,766660,8,8,1,8, , , ,12,12, ,24, ,3,15, , ,1, , , , , , , , , ,3923,24, , , , , , , , ,3250552832, , , , , , , ,18, , , , , , , , , , , , , , , , , , , , , , , , , , , , , , ,12, , ,6, , , , , , , , , , , , , , ,0, , , , , , , , , , , , , , , , , , , , , , , , , , , , , , 
2025-07-28 16:25:22.254 UTC, , ,0,0,0,0, , , , , , , , , , , , , , , , , , , , ,589,3335253,188600,336, ,12, ,57, , , , , , , , , ,12,9, , , ,7,3,12, ,70, , , , , , , , , , , , , , ,628153,12,625584,625584, , , , ,628209,25429594112,6,6,6,6, , , , , , , , , , , , , , , , , , , , , , , , , , , , , , , , ,628209, , , , ,1753718481175,,, , , , , , , , , , , , , , , , , , , , , ,1753719920532,5385, , , ,36,3145728,781617,2,2,1,2, , , ,24,24, ,35, ,3,27, , ,1, , , , , , , , , ,14957,35, , , , , , ,1,250,2993883232, , , , , , , ,30, , , , , , , , , , , , , , , , , , , , , , , , , , , , , , ,24, , ,6, , , , , , , , , , , , , , ,0, , , , , , , , , , , , , , , , , , , , , , , , , , , , , , 
2025-07-28 16:26:22.258 UTC, , ,0,0,0,0, , , , , , , , , , , , , , , , , , , , ,589,3344981,198328,336, ,12, ,50, , , , , , , , , ,12,9, , , ,7,3,11, ,70, , , , , , , , , , , , , , ,628153,12,625584,625584, , , , ,628209,25429594112,6,6,6,6, , , , , , , , , , , , , , , , , , , , , , , , , , , , , , , , ,628209, , , , ,1753718481175,,, , , , , , , , , , , , , , , , , , , , , ,1753719980548,5432, , , ,35,3145728,791438,5,14,2,14, , , ,18,18, ,29, ,3,21, , ,1, , , , , , , , , ,9821,29, , , , , , , , ,3069380704, , , , , , , ,24, , , , , , , , , , , , , , , , , , , , , , , , , , , , , , ,18, , ,6, , , , , , , , , , , , , , ,0, , , , , , , , , , , , , , , , , , , , , , , , , , , , , , 
2025-07-29 01:47:06.742 UTC, , ,0,0,0,0, , , , , , , , , , , , , , , , , , , , ,589,3353973,207320,336, ,12, ,50, , , , , , , , , ,12,9, , , ,7,3,11, ,70, , , , , , , , , , , , , , ,628153,12,625584,625584, , , , ,628209,25429594112,6,6,6,6, , , , , , , , , , , , , , , , , , , , , , , , , , , , , , , , ,628209, , , , ,1753718481175,,, , , , , , , , , , , , , , , , , , , , , ,1753753625599,5479, , , ,30,3145728,800281,19,49,4,49, , , ,18,18, ,29, ,3,21, , ,1, , , , , , , , , ,8843,29, , , , , , , , ,3119712352,1, , , , , , ,24, , , , , , , , , , , , , , , , , , , , , , , , , , , , , , ,18, , ,6, , , , , , , , , , , , , , ,0, , , , , , , , , , , , , , , , , , , , , , , , , , , , , , 
2025-07-29 01:48:06.758 UTC, , ,0,0,0,0, , , , , , , , , , , , , , , , , , , , ,589,3357045,210392,336, ,12, ,44, , , , , , , , , ,12,9, , , ,7,3,11, ,70, , , , , , , , , , , , , , ,628153,12,625584,625584, , , , ,628209,25429594112,6,6,6,6, , , , , , , , , , , , , , , , , , , , , , , , , , , , , , , , ,628209, , , , ,1753718481175,,, , , , , , , , , , , , , , , , , , , , , ,1753753685630,5515, , , ,34,3145728,803989,4,4,1,4, , , ,12,12, ,24, ,3,15, , ,1, , , , , , , , , ,3708,24, , , , , , , , ,3149072480,2, , , , , , ,18, , , , , , , , , , , , , , , , , , , , , , , , , , , , , , ,12, , ,6, , , , , , , , , , , , , , ,0, , , , , , , , , , , , , , , , , , , , , , , , , , , , , , 
2025-07-29 01:49:06.770 UTC, , ,0,0,0,0, , , , , , , , , , , , , , , , , , , , ,589,3360333,213680,336, ,12, ,44, , , , , , , , , ,12,9, , , ,7,3,11, ,70, , , , , , , , , , , , , , ,628153,12,625584,625584, , , , ,628209,25429594112,6,6,6,6, , , , , , , , , , , , , , , , , , , , , , , , , , , , , , , , ,628209, , , , ,1753718481175,,, , , , , , , , , , , , , , , , , , , , , ,1753753745668,5551, , , ,34,3145728,807912,2,2,1,2, , , ,12,12, ,24, ,3,15, , ,1, , , , , , , , , ,3923,24, , , , , , , , ,3178432608,2, , , , , , ,18, , , , , , , , , , , , , , , , , , , , , , , , , , , , , , ,12, , ,6, , , , , , , , , , , , , , ,0, , , , , , , , , , , , , , , , , , , , , , , , , , , , , , 
2025-07-29 01:50:06.787 UTC, , ,0,0,0,0, , , , , , , , , , , , , , , , , , , , ,589,3363405,216752,336, ,12, ,44, , , , , , , , , ,12,9, , , ,7,3,11, ,70, , , , , , , , , , , , , , ,628153,12,625584,625584, , , , ,628209,25429594112,6,6,6,6, , , , , , , , , , , , , , , , , , , , , , , , , , , , , , , , ,628209, , , , ,1753718481175,,, , , , , , , , , , , , , , , , , , , , , ,1753753805696,5587, , , ,34,3145728,811620,9,9,3,9, , , ,12,12, ,24, ,3,15, , ,1, , , , , , , , , ,3708,24, , , , , , , , ,3207792736,2, , , , , , ,18, , , , , , , , , , , , , , , , , , , , , , , , , , , , , , ,12, , ,6, , , , , , , , , , , , , , ,0, , , , , , , , , , , , , , , , , , , , , , , , , , , , , , 
2025-07-29 01:51:06.803 UTC, , ,0,0,0,0, , , , , , , , , , , , , , , , , , , , ,589,3366477,219824,336, ,12, ,44, , , , , , , , , ,12,9, , , ,7,3,11, ,70, , , , , , , , , , , , , , ,628153,12,625584,625584, , , , ,628209,25429594112,6,6,6,6, , , , , , , , , , , , , , , , , , , , , , , , , , , , , , , , ,628209, , , , ,1753718481175,,, , , , , , , , , , , , , , , , , , , , , ,1753753865726,5623, , , ,34,3145728,815328,13,13,3,13, , , ,12,12, ,24, ,3,15, , ,1, , , , , , , , , ,3708,24, , , , , , , , ,3237152864,2, , , , , , ,18, , , , , , , , , , , , , , , , , , , , , , , , , , , , , , ,12, , ,6, , , , , , , , , , , , , , ,0, , , , , , , , , , , , , , , , , , , , , , , , , , , , , , 
2025-07-29 01:52:06.817 UTC, , ,0,0,0,0, , , , , , , , , , , , , , , , , , , , ,589,3371941,225288,336, ,12, ,45, , , , , , , , , ,12,9, , , ,7,3,11, ,70, , , , , , , , , , , , , , ,628153,12,625584,625584, , , , ,628209,25429594112,6,6,6,6, , , , , , , , , , , , , , , , , , , , , , , , , , , , , , , , ,628209, , , , ,1753718481175,,, , , , , , , , , , , , , , , , , , , , , ,1753753925769,5661, , , ,36,3145728,821443,9,9,2,9, , , ,13,13, ,25, ,3,16, , ,1, , , , , , , , , ,6115,25, , , , , , , , ,3270707296,1, , , , , , ,19, , , , , , , , , , , , , , , , , , , , , , , , , , , , , , ,13, , ,6, , , , , , , , , , , , , , ,0, , , , , , , , , , , , , , , , , , , , , , , , , , , , , , 
2025-07-29 01:53:06.807 UTC, , ,0,0,0,0, , , , , , , , , , , , , , , , , , , , ,589,3375013,228360,336, ,12, ,44, , , , , , , , , ,12,9, , , ,7,3,11, ,70, , , , , , , , , , , , , , ,628153,12,625584,625584, , , , ,628209,25429594112,6,6,6,6, , , , , , , , , , , , , , , , , , , , , , , , , , , , , , , , ,628209, , , , ,1753718481175,,, , , , , , , , , , , , , , , , , , , , , ,1753753985773,5697, , , ,35,3145728,825151,9,9,3,9, , , ,12,12, ,24, ,3,15, , ,1, , , , , , , , , ,3708,24, , , , , , , , ,3300067424,1, , , , , , ,18, , , , , , , , , , , , , , , , , , , , , , , , , , , , , , ,12, , ,6, , , , , , , , , , , , , , ,0, , , , , , , , , , , , , , , , , , , , , , , , , , , , , , 
2025-07-29 01:54:06.807 UTC, , ,0,0,0,0, , , , , , , , , , , , , , , , , , , , ,589,3378085,231432,336, ,12, ,44, , , , , , , , , ,12,9, , , ,7,3,11, ,70, , , , , , , , , , , , , , ,628153,12,625584,625584, , , , ,628209,25429594112,6,6,6,6, , , , , , , , , , , , , , , , , , , , , , , , , , , , , , , , ,628209, , , , ,1753718481175,,, , , , , , , , , , , , , , , , , , , , , ,1753754045789,5733, , , ,35,3145728,828859,10,10,3,10, , , ,12,12, ,24, ,3,15, , ,1, , , , , , , , , ,3708,24, , , , , , , , ,3329427552,1, , , , , , ,18, , , , , , , , , , , , , , , , , , , , , , , , , , , , , , ,12, , ,6, , , , , , , , , , , , , , ,0, , , , , , , , , , , , , , , , , , , , , , , , , , , , , , 
2025-07-29 01:55:06.830 UTC, , ,0,0,0,0, , , , , , , , , , , , , , , , , , , , ,589,3380429,233776,336, ,13, ,45, , , , , , , , , ,13,9, , , ,8,3,10, ,70, , , , , , , , , , , , , , ,628153,12,625584,625584, , , , ,628209,25429594112,6,6,6,6, , , , , , , , , , , , , , , , , , , , , , , , , , , , , , , , ,628209, , , , ,1753718481175,,, , , , , , , , , , , , , , , , , , , , , ,1753754106248,5769, , , ,33,3145728,835042,5,5,2,5, , , ,12,12, ,24, ,3,15, , ,1, , , , , , , , , ,6183,24, , , , , , ,1,515,2757539104,1, , , , , , ,18, , , , , , , , , , , , , , , , , , , , , , , , , , , , , , ,12, , ,6, , , , , , , , , , , , , , ,0, , , , , , , , , , , , , , , , , , , , , , , , , , , , , , 
2025-07-29 01:56:06.824 UTC, , ,0,0,0,0, , , , , , , , , , , , , , , , , , , , ,589,3383501,236848,336, ,13, ,44, , , , , , , , , ,13,9, , , ,8,3,10, ,70, , , , , , , , , , , , , , ,628153,12,625584,625584, , , , ,628209,25429594112,6,6,6,6, , , , , , , , , , , , , , , , , , , , , , , , , , , , , , , , ,628209, , , , ,1753718481175,,, , , , , , , , , , , , , , , , , , , , , ,1753754166266,5805, , , ,33,3145728,838750,13,13,3,13, , , ,12,12, ,24, ,3,15, , ,1, , , , , , , , , ,3708,24, , , , , , , , ,2786899232,1, , , , , , ,18, , , , , , , , , , , , , , , , , , , , , , , , , , , , , , ,12, , ,6, , , , , , , , , , , , , , ,0, , , , , , , , , , , , , , , , , , , , , , , , , , , , , , 
2025-07-29 01:57:06.816 UTC, , ,0,0,0,0, , , , , , , , , , , , , , , , , , , , ,589,3386573,239920,336, ,13, ,44, , , , , , , , , ,13,9, , , ,8,3,10, ,70, , , , , , , , , , , , , , ,628153,12,625584,625584, , , , ,628209,25429594112,6,6,6,6, , , , , , , , , , , , , , , , , , , , , , , , , , , , , , , , ,628209, , , , ,1753718481175,,, , , , , , , , , , , , , , , , , , , , , ,1753754226280,5841, , , ,33,3145728,842458,9,9,4,9, , , ,12,12, ,24, ,3,15, , ,1, , , , , , , , , ,3708,24, , , , , , , , ,2816259360,1, , , , , , ,18, , , , , , , , , , , , , , , , , , , , , , , , , , , , , , ,12, , ,6, , , , , , , , , , , , , , ,0, , , , , , , , , , , , , , , , , , , , , , , , , , , , , , 
2025-07-29 01:58:06.831 UTC, , ,0,0,0,0, , , , , , , , , , , , , , , , , , , , ,589,3389645,242992,336, ,13, ,44, , , , , , , , , ,13,9, , , ,8,3,10, ,70, , , , , , , , , , , , , , ,628153,12,625584,625584, , , , ,628209,25429594112,6,6,6,6, , , , , , , , , , , , , , , , , , , , , , , , , , , , , , , , ,628209, , , , ,1753718481175,,, , , , , , , , , , , , , , , , , , , , , ,1753754286312,5877, , , ,33,3145728,846166,8,8,2,8, , , ,12,12, ,24, ,3,15, , ,1, , , , , , , , , ,3708,24, , , , , , , , ,2845619488,2, , , , , , ,18, , , , , , , , , , , , , , , , , , , , , , , , , , , , , , ,12, , ,6, , , , , , , , , , , , , , ,0, , , , , , , , , , , , , , , , , , , , , , , , , , , , , , 
2025-07-29 01:59:06.846 UTC, , ,0,0,0,0, , , , , , , , , , , , , , , , , , , , ,589,3392717,246064,336, ,13, ,44, , , , , , , , , ,13,9, , , ,8,3,10, ,70, , , , , , , , , , , , , , ,628153,12,625584,625584, , , , ,628209,25429594112,6,6,6,6, , , , , , , , , , , , , , , , , , , , , , , , , , , , , , , , ,628209, , , , ,1753718481175,,, , , , , , , , , , , , , , , , , , , , , ,1753754346359,5913, , , ,33,3145728,849874,4,4,2,4, , , ,12,12, ,24, ,3,15, , ,1, , , , , , , , , ,3708,24, , , , , , , , ,2874979616,2, , , , , , ,18, , , , , , , , , , , , , , , , , , , , , , , , , , , , , , ,12, , ,6, , , , , , , , , , , , , , ,0, , , , , , , , , , , , , , , , , , , , , , , , , , , , , , 
2025-07-29 02:00:06.861 UTC, , ,0,0,0,0, , , , , , , , , , , , , , , , , , , , ,589,3396837,250184,336, ,13, ,44, , , , , , , , , ,13,9, , , ,8,3,10, ,70, , , , , , , , , , , , , , ,628153,12,625584,625584, , , , ,628209,25429594112,6,6,6,6, , , , , , , , , , , , , , , , , , , , , , , , , , , , , , , , ,628209, , , , ,1753718481175,,, , , , , , , , , , , , , , , , , , , , , ,1753754406387,5949, , , ,33,3145728,853797,5,5,2,5, , , ,12,12, ,24, ,3,15, , ,1, , , , , , , , , ,3923,24, , , , , , , , ,2904339744,2, , , , , , ,18, , , , , , , , , , , , , , , , , , , , , , , , , , , , , , ,12, , ,6, , , , , , , , , , , , , , ,0, , , , , , , , , , , , , , , , , , , , , , , , , , , , , , 
2025-07-29 02:01:06.870 UTC, , ,0,0,0,0, , , , , , , , , , , , , , , , , , , , ,589,3399909,253256,336, ,13, ,44, , , , , , , , , ,13,9, , , ,8,3,10, ,70, , , , , , , , , , , , , , ,628153,12,625584,625584, , , , ,628209,25429594112,6,6,6,6, , , , , , , , , , , , , , , , , , , , , , , , , , , , , , , , ,628209, , , , ,1753718481175,,, , , , , , , , , , , , , , , , , , , , , ,1753754466408,5985, , , ,33,3145728,857505,6,6,2,6, , , ,12,12, ,24, ,3,15, , ,1, , , , , , , , , ,3708,24, , , , , , , , ,2996614432,1, , , , , , ,18, , , , , , , , , , , , , , , , , , , , , , , , , , , , , , ,12, , ,6, , , , , , , , , , , , , , ,0, , , , , , , , , , , , , , , , , , , , , , , , , , , , , , 
2025-07-29 02:02:06.874 UTC, , ,0,0,0,0, , , , , , , , , , , , , , , , , , , , ,589,3402981,256328,336, ,13, ,44, , , , , , , , , ,13,9, , , ,8,3,10, ,70, , , , , , , , , , , , , , ,628153,12,625584,625584, , , , ,628209,25429594112,6,6,6,6, , , , , , , , , , , , , , , , , , , , , , , , , , , , , , , , ,628209, , , , ,1753718481175,,, , , , , , , , , , , , , , , , , , , , , ,1753754526423,6021, , , ,33,3145728,861213,5,5,2,5, , , ,12,12, ,24, ,3,15, , ,1, , , , , , , , , ,3708,24, , , , , , , , ,3025974560, , , , , , , ,18, , , , , , , , , , , , , , , , , , , , , , , , , , , , , , ,12, , ,6, , , , , , , , , , , , , , ,0, , , , , , , , , , , , , , , , , , , , , , , , , , , , , , 
2025-07-29 02:03:06.878 UTC, , ,0,0,0,0, , , , , , , , , , , , , , , , , , , , ,589,3406053,259400,336, ,13, ,44, , , , , , , , , ,13,9, , , ,8,3,10, ,70, , , , , , , , , , , , , , ,628153,12,625584,625584, , , , ,628209,25429594112,6,6,6,6, , , , , , , , , , , , , , , , , , , , , , , , , , , , , , , , ,628209, , , , ,1753718481175,,, , , , , , , , , , , , , , , , , , , , , ,1753754586443,6057, , , ,33,3145728,864921,3,3,1,3, , , ,12,12, ,24, ,3,15, , ,1, , , , , , , , , ,3708,24, , , , , , , , ,3055334688, , , , , , , ,18, , , , , , , , , , , , , , , , , , , , , , , , , , , , , , ,12, , ,6, , , , , , , , , , , , , , ,0, , , , , , , , , , , , , , , , , , , , , , , , , , , , , , 
2025-07-29 02:04:06.882 UTC, , ,0,0,0,0, , , , , , , , , , , , , , , , , , , , ,589,3409125,262472,336, ,13, ,44, , , , , , , , , ,13,9, , , ,8,3,10, ,70, , , , , , , , , , , , , , ,628153,12,625584,625584, , , , ,628209,25429594112,6,6,6,6, , , , , , , , , , , , , , , , , , , , , , , , , , , , , , , , ,628209, , , , ,1753718481175,,, , , , , , , , , , , , , , , , , , , , , ,1753754646460,6093, , , ,33,3145728,868629,12,12,2,12, , , ,12,12, ,24, ,3,15, , ,1, , , , , , , , , ,3708,24, , , , , , , , ,3084694816, , , , , , , ,18, , , , , , , , , , , , , , , , , , , , , , , , , , , , , , ,12, , ,6, , , , , , , , , , , , , , ,0, , , , , , , , , , , , , , , , , , , , , , , , , , , , , , 
2025-07-29 02:05:06.884 UTC, , ,0,0,0,0, , , , , , , , , , , , , , , , , , , , ,589,3411109,264456,336, ,14, ,45, , , , , , , , , ,14,9, , , ,9,3,11, ,70, , , , , , , , , , , , , , ,628153,12,625584,625584, , , , ,628209,25429594112,6,6,6,6, , , , , , , , , , , , , , , , , , , , , , , , , , , , , , , , ,628209, , , , ,1753718481175,,, , , , , , , , , , , , , , , , , , , , , ,1753754703482,6128, , , ,39,3145728,874560,25,25,3,25, , , ,12,12, ,23, ,3,15, , ,1, , , , , , , , , ,5934,23, , , , , , , , ,3114054944, , , , , , , ,18, , , , , , , , , , , , , , , , , , , , , , , , , , , , , , ,12, , ,6, , , , , , , , , , , , , , ,0, , , , , , , , , , , , , , , , , , , , , , , , , , , , , , 
2025-07-29 02:06:06.889 UTC, , ,0,0,0,0, , , , , , , , , , , , , , , , , , , , ,589,3415493,268840,336, ,14, ,45, , , , , , , , , ,14,9, , , ,9,3,10, ,70, , , , , , , , , , , , , , ,628153,12,625584,625584, , , , ,628209,25429594112,6,6,6,6, , , , , , , , , , , , , , , , , , , , , , , , , , , , , , , , ,628209, , , , ,1753718481175,,, , , , , , , , , , , , , , , , , , , , , ,1753754763516,6166, , , ,40,3145728,879130,3,3,1,3, , , ,13,13, ,25, ,3,16, , ,1, , , , , , , , , ,4570,25, , , , , , , , ,3160192288, , , , , , , ,19, , , , , , , , , , , , , , , , , , , , , , , , , , , , , , ,13, , ,6, , , , , , , , , , , , , , ,0, , , , , , , , , , , , , , , , , , , , , , , , , , , , , , 
2025-07-29 02:07:06.897 UTC, , ,0,0,0,0, , , , , , , , , , , , , , , , , , , , ,589,3418565,271912,336, ,14, ,44, , , , , , , , , ,14,9, , , ,9,3,10, ,70, , , , , , , , , , , , , , ,628153,12,625584,625584, , , , ,628209,25429594112,6,6,6,6, , , , , , , , , , , , , , , , , , , , , , , , , , , , , , , , ,628209, , , , ,1753718481175,,, , , , , , , , , , , , , , , , , , , , , ,1753754826819,6203, , , ,33,3145728,882878,2,2,1,2, , , ,12,12, ,25, ,3,15, , ,1, , , , , , , , , ,3745,25, , , , , , ,1,353,2581165880, , , , , , , ,18, , , , , , , , , , , , , , , , , , , , , , , , , , , , , , ,12, , ,6, , , , , , , , , , , , , , ,0, , , , , , , , , , , , , , , , , , , , , , , , , , , , , , 
2025-07-29 02:08:06.901 UTC, , ,0,0,0,0, , , , , , , , , , , , , , , , , , , , ,589,3421637,274984,336, ,14, ,44, , , , , , , , , ,14,9, , , ,9,3,10, ,70, , , , , , , , , , , , , , ,628153,12,625584,625584, , , , ,628209,25429594112,6,6,6,6, , , , , , , , , , , , , , , , , , , , , , , , , , , , , , , , ,628209, , , , ,1753718481175,,, , , , , , , , , , , , , , , , , , , , , ,1753754886851,6239, , , ,33,3145728,886586,13,13,2,13, , , ,12,12, ,24, ,3,15, , ,1, , , , , , , , , ,3708,24, , , , , , , , ,2614720312, , , , , , , ,18, , , , , , , , , , , , , , , , , , , , , , , , , , , , , , ,12, , ,6, , , , , , , , , , , , , , ,0, , , , , , , , , , , , , , , , , , , , , , , , , , , , , , 
2025-07-29 02:09:06.904 UTC, , ,0,0,0,0, , , , , , , , , , , , , , , , , , , , ,589,3424709,278056,336, ,14, ,44, , , , , , , , , ,14,9, , , ,9,3,10, ,70, , , , , , , , , , , , , , ,628153,12,625584,625584, , , , ,628209,25429594112,6,6,6,6, , , , , , , , , , , , , , , , , , , , , , , , , , , , , , , , ,628209, , , , ,1753718481175,,, , , , , , , , , , , , , , , , , , , , , ,1753754946866,6275, , , ,33,3145728,890294,21,21,3,21, , , ,12,12, ,24, ,3,15, , ,1, , , , , , , , , ,3708,24, , , , , , , , ,2648274744, , , , , , , ,18, , , , , , , , , , , , , , , , , , , , , , , , , , , , , , ,12, , ,6, , , , , , , , , , , , , , ,0, , , , , , , , , , , , , , , , , , , , , , , , , , , , , , 
2025-07-29 02:10:06.908 UTC, , ,0,0,0,0, , , , , , , , , , , , , , , , , , , , ,589,3427781,281128,336, ,14, ,44, , , , , , , , , ,14,9, , , ,9,3,10, ,70, , , , , , , , , , , , , , ,628153,12,625584,625584, , , , ,628209,25429594112,6,6,6,6, , , , , , , , , , , , , , , , , , , , , , , , , , , , , , , , ,628209, , , , ,1753718481175,,, , , , , , , , , , , , , , , , , , , , , ,1753755003729,6310, , , ,38,3145728,893962,12,12,2,12, , , ,12,12, ,23, ,3,15, , ,1, , , , , , , , , ,3671,23, , , , , , , , ,2681829176, , , , , , , ,18, , , , , , , , , , , , , , , , , , , , , , , , , , , , , , ,12, , ,6, , , , , , , , , , , , , , ,0, , , , , , , , , , , , , , , , , , , , , , , , , , , , , , 
2025-07-29 02:11:06.912 UTC, , ,0,0,0,0, , , , , , , , , , , , , , , , , , , , ,589,3430853,284200,336, ,14, ,44, , , , , , , , , ,14,9, , , ,9,3,10, ,70, , , , , , , , , , , , , , ,628153,12,625584,625584, , , , ,628209,25429594112,6,6,6,6, , , , , , , , , , , , , , , , , , , , , , , , , , , , , , , , ,628209, , , , ,1753718481175,,, , , , , , , , , , , , , , , , , , , , , ,1753755063780,6346, , , ,39,3145728,897885,9,9,2,9, , , ,12,12, ,24, ,3,15, , ,1, , , , , , , , , ,3923,24, , , , , , , , ,2715383608, , , , , , , ,18, , , , , , , , , , , , , , , , , , , , , , , , , , , , , , ,12, , ,6, , , , , , , , , , , , , , ,0, , , , , , , , , , , , , , , , , , , , , , , , , , , , , , 
2025-07-29 02:12:06.916 UTC, , ,0,0,0,0, , , , , , , , , , , , , , , , , , , , ,589,3434141,287488,336, ,14, ,44, , , , , , , , , ,14,9, , , ,9,3,10, ,70, , , , , , , , , , , , , , ,628153,12,625584,625584, , , , ,628209,25429594112,6,6,6,6, , , , , , , , , , , , , , , , , , , , , , , , , , , , , , , , ,628209, , , , ,1753718481175,,, , , , , , , , , , , , , , , , , , , , , ,1753755123834,6382, , , ,39,3145728,901593,16,16,3,16, , , ,12,12, ,24, ,3,15, , ,1, , , , , , , , , ,3708,24, , , , , , , , ,2748938040, , , , , , , ,18, , , , , , , , , , , , , , , , , , , , , , , , , , , , , , ,12, , ,6, , , , , , , , , , , , , , ,0, , , , , , , , , , , , , , , , , , , , , , , , , , , , , , 
2025-07-29 02:13:06.920 UTC, , ,0,0,0,0, , , , , , , , , , , , , , , , , , , , ,589,3458029,311376,336, ,14, ,46, , , , , , , , , ,14,9, , , ,9,3,10, ,70, , , , , , , , , , , , , , ,628153,12,625584,625584, , , , ,628209,25429594112,6,6,6,6, , , , , , , , , , , , , , , , , , , , , , , , , , , , , , , , ,628209, , , , ,1753718481175,,, , , , , , , , , , , , , , , , , , , , , ,1753755183879,6422, , , ,39,3145728,926467,5,5,1,5, , , ,14,14, ,26, ,3,18, , ,1, , , , , , , , , ,24874,26, , , , , , , , ,2786686776, , , , , , , ,20, , , , , , , , , , , , , , , , , , , , , , , , , , , , , , ,14, , ,6, , , , , , , , , , , , , , ,0, , , , , , , , , , , , , , , , , , , , , , , , , , , , , , 
2025-07-29 02:14:06.922 UTC, , ,0,0,0,0, , , , , , , , , , , , , , , , , , , , ,589,3461101,314448,336, ,14, ,44, , , , , , , , , ,14,9, , , ,9,3,10, ,70, , , , , , , , , , , , , , ,628153,12,625584,625584, , , , ,628209,25429594112,6,6,6,6, , , , , , , , , , , , , , , , , , , , , , , , , , , , , , , , ,628209, , , , ,1753718481175,,, , , , , , , , , , , , , , , , , , , , , ,1753755243912,6458, , , ,38,3145728,930175,7,7,2,7, , , ,12,12, ,24, ,3,15, , ,1, , , , , , , , , ,3708,24, , , , , , , , ,2820241208, , , , , , , ,18, , , , , , , , , , , , , , , , , , , , , , , , , , , , , , ,12, , ,6, , , , , , , , , , , , , , ,0, , , , , , , , , , , , , , , , , , , , , , , , , , , , , , 
2025-07-29 02:15:06.924 UTC, , ,0,0,0,0, , , , , , , , , , , , , , , , , , , , ,589,3464173,317520,336, ,14, ,44, , , , , , , , , ,14,9, , , ,9,3,10, ,70, , , , , , , , , , , , , , ,628153,12,625584,625584, , , , ,628209,25429594112,6,6,6,6, , , , , , , , , , , , , , , , , , , , , , , , , , , , , , , , ,628209, , , , ,1753718481175,,, , , , , , , , , , , , , , , , , , , , , ,1753755303945,6494, , , ,38,3145728,933883,10,10,2,10, , , ,12,12, ,24, ,3,15, , ,1, , , , , , , , , ,3708,24, , , , , , , , ,2853795640, , , , , , , ,18, , , , , , , , , , , , , , , , , , , , , , , , , , , , , , ,12, , ,6, , , , , , , , , , , , , , ,0, , , , , , , , , , , , , , , , , , , , , , , , , , , , , , 
2025-07-29 02:16:06.927 UTC, , ,0,0,0,0, , , , , , , , , , , , , , , , , , , , ,589,3467133,320480,336, ,15, ,45, , , , , , , , , ,15,9, , , ,10,3,10, ,70, , , , , , , , , , , , , , ,628153,12,625584,625584, , , , ,628209,25429594112,6,6,6,6, , , , , , , , , , , , , , , , , , , , , , , , , , , , , , , , ,628209, , , , ,1753718481175,,, , , , , , , , , , , , , , , , , , , , , ,1753755363997,6530, , , ,38,3145728,939871,3,3,1,3, , , ,12,12, ,24, ,3,15, , ,1, , , , , , , , , ,5988,24, , , , , , , , ,2887350072, , , , , , , ,18, , , , , , , , , , , , , , , , , , , , , , , , , , , , , , ,12, , ,6, , , , , , , , , , , , , , ,0, , , , , , , , , , , , , , , , , , , , , , , , , , , , , , 
2025-07-29 02:17:06.930 UTC, , ,0,0,0,0, , , , , , , , , , , , , , , , , , , , ,589,3471253,324600,336, ,15, ,44, , , , , , , , , ,15,9, , , ,10,3,10, ,70, , , , , , , , , , , , , , ,628153,12,625584,625584, , , , ,628209,25429594112,6,6,6,6, , , , , , , , , , , , , , , , , , , , , , , , , , , , , , , , ,628209, , , , ,1753718481175,,, , , , , , , , , , , , , , , , , , , , , ,1753755424043,6566, , , ,38,3145728,943794,4,4,2,4, , , ,12,12, ,24, ,3,15, , ,1, , , , , , , , , ,3923,24, , , , , , , , ,2920904504, , , , , , , ,18, , , , , , , , , , , , , , , , , , , , , , , , , , , , , , ,12, , ,6, , , , , , , , , , , , , , ,0, , , , , , , , , , , , , , , , , , , , , , , , , , , , , , 
2025-07-29 02:18:06.932 UTC, , ,0,0,0,0, , , , , , , , , , , , , , , , , , , , ,589,3474325,327672,336, ,15, ,44, , , , , , , , , ,15,9, , , ,10,3,10, ,70, , , , , , , , , , , , , , ,628153,12,625584,625584, , , , ,628209,25429594112,6,6,6,6, , , , , , , , , , , , , , , , , , , , , , , , , , , , , , , , ,628209, , , , ,1753718481175,,, , , , , , , , , , , , , , , , , , , , , ,1753755484095,6602, , , ,39,3145728,947502,8,8,1,8, , , ,12,12, ,24, ,3,15, , ,1, , , , , , , , , ,3708,24, , , , , , , , ,2954458936, , , , , , , ,18, , , , , , , , , , , , , , , , , , , , , , , , , , , , , , ,12, , ,6, , , , , , , , , , , , , , ,0, , , , , , , , , , , , , , , , , , , , , , , , , , , , , , 
2025-07-29 02:19:06.935 UTC, , ,0,0,0,0, , , , , , , , , , , , , , , , , , , , ,589,3477397,330744,336, ,15, ,44, , , , , , , , , ,15,9, , , ,10,3,10, ,70, , , , , , , , , , , , , , ,628153,12,625584,625584, , , , ,628209,25429594112,6,6,6,6, , , , , , , , , , , , , , , , , , , , , , , , , , , , , , , , ,628209, , , , ,1753718481175,,, , , , , , , , , , , , , , , , , , , , , ,1753755544135,6638, , , ,39,3145728,951210,3,3,1,3, , , ,12,12, ,24, ,3,15, , ,1, , , , , , , , , ,3708,24, , , , , , ,1,162,2369415944, , , , , , , ,18, , , , , , , , , , , , , , , , , , , , , , , , , , , , , , ,12, , ,6, , , , , , , , , , , , , , ,0, , , , , , , , , , , , , , , , , , , , , , , , , , , , , , 
2025-07-29 02:20:06.938 UTC, , ,0,0,0,0, , , , , , , , , , , , , , , , , , , , ,589,3480469,333816,336, ,15, ,44, , , , , , , , , ,15,9, , , ,10,3,10, ,70, , , , , , , , , , , , , , ,628153,12,625584,625584, , , , ,628209,25429594112,6,6,6,6, , , , , , , , , , , , , , , , , , , , , , , , , , , , , , , , ,628209, , , , ,1753718481175,,, , , , , , , , , , , , , , , , , , , , , ,1753755604174,6674, , , ,38,3145728,954918,4,4,1,4, , , ,12,12, ,24, ,3,15, , ,1, , , , , , , , , ,3708,24, , , , , , , , ,2402970376, , , , , , , ,18, , , , , , , , , , , , , , , , , , , , , , , , , , , , , , ,12, , ,6, , , , , , , , , , , , , , ,0, , , , , , , , , , , , , , , , , , , , , , , , , , , , , , 
2025-07-29 02:21:06.940 UTC, , ,0,0,0,0, , , , , , , , , , , , , , , , , , , , ,589,3483541,336888,336, ,15, ,44, , , , , , , , , ,15,9, , , ,10,3,10, ,70, , , , , , , , , , , , , , ,628153,12,625584,625584, , , , ,628209,25429594112,6,6,6,6, , , , , , , , , , , , , , , , , , , , , , , , , , , , , , , , ,628209, , , , ,1753718481175,,, , , , , , , , , , , , , , , , , , , , , ,1753755664220,6710, , , ,38,3145728,958626,3,3,1,3, , , ,12,12, ,24, ,3,15, , ,1, , , , , , , , , ,3708,24, , , , , , , , ,2436524808, , , , , , , ,18, , , , , , , , , , , , , , , , , , , , , , , , , , , , , , ,12, , ,6, , , , , , , , , , , , , , ,0, , , , , , , , , , , , , , , , , , , , , , , , , , , , , , 
2025-07-29 02:22:06.942 UTC, , ,0,0,0,0, , , , , , , , , , , , , , , , , , , , ,589,3486829,340176,336, ,15, ,44, , , , , , , , , ,15,9, , , ,10,3,10, ,70, , , , , , , , , , , , , , ,628153,12,625584,625584, , , , ,628209,25429594112,6,6,6,6, , , , , , , , , , , , , , , , , , , , , , , , , , , , , , , , ,628209, , , , ,1753718481175,,, , , , , , , , , , , , , , , , , , , , , ,1753755724259,6746, , , ,38,3145728,962549,5,5,2,5, , , ,12,12, ,24, ,3,15, , ,1, , , , , , , , , ,3923,24, , , , , , , , ,2474273544, , , , , , , ,18, , , , , , , , , , , , , , , , , , , , , , , , , , , , , , ,12, , ,6, , , , , , , , , , , , , , ,0, , , , , , , , , , , , , , , , , , , , , , , , , , , , , , 
2025-07-29 02:23:06.941 UTC, , ,0,0,0,0, , , , , , , , , , , , , , , , , , , , ,589,3489901,343248,336, ,15, ,44, , , , , , , , , ,15,9, , , ,10,3,10, ,70, , , , , , , , , , , , , , ,628153,12,625584,625584, , , , ,628209,25429594112,6,6,6,6, , , , , , , , , , , , , , , , , , , , , , , , , , , , , , , , ,628209, , , , ,1753718481175,,, , , , , , , , , , , , , , , , , , , , , ,1753755784295,6782, , , ,38,3145728,966257,4,4,1,4, , , ,12,12, ,24, ,3,15, , ,1, , , , , , , , , ,3708,24, , , , , , , , ,2507827976, , , , , , , ,18, , , , , , , , , , , , , , , , , , , , , , , , , , , , , , ,12, , ,6, , , , , , , , , , , , , , ,0, , , , , , , , , , , , , , , , , , , , , , , , , , , , , , 
2025-07-29 02:24:06.942 UTC, , ,0,0,0,0, , , , , , , , , , , , , , , , , , , , ,589,3492973,346320,336, ,15, ,44, , , , , , , , , ,15,9, , , ,10,3,10, ,70, , , , , , , , , , , , , , ,628153,12,625584,625584, , , , ,628209,25429594112,6,6,6,6, , , , , , , , , , , , , , , , , , , , , , , , , , , , , , , , ,628209, , , , ,1753718481175,,, , , , , , , , , , , , , , , , , , , , , ,1753755844332,6818, , , ,38,3145728,969965,3,3,1,3, , , ,12,12, ,24, ,3,15, , ,1, , , , , , , , , ,3708,24, , , , , , , , ,2537188104, , , , , , , ,18, , , , , , , , , , , , , , , , , , , , , , , , , , , , , , ,12, , ,6, , , , , , , , , , , , , , ,0, , , , , , , , , , , , , , , , , , , , , , , , , , , , , , 
2025-07-29 02:25:06.945 UTC, , ,0,0,0,0, , , , , , , , , , , , , , , , , , , , ,589,3496045,349392,336, ,15, ,44, , , , , , , , , ,15,9, , , ,10,3,10, ,70, , , , , , , , , , , , , , ,628153,12,625584,625584, , , , ,628209,25429594112,6,6,6,6, , , , , , , , , , , , , , , , , , , , , , , , , , , , , , , , ,628209, , , , ,1753718481175,,, , , , , , , , , , , , , , , , , , , , , ,1753755904364,6854, , , ,38,3145728,973673,3,3,1,3, , , ,12,12, ,24, ,3,15, , ,1, , , , , , , , , ,3708,24, , , , , , , , ,2570742536, , , , , , , ,18, , , , , , , , , , , , , , , , , , , , , , , , , , , , , , ,12, , ,6, , , , , , , , , , , , , , ,0, , , , , , , , , , , , , , , , , , , , , , , , , , , , , , 
2025-07-29 02:26:06.947 UTC, , ,0,0,0,0, , , , , , , , , , , , , , , , , , , , ,589,3497581,350928,336, ,16, ,45, , , , , , , , , ,16,9, , , ,11,3,11, ,70, , , , , , , , , , , , , , ,628153,12,625584,625584, , , , ,628209,25429594112,6,6,6,6, , , , , , , , , , , , , , , , , , , , , , , , , , , , , , , , ,628209, , , , ,1753718481175,,, , , , , , , , , , , , , , , , , , , , , ,1753755964401,6890, , , ,40,3145728,979672,6,6,1,6, , , ,12,12, ,24, ,3,15, , ,1, , , , , , , , , ,5999,24, , , , , , , , ,2604296968, , , , , , , ,18, , , , , , , , , , , , , , , , , , , , , , , , , , , , , , ,12, , ,6, , , , , , , , , , , , , , ,0, , , , , , , , , , , , , , , , , , , , , , , , , , , , , , 
2025-07-29 02:27:06.948 UTC, , ,0,0,0,0, , , , , , , , , , , , , , , , , , , , ,589,3502077,355424,336, ,16, ,44, , , , , , , , , ,16,9, , , ,11,3,10, ,70, , , , , , , , , , , , , , ,628153,12,625584,625584, , , , ,628209,25429594112,6,6,6,6, , , , , , , , , , , , , , , , , , , , , , , , , , , , , , , , ,628209, , , , ,1753718481175,,, , , , , , , , , , , , , , , , , , , , , ,1753756024437,6926, , , ,40,3145728,983380,3,3,1,3, , , ,12,12, ,24, ,3,15, , ,1, , , , , , , , , ,3708,24, , , , , , , , ,2637851400, , , , , , , ,18, , , , , , , , , , , , , , , , , , , , , , , , , , , , , , ,12, , ,6, , , , , , , , , , , , , , ,0, , , , , , , , , , , , , , , , , , , , , , , , , , , , , , 
2025-07-29 02:28:06.957 UTC, , ,0,0,0,0, , , , , , , , , , , , , , , , , , , , ,589,3505365,358712,336, ,16, ,44, , , , , , , , , ,16,9, , , ,11,3,10, ,70, , , , , , , , , , , , , , ,628153,12,625584,625584, , , , ,628209,25429594112,6,6,6,6, , , , , , , , , , , , , , , , , , , , , , , , , , , , , , , , ,628209, , , , ,1753718481175,,, , , , , , , , , , , , , , , , , , , , , ,1753756084474,6962, , , ,40,3145728,987303,3,3,1,3, , , ,12,12, ,24, ,3,15, , ,1, , , , , , , , , ,3923,24, , , , , , , , ,2671405832, , , , , , , ,18, , , , , , , , , , , , , , , , , , , , , , , , , , , , , , ,12, , ,6, , , , , , , , , , , , , , ,0, , , , , , , , , , , , , , , , , , , , , , , , , , , , , , 
2025-07-29 02:29:06.962 UTC, , ,0,0,0,0, , , , , , , , , , , , , , , , , , , , ,589,3508437,361784,336, ,16, ,44, , , , , , , , , ,16,9, , , ,11,3,10, ,70, , , , , , , , , , , , , , ,628153,12,625584,625584, , , , ,628209,25429594112,6,6,6,6, , , , , , , , , , , , , , , , , , , , , , , , , , , , , , , , ,628209, , , , ,1753718481175,,, , , , , , , , , , , , , , , , , , , , , ,1753756144522,6998, , , ,40,3145728,991011,2,2,1,2, , , ,12,12, ,24, ,3,15, , ,1, , , , , , , , , ,3708,24, , , , , , , , ,2704960264,1, , , , , , ,18, , , , , , , , , , , , , , , , , , , , , , , , , , , , , , ,12, , ,6, , , , , , , , , , , , , , ,0, , , , , , , , , , , , , , , , , , , , , , , , , , , , , , 
2025-07-29 02:30:06.965 UTC, , ,0,0,0,0, , , , , , , , , , , , , , , , , , , , ,589,3511509,364856,336, ,16, ,44, , , , , , , , , ,16,9, , , ,11,3,10, ,70, , , , , , , , , , , , , , ,628153,12,625584,625584, , , , ,628209,25429594112,6,6,6,6, , , , , , , , , , , , , , , , , , , , , , , , , , , , , , , , ,628209, , , , ,1753718481175,,, , , , , , , , , , , , , , , , , , , , , ,1753756204560,7034, , , ,40,3145728,994719,4,4,1,4, , , ,12,12, ,24, ,3,15, , ,1, , , , , , , , , ,3708,24, , , , , , , , ,2738514696, , , , , , , ,18, , , , , , , , , , , , , , , , , , , , , , , , , , , , , , ,12, , ,6, , , , , , , , , , , , , , ,0, , , , , , , , , , , , , , , , , , , , , , , , , , , , , , 
2025-07-29 02:31:06.969 UTC, , ,0,0,0,0, , , , , , , , , , , , , , , , , , , , ,589,3514581,367928,336, ,16, ,44, , , , , , , , , ,16,9, , , ,11,3,10, ,70, , , , , , , , , , , , , , ,628153,12,625584,625584, , , , ,628209,25429594112,6,6,6,6, , , , , , , , , , , , , , , , , , , , , , , , , , , , , , , , ,628209, , , , ,1753718481175,,, , , , , , , , , , , , , , , , , , , , , ,1753756264597,7070, , , ,40,3145728,998427,3,3,1,3, , , ,12,12, ,24, ,3,15, , ,1, , , , , , , , , ,3708,24, , , , , , , , ,2772069128, , , , , , , ,18, , , , , , , , , , , , , , , , , , , , , , , , , , , , , , ,12, , ,6, , , , , , , , , , , , , , ,0, , , , , , , , , , , , , , , , , , , , , , , , , , , , , , 
2025-07-29 02:32:06.987 UTC, , ,0,0,0,0, , , , , , , , , , , , , , , , , , , , ,589,3517653,371000,336, ,16, ,44, , , , , , , , , ,16,9, , , ,11,3,10, ,70, , , , , , , , , , , , , , ,628153,12,625584,625584, , , , ,628209,25429594112,6,6,6,6, , , , , , , , , , , , , , , , , , , , , , , , , , , , , , , , ,628209, , , , ,1753718481175,,, , , , , , , , , , , , , , , , , , , , , ,1753756324638,7106, , , ,40,3145728,1002135,2,2,1,2, , , ,12,12, ,24, ,3,15, , ,1, , , , , , , , , ,3708,24, , , , , , ,1,610,2195506960, , , , , , , ,18, , , , , , , , , , , , , , , , , , , , , , , , , , , , , , ,12, , ,6, , , , , , , , , , , , , , ,0, , , , , , , , , , , , , , , , , , , , , , , , , , , , , , 
2025-07-29 02:33:06.991 UTC, , ,0,0,0,0, , , , , , , , , , , , , , , , , , , , ,589,3520725,374072,336, ,16, ,44, , , , , , , , , ,16,9, , , ,11,3,10, ,70, , , , , , , , , , , , , , ,628153,12,625584,625584, , , , ,628209,25429594112,6,6,6,6, , , , , , , , , , , , , , , , , , , , , , , , , , , , , , , , ,628209, , , , ,1753718481175,,, , , , , , , , , , , , , , , , , , , , , ,1753756384673,7142, , , ,40,3145728,1005843,4,4,1,4, , , ,12,12, ,24, ,3,15, , ,1, , , , , , , , , ,3708,24, , , , , , , , ,2229061392, , , , , , , ,18, , , , , , , , , , , , , , , , , , , , , , , , , , , , , , ,12, , ,6, , , , , , , , , , , , , , ,0, , , , , , , , , , , , , , , , , , , , , , , , , , , , , , 
2025-07-29 02:34:06.995 UTC, , ,0,0,0,0, , , , , , , , , , , , , , , , , , , , ,589,3524013,377360,336, ,16, ,44, , , , , , , , , ,16,9, , , ,11,3,10, ,70, , , , , , , , , , , , , , ,628153,12,625584,625584, , , , ,628209,25429594112,6,6,6,6, , , , , , , , , , , , , , , , , , , , , , , , , , , , , , , , ,628209, , , , ,1753718481175,,, , , , , , , , , , , , , , , , , , , , , ,1753756444713,7178, , , ,40,3145728,1009766,3,3,1,3, , , ,12,12, ,24, ,3,15, , ,1, , , , , , , , , ,3923,24, , , , , , , , ,2258421520, , , , , , , ,18, , , , , , , , , , , , , , , , , , , , , , , , , , , , , , ,12, , ,6, , , , , , , , , , , , , , ,0, , , , , , , , , , , , , , , , , , , , , , , , , , , , , , 
2025-07-29 02:35:07.009 UTC, , ,0,0,0,0, , , , , , , , , , , , , , , , , , , , ,589,3527085,380432,336, ,16, ,44, , , , , , , , , ,16,9, , , ,11,3,10, ,70, , , , , , , , , , , , , , ,628153,12,625584,625584, , , , ,628209,25429594112,6,6,6,6, , , , , , , , , , , , , , , , , , , , , , , , , , , , , , , , ,628209, , , , ,1753718481175,,, , , , , , , , , , , , , , , , , , , , , ,1753756504748,7214, , , ,40,3145728,1013474,3,3,1,3, , , ,12,12, ,24, ,3,15, , ,1, , , , , , , , , ,3708,24, , , , , , , , ,2287781648, , , , , , , ,18, , , , , , , , , , , , , , , , , , , , , , , , , , , , , , ,12, , ,6, , , , , , , , , , , , , , ,0, , , , , , , , , , , , , , , , , , , , , , , , , , , , , , 
2025-07-29 02:36:07.021 UTC, , ,0,0,0,0, , , , , , , , , , , , , , , , , , , , ,589,3530157,383504,336, ,16, ,44, , , , , , , , , ,16,9, , , ,11,3,10, ,70, , , , , , , , , , , , , , ,628153,12,625584,625584, , , , ,628209,25429594112,6,6,6,6, , , , , , , , , , , , , , , , , , , , , , , , , , , , , , , , ,628209, , , , ,1753718481175,,, , , , , , , , , , , , , , , , , , , , , ,1753756564785,7250, , , ,40,3145728,1017182,2,2,1,2, , , ,12,12, ,24, ,3,15, , ,1, , , , , , , , , ,3708,24, , , , , , , , ,2321336080, , , , , , , ,18, , , , , , , , , , , , , , , , , , , , , , , , , , , , , , ,12, , ,6, , , , , , , , , , , , , , ,0, , , , , , , , , , , , , , , , , , , , , , , , , , , , , , 
2025-07-29 02:37:07.026 UTC, , ,0,0,0,0, , , , , , , , , , , , , , , , , , , , ,589,3532797,386144,336, ,17, ,45, , , , , , , , , ,17,9, , , ,12,3,10, ,70, , , , , , , , , , , , , , ,628153,12,625584,625584, , , , ,628209,25429594112,6,6,6,6, , , , , , , , , , , , , , , , , , , , , , , , , , , , , , , , ,628209, , , , ,1753718481175,,, , , , , , , , , , , , , , , , , , , , , ,1753756624835,7286, , , ,40,3145728,1023195,3,3,1,3, , , ,12,12, ,24, ,3,15, , ,1, , , , , , , , , ,6013,24, , , , , , , , ,2354890512, , , , , , , ,18, , , , , , , , , , , , , , , , , , , , , , , , , , , , , , ,12, , ,6, , , , , , , , , , , , , , ,0, , , , , , , , , , , , , , , , , , , , , , , , , , , , , , 
2025-07-29 02:38:07.032 UTC, , ,0,0,0,0, , , , , , , , , , , , , , , , , , , , ,589,3535869,389216,336, ,17, ,44, , , , , , , , , ,17,9, , , ,12,3,10, ,70, , , , , , , , , , , , , , ,628153,12,625584,625584, , , , ,628209,25429594112,6,6,6,6, , , , , , , , , , , , , , , , , , , , , , , , , , , , , , , , ,628209, , , , ,1753718481175,,, , , , , , , , , , , , , , , , , , , , , ,1753756684885,7322, , , ,40,3145728,1026903,2,2,1,2, , , ,12,12, ,24, ,3,15, , ,1, , , , , , , , , ,3708,24, , , , , , , , ,2384250640, , , , , , , ,18, , , , , , , , , , , , , , , , , , , , , , , , , , , , , , ,12, , ,6, , , , , , , , , , , , , , ,0, , , , , , , , , , , , , , , , , , , , , , , , , , , , , , 
2025-07-29 02:39:07.036 UTC, , ,0,0,0,0, , , , , , , , , , , , , , , , , , , , ,589,3538965,392312,336, ,17, ,44, , , , , , , , , ,17,9, , , ,12,3,10, ,70, , , , , , , , , , , , , , ,628153,12,625584,625584, , , , ,628209,25429594112,6,6,6,6, , , , , , , , , , , , , , , , , , , , , , , , , , , , , , , , ,628209, , , , ,1753718481175,,, , , , , , , , , , , , , , , , , , , , , ,1753756744930,7358, , , ,39,3145728,1030826,11,11,1,11, , , ,12,12, ,24, ,3,15, , ,1, , , , , , , , , ,3923,24, , , , , , , , ,2417805072, , , , , , , ,18, , , , , , , , , , , , , , , , , , , , , , , , , , , , , , ,12, , ,6, , , , , , , , , , , , , , ,0, , , , , , , , , , , , , , , , , , , , , , , , , , , , , , 
2025-07-29 02:40:07.039 UTC, , ,0,0,0,0, , , , , , , , , , , , , , , , , , , , ,589,3542037,395384,336, ,17, ,44, , , , , , , , , ,17,9, , , ,12,3,10, ,70, , , , , , , , , , , , , , ,628153,12,625584,625584, , , , ,628209,25429594112,6,6,6,6, , , , , , , , , , , , , , , , , , , , , , , , , , , , , , , , ,628209, , , , ,1753718481175,,, , , , , , , , , , , , , , , , , , , , , ,1753756805011,7394, , , ,39,3145728,1034534,50,50,4,50, , , ,12,12, ,24, ,3,15, , ,1, , , , , , , , , ,3708,24, , , , , , , , ,2451359504, , , , , , , ,18, , , , , , , , , , , , , , , , , , , , , , , , , , , , , , ,12, , ,6, , , , , , , , , , , , , , ,0, , , , , , , , , , , , , , , , , , , , , , , , , , , , , , 
2025-07-29 02:41:07.047 UTC, , ,0,0,0,0, , , , , , , , , , , , , , , , , , , , ,589,3545109,398456,336, ,17, ,44, , , , , , , , , ,17,9, , , ,12,3,10, ,70, , , , , , , , , , , , , , ,628153,12,625584,625584, , , , ,628209,25429594112,6,6,6,6, , , , , , , , , , , , , , , , , , , , , , , , , , , , , , , , ,628209, , , , ,1753718481175,,, , , , , , , , , , , , , , , , , , , , , ,1753756865069,7430, , , ,39,3145728,1038242,112,112,14,112, , , ,12,12, ,24, ,3,15, , ,1, , , , , , , , , ,3708,24, , , , , , , , ,2480719632, , , , , , , ,18, , , , , , , , , , , , , , , , , , , , , , , , , , , , , , ,12, , ,6, , , , , , , , , , , , , , ,0, , , , , , , , , , , , , , , , , , , , , , , , , , , , , , 
2025-07-29 02:42:07.053 UTC, , ,0,0,0,0, , , , , , , , , , , , , , , , , , , , ,589,3548181,401528,336, ,17, ,44, , , , , , , , , ,17,9, , , ,12,3,10, ,70, , , , , , , , , , , , , , ,628153,12,625584,625584, , , , ,628209,25429594112,6,6,6,6, , , , , , , , , , , , , , , , , , , , , , , , , , , , , , , , ,628209, , , , ,1753718481175,,, , , , , , , , , , , , , , , , , , , , , ,1753756925136,7466, , , ,39,3145728,1041950,23,23,2,23, , , ,12,12, ,24, ,3,15, , ,1, , , , , , , , , ,3708,24, , , , , , , , ,2514274064, , , , , , , ,18, , , , , , , , , , , , , , , , , , , , , , , , , , , , , , ,12, , ,6, , , , , , , , , , , , , , ,0, , , , , , , , , , , , , , , , , , , , , , , , , , , , , , 
2025-07-29 02:43:07.060 UTC, , ,0,0,0,0, , , , , , , , , , , , , , , , , , , , ,589,3551253,404600,336, ,17, ,44, , , , , , , , , ,17,9, , , ,12,3,10, ,70, , , , , , , , , , , , , , ,628153,12,625584,625584, , , , ,628209,25429594112,6,6,6,6, , , , , , , , , , , , , , , , , , , , , , , , , , , , , , , , ,628209, , , , ,1753718481175,,, , , , , , , , , , , , , , , , , , , , , ,1753756985186,7502, , , ,39,3145728,1045658,4,4,1,4, , , ,12,12, ,24, ,3,15, , ,1, , , , , , , , , ,3708,24, , , , , , , , ,2547828496, , , , , , , ,18, , , , , , , , , , , , , , , , , , , , , , , , , , , , , , ,12, , ,6, , , , , , , , , , , , , , ,0, , , , , , , , , , , , , , , , , , , , , , , , , , , , , , 
2025-07-29 02:44:07.073 UTC, , ,0,0,0,0, , , , , , , , , , , , , , , , , , , , ,589,3554541,407888,336, ,17, ,44, , , , , , , , , ,17,9, , , ,12,3,10, ,70, , , , , , , , , , , , , , ,628153,12,625584,625584, , , , ,628209,25429594112,6,6,6,6, , , , , , , , , , , , , , , , , , , , , , , , , , , , , , , , ,628209, , , , ,1753718481175,,, , , , , , , , , , , , , , , , , , , , , ,1753757045216,7538, , , ,39,3145728,1049581,2,2,1,2, , , ,12,12, ,24, ,3,15, , ,1, , , , , , , , , ,3923,24, , , , , , , , ,2577188624, , , , , , , ,18, , , , , , , , , , , , , , , , , , , , , , , , , , , , , , ,12, , ,6, , , , , , , , , , , , , , ,0, , , , , , , , , , , , , , , , , , , , , , , , , , , , , , 
2025-07-29 02:45:07.098 UTC, , ,0,0,0,0, , , , , , , , , , , , , , , , , , , , ,589,3557613,410960,336, ,17, ,44, , , , , , , , , ,17,9, , , ,12,3,10, ,70, , , , , , , , , , , , , , ,628153,12,625584,625584, , , , ,628209,25429594112,6,6,6,6, , , , , , , , , , , , , , , , , , , , , , , , , , , , , , , , ,628209, , , , ,1753718481175,,, , , , , , , , , , , , , , , , , , , , , ,1753757105254,7574, , , ,38,3145728,1053289,2,2,1,2, , , ,12,12, ,24, ,3,15, , ,1, , , , , , , , , ,3708,24, , , , , , ,1,1100,2022380392, , , , , , , ,18, , , , , , , , , , , , , , , , , , , , , , , , , , , , , , ,12, , ,6, , , , , , , , , , , , , , ,0, , , , , , , , , , , , , , , , , , , , , , , , , , , , , , 
2025-07-29 02:46:07.101 UTC, , ,0,0,0,0, , , , , , , , , , , , , , , , , , , , ,589,3560685,414032,336, ,17, ,44, , , , , , , , , ,17,9, , , ,12,3,10, ,70, , , , , , , , , , , , , , ,628153,12,625584,625584, , , , ,628209,25429594112,6,6,6,6, , , , , , , , , , , , , , , , , , , , , , , , , , , , , , , , ,628209, , , , ,1753718481175,,, , , , , , , , , , , , , , , , , , , , , ,1753757165312,7610, , , ,38,3145728,1056997,12,12,2,12, , , ,12,12, ,24, ,3,15, , ,1, , , , , , , , , ,3708,24, , , , , , , , ,2060129128, , , , , , , ,18, , , , , , , , , , , , , , , , , , , , , , , , , , , , , , ,12, , ,6, , , , , , , , , , , , , , ,0, , , , , , , , , , , , , , , , , , , , , , , , , , , , , , 
2025-07-29 02:47:07.109 UTC, , ,0,0,0,0, , , , , , , , , , , , , , , , , , , , ,589,3563245,416592,336, ,18, ,45, , , , , , , , , ,18,9, , , ,13,3,11, ,70, , , , , , , , , , , , , , ,628153,12,625584,625584, , , , ,628209,25429594112,6,6,6,6, , , , , , , , , , , , , , , , , , , , , , , , , , , , , , , , ,628209, , , , ,1753718481175,,, , , , , , , , , , , , , , , , , , , , , ,1753757225389,7646, , , ,37,3145728,1063024,16,16,2,16, , , ,12,12, ,24, ,3,15, , ,1, , , , , , , , , ,6027,24, , , , , , , , ,2089489256, , , , , , , ,18, , , , , , , , , , , , , , , , , , , , , , , , , , , , , , ,12, , ,6, , , , , , , , , , , , , , ,0, , , , , , , , , , , , , , , , , , , , , , , , , , , , , , 
2025-07-29 02:48:07.113 UTC, , ,0,0,0,0, , , , , , , , , , , , , , , , , , , , ,589,3566717,420064,336, ,18, ,44, , , , , , , , , ,18,9, , , ,13,3,10, ,70, , , , , , , , , , , , , , ,628153,12,625584,625584, , , , ,628209,25429594112,6,6,6,6, , , , , , , , , , , , , , , , , , , , , , , , , , , , , , , , ,628209, , , , ,1753718481175,,, , , , , , , , , , , , , , , , , , , , , ,1753757285424,7682, , , ,37,3145728,1066732,2,2,1,2, , , ,12,12, ,24, ,3,15, , ,1, , , , , , , , , ,3708,24, , , , , , , , ,2123043688, , , , , , , ,18, , , , , , , , , , , , , , , , , , , , , , , , , , , , , , ,12, , ,6, , , , , , , , , , , , , , ,0, , , , , , , , , , , , , , , , , , , , , , , , , , , , , , 
2025-07-29 02:49:07.118 UTC, , ,0,0,0,0, , , , , , , , , , , , , , , , , , , , ,589,3569789,423136,336, ,18, ,44, , , , , , , , , ,18,9, , , ,13,3,10, ,70, , , , , , , , , , , , , , ,628153,12,625584,625584, , , , ,628209,25429594112,6,6,6,6, , , , , , , , , , , , , , , , , , , , , , , , , , , , , , , , ,628209, , , , ,1753718481175,,, , , , , , , , , , , , , , , , , , , , , ,1753757345477,7718, , , ,37,3145728,1070655,2,2,1,2, , , ,12,12, ,24, ,3,15, , ,1, , , , , , , , , ,3923,24, , , , , , , , ,2156598120, , , , , , , ,18, , , , , , , , , , , , , , , , , , , , , , , , , , , , , , ,12, , ,6, , , , , , , , , , , , , , ,0, , , , , , , , , , , , , , , , , , , , , , , , , , , , , , 
2025-07-29 02:50:07.124 UTC, , ,0,0,0,0, , , , , , , , , , , , , , , , , , , , ,589,3573077,426424,336, ,18, ,44, , , , , , , , , ,18,9, , , ,13,3,10, ,70, , , , , , , , , , , , , , ,628153,12,625584,625584, , , , ,628209,25429594112,6,6,6,6, , , , , , , , , , , , , , , , , , , , , , , , , , , , , , , , ,628209, , , , ,1753718481175,,, , , , , , , , , , , , , , , , , , , , , ,1753757405512,7754, , , ,37,3145728,1074363,3,3,1,3, , , ,12,12, ,24, ,3,15, , ,1, , , , , , , , , ,3708,24, , , , , , , , ,2190152552, , , , , , , ,18, , , , , , , , , , , , , , , , , , , , , , , , , , , , , , ,12, , ,6, , , , , , , , , , , , , , ,0, , , , , , , , , , , , , , , , , , , , , , , , , , , , , , 
2025-07-29 02:51:07.129 UTC, , ,0,0,0,0, , , , , , , , , , , , , , , , , , , , ,589,3576149,429496,336, ,18, ,44, , , , , , , , , ,18,9, , , ,13,3,10, ,70, , , , , , , , , , , , , , ,628153,12,625584,625584, , , , ,628209,25429594112,6,6,6,6, , , , , , , , , , , , , , , , , , , , , , , , , , , , , , , , ,628209, , , , ,1753718481175,,, , , , , , , , , , , , , , , , , , , , , ,1753757465579,7790, , , ,37,3145728,1078071,74,74,8,74, , , ,12,12, ,24, ,3,15, , ,1, , , , , , , , , ,3708,24, , , , , , , , ,2223706984, , , , , , , ,18, , , , , , , , , , , , , , , , , , , , , , , , , , , , , , ,12, , ,6, , , , , , , , , , , , , , ,0, , , , , , , , , , , , , , , , , , , , , , , , , , , , , , 
2025-07-29 02:52:07.135 UTC, , ,0,0,0,0, , , , , , , , , , , , , , , , , , , , ,589,3579221,432568,336, ,18, ,44, , , , , , , , , ,18,9, , , ,13,3,10, ,70, , , , , , , , , , , , , , ,628153,12,625584,625584, , , , ,628209,25429594112,6,6,6,6, , , , , , , , , , , , , , , , , , , , , , , , , , , , , , , , ,628209, , , , ,1753718481175,,, , , , , , , , , , , , , , , , , , , , , ,1753757525630,7826, , , ,37,3145728,1081779,31,31,4,31, , , ,12,12, ,24, ,3,15, , ,1, , , , , , , , , ,3708,24, , , , , , , , ,2265650024, , , , , , , ,18, , , , , , , , , , , , , , , , , , , , , , , , , , , , , , ,12, , ,6, , , , , , , , , , , , , , ,0, , , , , , , , , , , , , , , , , , , , , , , , , , , , , , 
2025-07-29 02:53:07.142 UTC, , ,0,0,0,0, , , , , , , , , , , , , , , , , , , , ,589,3582293,435640,336, ,18, ,44, , , , , , , , , ,18,9, , , ,13,3,10, ,70, , , , , , , , , , , , , , ,628153,12,625584,625584, , , , ,628209,25429594112,6,6,6,6, , , , , , , , , , , , , , , , , , , , , , , , , , , , , , , , ,628209, , , , ,1753718481175,,, , , , , , , , , , , , , , , , , , , , , ,1753757585675,7862, , , ,37,3145728,1085487,2,2,1,2, , , ,12,12, ,24, ,3,15, , ,1, , , , , , , , , ,3708,24, , , , , , , , ,2299204456, , , , , , , ,18, , , , , , , , , , , , , , , , , , , , , , , , , , , , , , ,12, , ,6, , , , , , , , , , , , , , ,0, , , , , , , , , , , , , , , , , , , , , , , , , , , , , , 
2025-07-29 02:54:07.157 UTC, , ,0,0,0,0, , , , , , , , , , , , , , , , , , , , ,589,3605717,459064,336, ,18, ,84, , , , , , , , , ,18,9, , , ,13,3,10, ,70, , , , , , , , , , , , , , ,628153,12,625584,625584, , , , ,628209,25429594112,6,6,6,6, , , , , , , , , , , , , , , , , , , , , , , , , , , , , , , , ,628209, , , , ,1753718481175,,, , , , , , , , , , , , , , , , , , , , , ,1753757645715,7977, , , ,173,3145728,1110286,2,13,1,13, , , ,52,52, ,63, ,3,55, , ,1, , , , , , , , , ,24799,63, , , , , , , , ,2341147496, , , , , , , ,58, , , , , , , , , , , , , , , , , , , , , , , , , , , , , , ,52, , ,6, , , , , , , , , , , , , , ,0, , , , , , , , , , , , , , , , , , , , , , , , , , , , , , 
2025-07-29 02:55:07.160 UTC, , ,0,0,0,0, , , , , , , , , , , , , , , , , , , , ,589,3616989,470336,336, ,19, ,58, , , , , , , , , ,19,9, , , ,14,3,10, ,70, , , , , , , , , , , , , , ,628153,12,625584,625584, , , , ,628209,25429594112,6,6,6,6, , , , , , , , , , , , , , , , , , , , , , , , , , , , , , , , ,628209, , , , ,1753718481175,,, , , , , , , , , , , , , , , , , , , , , ,1753757705749,8037, , , ,103,3145728,1124070,3,73,3,73, , , ,25,25, ,35, ,3,28, , ,1, , , , , , , , , ,13784,35, , , , , , , , ,2387284840, , , , , , , ,31, , , , , , , , , , , , , , , , , , , , , , , , , , , , , , ,25, , ,6, , , , , , , , , , , , , , ,0, , , , , , , , , , , , , , , , , , , , , , , , , , , , , , 
2025-07-29 02:56:07.167 UTC, , ,0,0,0,0, , , , , , , , , , , , , , , , , , , , ,589,3620061,473408,336, ,19, ,44, , , , , , , , , ,19,9, , , ,14,3,10, ,70, , , , , , , , , , , , , , ,628153,12,625584,625584, , , , ,628209,25429594112,6,6,6,6, , , , , , , , , , , , , , , , , , , , , , , , , , , , , , , , ,628209, , , , ,1753718481175,,, , , , , , , , , , , , , , , , , , , , , ,1753757765793,8073, , , ,37,3145728,1127778,48,48,4,48, , , ,12,12, ,24, ,3,15, , ,1, , , , , , , , , ,3708,24, , , , , , , , ,2420839272, , , , , , , ,18, , , , , , , , , , , , , , , , , , , , , , , , , , , , , , ,12, , ,6, , , , , , , , , , , , , , ,0, , , , , , , , , , , , , , , , , , , , , , , , , , , , , , 
2025-07-29 02:57:07.185 UTC, , ,0,0,0,0, , , , , , , , , , , , , , , , , , , , ,589,3627477,480824,336, ,19, ,50, , , , , , , , , ,19,9, , , ,14,3,10, ,70, , , , , , , , , , , , , , ,628153,12,625584,625584, , , , ,628209,25429594112,6,6,6,6, , , , , , , , , , , , , , , , , , , , , , , , , , , , , , , , ,628209, , , , ,1753718481175,,, , , , , , , , , , , , , , , , , , , , , ,1753757825835,8116, , , ,32,3145728,1136239,2,2,1,2, , , ,18,18, ,25, ,3,21, , ,1, , , , , , , , , ,8461,25, , , , , , ,1,1232,1913455312, , , , , , , ,24, , , , , , , , , , , , , , , , , , , , , , , , , , , , , , ,18, , ,6, , , , , , , , , , , , , , ,0, , , , , , , , , , , , , , , , , , , , , , , , , , , , , , 
2025-07-29 02:58:07.191 UTC, , ,0,0,0,0, , , , , , , , , , , , , , , , , , , , ,589,3638325,491672,336, ,19, ,54, , , , , , , , , ,19,9, , , ,14,3,10, ,70, , , , , , , , , , , , , , ,628153,12,625584,625584, , , , ,628209,25429594112,6,6,6,6, , , , , , , , , , , , , , , , , , , , , , , , , , , , , , , , ,628209, , , , ,1753718481175,,, , , , , , , , , , , , , , , , , , , , , ,1753757885886,8166, , , ,75,3145728,1147132,2,2,1,2, , , ,22,22, ,28, ,3,25, , ,1, , , , , , , , , ,10893,28, , , , , , , , ,2001535696, , , , , , , ,28, , , , , , , , , , , , , , , , , , , , , , , , , , , , , , ,22, , ,6, , , , , , , , , , , , , , ,0, , , , , , , , , , , , , , , , , , , , , , , , , , , , , , 
2025-07-29 02:59:07.201 UTC, , ,0,0,0,0, , , , , , , , , , , , , , , , , , , , ,589,3641397,494744,336, ,19, ,44, , , , , , , , , ,19,9, , , ,14,3,10, ,70, , , , , , , , , , , , , , ,628153,12,625584,625584, , , , ,628209,25429594112,6,6,6,6, , , , , , , , , , , , , , , , , , , , , , , , , , , , , , , , ,628209, , , , ,1753718481175,,, , , , , , , , , , , , , , , , , , , , , ,1753757945968,8196, , , ,30,3145728,1150618,22,22,2,22, , , ,12,12, ,18, ,3,15, , ,1, , , , , , , , , ,3486,18, , , , , , , , ,2030895824, , , , , , , ,18, , , , , , , , , , , , , , , , , , , , , , , , , , , , , , ,12, , ,6, , , , , , , , , , , , , , ,0, , , , , , , , , , , , , , , , , , , , , , , , , , , , , , 
2025-07-29 03:00:07.205 UTC, , ,0,0,0,0, , , , , , , , , , , , , , , , , , , , ,589,3648541,501888,336, ,19, ,50, , , , , , , , , ,19,9, , , ,14,3,10, ,70, , , , , , , , , , , , , , ,628153,12,625584,625584, , , , ,628209,25429594112,6,6,6,6, , , , , , , , , , , , , , , , , , , , , , , , , , , , , , , , ,628209, , , , ,1753718481175,,, , , , , , , , , , , , , , , , , , , , , ,1753758006036,8238, , , ,31,3145728,1159094,2,7,1,7, , , ,18,18, ,24, ,3,21, , ,1, , , , , , , , , ,8476,24, , , , , , , , ,2098004688, , , , , , , ,24, , , , , , , , , , , , , , , , , , , , , , , , , , , , , , ,18, , ,6, , , , , , , , , , , , , , ,0, , , , , , , , , , , , , , , , , , , , , , , , , , , , , , 
2025-07-29 03:01:07.206 UTC, , ,0,0,0,0, , , , , , , , , , , , , , , , , , , , ,589,3652661,506008,336, ,19, ,44, , , , , , , , , ,19,9, , , ,14,3,10, ,70, , , , , , , , , , , , , , ,628153,12,625584,625584, , , , ,628209,25429594112,6,6,6,6, , , , , , , , , , , , , , , , , , , , , , , , , , , , , , , , ,628209, , , , ,1753718481175,,, , , , , , , , , , , , , , , , , , , , , ,1753758066082,8268, , , ,30,3145728,1162795,3,3,1,3, , , ,12,12, ,18, ,3,15, , ,1, , , , , , , , , ,3701,18, , , , , , , , ,2131559120, , , , , , , ,18, , , , , , , , , , , , , , , , , , , , , , , , , , , , , , ,12, , ,6, , , , , , , , , , , , , , ,0, , , , , , , , , , , , , , , , , , , , , , , , , , , , , , 
2025-07-29 03:02:07.212 UTC, , ,0,0,0,0, , , , , , , , , , , , , , , , , , , , ,589,3654645,507992,336, ,20, ,45, , , , , , , , , ,20,9, , , ,15,3,11, ,70, , , , , , , , , , , , , , ,628153,12,625584,625584, , , , ,628209,25429594112,6,6,6,6, , , , , , , , , , , , , , , , , , , , , , , , , , , , , , , , ,628209, , , , ,1753718481175,,, , , , , , , , , , , , , , , , , , , , , ,1753758126119,8298, , , ,30,3145728,1168655,8,8,2,8, , , ,12,12, ,18, ,3,15, , ,1, , , , , , , , , ,5860,18, , , , , , , , ,2165113552, , , , , , , ,18, , , , , , , , , , , , , , , , , , , , , , , , , , , , , , ,12, , ,6, , , , , , , , , , , , , , ,0, , , , , , , , , , , , , , , , , , , , , , , , , , , , , , 
2025-07-29 03:03:07.218 UTC, , ,0,0,0,0, , , , , , , , , , , , , , , , , , , , ,589,3657861,511208,336, ,20, ,44, , , , , , , , , ,20,9, , , ,15,3,10, ,70, , , , , , , , , , , , , , ,628153,12,625584,625584, , , , ,628209,25429594112,6,6,6,6, , , , , , , , , , , , , , , , , , , , , , , , , , , , , , , , ,628209, , , , ,1753718481175,,, , , , , , , , , , , , , , , , , , , , , ,1753758186164,8328, , , ,30,3145728,1172141,10,10,2,10, , , ,12,12, ,18, ,3,15, , ,1, , , , , , , , , ,3486,18, , , , , , , , ,2198667984, , , , , , , ,18, , , , , , , , , , , , , , , , , , , , , , , , , , , , , , ,12, , ,6, , , , , , , , , , , , , , ,0, , , , , , , , , , , , , , , , , , , , , , , , , , , , , , 
2025-07-29 03:04:07.224 UTC, , ,0,0,0,0, , , , , , , , , , , , , , , , , , , , ,589,3660933,514280,336, ,20, ,44, , , , , , , , , ,20,9, , , ,15,3,10, ,70, , , , , , , , , , , , , , ,628153,12,625584,625584, , , , ,628209,25429594112,6,6,6,6, , , , , , , , , , , , , , , , , , , , , , , , , , , , , , , , ,628209, , , , ,1753718481175,,, , , , , , , , , , , , , , , , , , , , , ,1753758246213,8358, , , ,30,3145728,1175627,12,12,2,12, , , ,12,12, ,18, ,3,15, , ,1, , , , , , , , , ,3486,18, , , , , , , , ,2232222416, , , , , , , ,18, , , , , , , , , , , , , , , , , , , , , , , , , , , , , , ,12, , ,6, , , , , , , , , , , , , , ,0, , , , , , , , , , , , , , , , , , , , , , , , , , , , , , 
2025-07-29 03:05:07.231 UTC, , ,0,0,0,0, , , , , , , , , , , , , , , , , , , , ,589,3664005,517352,336, ,20, ,44, , , , , , , , , ,20,9, , , ,15,3,10, ,70, , , , , , , , , , , , , , ,628153,12,625584,625584, , , , ,628209,25429594112,6,6,6,6, , , , , , , , , , , , , , , , , , , , , , , , , , , , , , , , ,628209, , , , ,1753718481175,,, , , , , , , , , , , , , , , , , , , , , ,1753758306246,8388, , , ,30,3145728,1179113,22,22,3,22, , , ,12,12, ,18, ,3,15, , ,1, , , , , , , , , ,3486,18, , , , , , , , ,2261582544, , , , , , , ,18, , , , , , , , , , , , , , , , , , , , , , , , , , , , , , ,12, , ,6, , , , , , , , , , , , , , ,0, , , , , , , , , , , , , , , , , , , , , , , , , , , , , , 
2025-07-29 03:06:07.244 UTC, , ,0,0,0,0, , , , , , , , , , , , , , , , , , , , ,589,3668125,521472,336, ,20, ,44, , , , , , , , , ,20,9, , , ,15,3,10, ,70, , , , , , , , , , , , , , ,628153,12,625584,625584, , , , ,628209,25429594112,6,6,6,6, , , , , , , , , , , , , , , , , , , , , , , , , , , , , , , , ,628209, , , , ,1753718481175,,, , , , , , , , , , , , , , , , , , , , , ,1753758366282,8418, , , ,32,3145728,1182814,3,3,1,3, , , ,12,12, ,18, ,3,15, , ,1, , , , , , , , , ,3701,18, , , , , , ,1,2822,1738762864, , , , , , , ,18, , , , , , , , , , , , , , , , , , , , , , , , , , , , , , ,12, , ,6, , , , , , , , , , , , , , ,0, , , , , , , , , , , , , , , , , , , , , , , , , , , , , , 
2025-07-29 03:07:07.251 UTC, , ,0,0,0,0, , , , , , , , , , , , , , , , , , , , ,589,3671197,524544,336, ,20, ,44, , , , , , , , , ,20,9, , , ,15,3,10, ,70, , , , , , , , , , , , , , ,628153,12,625584,625584, , , , ,628209,25429594112,6,6,6,6, , , , , , , , , , , , , , , , , , , , , , , , , , , , , , , , ,628209, , , , ,1753718481175,,, , , , , , , , , , , , , , , , , , , , , ,1753758426321,8448, , , ,30,3145728,1186300,5,5,1,5, , , ,12,12, ,18, ,3,15, , ,1, , , , , , , , , ,3486,18, , , , , , , , ,1768122992, , , , , , , ,18, , , , , , , , , , , , , , , , , , , , , , , , , , , , , , ,12, , ,6, , , , , , , , , , , , , , ,0, , , , , , , , , , , , , , , , , , , , , , , , , , , , , , 
2025-07-29 03:08:07.255 UTC, , ,0,0,0,0, , , , , , , , , , , , , , , , , , , , ,589,3674269,527616,336, ,20, ,44, , , , , , , , , ,20,9, , , ,15,3,10, ,70, , , , , , , , , , , , , , ,628153,12,625584,625584, , , , ,628209,25429594112,6,6,6,6, , , , , , , , , , , , , , , , , , , , , , , , , , , , , , , , ,628209, , , , ,1753718481175,,, , , , , , , , , , , , , , , , , , , , , ,1753758486356,8478, , , ,30,3145728,1189786,2,2,1,2, , , ,12,12, ,18, ,3,15, , ,1, , , , , , , , , ,3486,18, , , , , , , , ,1805871728, , , , , , , ,18, , , , , , , , , , , , , , , , , , , , , , , , , , , , , , ,12, , ,6, , , , , , , , , , , , , , ,0, , , , , , , , , , , , , , , , , , , , , , , , , , , , , , 
2025-07-29 03:09:07.259 UTC, , ,0,0,0,0, , , , , , , , , , , , , , , , , , , , ,589,3677341,530688,336, ,20, ,44, , , , , , , , , ,20,9, , , ,15,3,10, ,70, , , , , , , , , , , , , , ,628153,12,625584,625584, , , , ,628209,25429594112,6,6,6,6, , , , , , , , , , , , , , , , , , , , , , , , , , , , , , , , ,628209, , , , ,1753718481175,,, , , , , , , , , , , , , , , , , , , , , ,1753758546391,8508, , , ,30,3145728,1193272,14,14,2,14, , , ,12,12, ,18, ,3,15, , ,1, , , , , , , , , ,3486,18, , , , , , , , ,1835231856, , , , , , , ,18, , , , , , , , , , , , , , , , , , , , , , , , , , , , , , ,12, , ,6, , , , , , , , , , , , , , ,0, , , , , , , , , , , , , , , , , , , , , , , , , , , , , , 
2025-07-29 03:10:07.269 UTC, , ,0,0,0,0, , , , , , , , , , , , , , , , , , , , ,589,3680413,533760,336, ,20, ,44, , , , , , , , , ,20,9, , , ,15,3,10, ,70, , , , , , , , , , , , , , ,628153,12,625584,625584, , , , ,628209,25429594112,6,6,6,6, , , , , , , , , , , , , , , , , , , , , , , , , , , , , , , , ,628209, , , , ,1753718481175,,, , , , , , , , , , , , , , , , , , , , , ,1753758606425,8538, , , ,30,3145728,1196758,16,16,2,16, , , ,12,12, ,18, ,3,15, , ,1, , , , , , , , , ,3486,18, , , , , , , , ,1868786288, , , , , , , ,18, , , , , , , , , , , , , , , , , , , , , , , , , , , , , , ,12, , ,6, , , , , , , , , , , , , , ,0, , , , , , , , , , , , , , , , , , , , , , , , , , , , , , 
2025-07-29 03:11:07.272 UTC, , ,0,0,0,0, , , , , , , , , , , , , , , , , , , , ,589,3683485,536832,336, ,20, ,44, , , , , , , , , ,20,9, , , ,15,3,10, ,70, , , , , , , , , , , , , , ,628153,12,625584,625584, , , , ,628209,25429594112,6,6,6,6, , , , , , , , , , , , , , , , , , , , , , , , , , , , , , , , ,628209, , , , ,1753718481175,,, , , , , , , , , , , , , , , , , , , , , ,1753758666466,8568, , , ,30,3145728,1200244,2,2,1,2, , , ,12,12, ,18, ,3,15, , ,1, , , , , , , , , ,3486,18, , , , , , , , ,1902340720, , , , , , , ,18, , , , , , , , , , , , , , , , , , , , , , , , , , , , , , ,12, , ,6, , , , , , , , , , , , , , ,0, , , , , , , , , , , , , , , , , , , , , , , , , , , , , , 
2025-07-29 03:12:07.273 UTC, , ,0,0,0,0, , , , , , , , , , , , , , , , , , , , ,589,3686773,540120,336, ,20, ,44, , , , , , , , , ,20,9, , , ,15,3,10, ,70, , , , , , , , , , , , , , ,628153,12,625584,625584, , , , ,628209,25429594112,6,6,6,6, , , , , , , , , , , , , , , , , , , , , , , , , , , , , , , , ,628209, , , , ,1753718481175,,, , , , , , , , , , , , , , , , , , , , , ,1753758726517,8598, , , ,30,3145728,1203945,9,9,1,9, , , ,12,12, ,18, ,3,15, , ,1, , , , , , , , , ,3701,18, , , , , , , , ,1935895152, , , , , , , ,18, , , , , , , , , , , , , , , , , , , , , , , , , , , , , , ,12, , ,6, , , , , , , , , , , , , , ,0, , , , , , , , , , , , , , , , , , , , , , , , , , , , , , 
2025-07-29 03:13:07.278 UTC, , ,0,0,0,0, , , , , , , , , , , , , , , , , , , , ,589,3689733,543080,336, ,21, ,45, , , , , , , , , ,21,9, , , ,16,3,10, ,70, , , , , , , , , , , , , , ,628153,12,625584,625584, , , , ,628209,25429594112,6,6,6,6, , , , , , , , , , , , , , , , , , , , , , , , , , , , , , , , ,628209, , , , ,1753718481175,,, , , , , , , , , , , , , , , , , , , , , ,1753758786580,8628, , , ,29,3145728,1209792,2,2,1,2, , , ,12,12, ,18, ,3,15, , ,1, , , , , , , , , ,5847,18, , , , , , , , ,1969449584, , , , , , , ,18, , , , , , , , , , , , , , , , , , , , , , , , , , , , , , ,12, , ,6, , , , , , , , , , , , , , ,0, , , , , , , , , , , , , , , , , , , , , , , , , , , , , , 
2025-07-29 03:14:07.277 UTC, , ,0,0,0,0, , , , , , , , , , , , , , , , , , , , ,589,4001381,854728,336, ,25, ,648, , , , , , , , , ,25,9, , , ,20,3,10, ,70, , , , , , , , , , , , , , ,628153,12,625584,625584, , , , ,628209,25429594112,6,6,6,6, , , , , , , , , , , , , , , , , , , , , , , , , , , , , , , , ,628209, , , , ,1753718481175,,, , , , , , , , , , , , , , , , , , , , , ,1753758846607,9857, , , ,310,3145728,1540615,1,2,0,4, , , ,612,612, ,617, ,3,615, , ,1, , , , , , , , , ,330823,617, , , , , , , , ,2095278704, , , , , , , ,618, , , , , , , , , , , , , , , , , , , , , , , , , , , , , , ,612, , ,6, , , , , , , , , , , , , , ,0, , , , , , , , , , , , , , , , , , , , , , , , , , , , , , 
2025-07-29 03:15:07.283 UTC, , ,0,0,0,0, , , , , , , , , , , , , , , , , , , , ,589,4317413,1170760,336, ,30, ,653, , , , , , , , , ,30,9, , , ,25,3,10, ,70, , , , , , , , , , , , , , ,628153,12,625584,625584, , , , ,628209,25429594112,6,6,6,6, , , , , , , , , , , , , , , , , , , , , , , , , , , , , , , , ,628209, , , , ,1753718481175,,, , , , , , , , , , , , , , , , , , , , , ,1753758906669,11095, , , ,1141,3145728,1877240,1,2,0,4, , , ,616,616, ,622, ,3,619, , ,1, , , , , , , , , ,336625,622, , , , , , ,1,1123,1727729592,1, , , , , , ,622, , , , , , , , , , , , , , , , , , , , , , , , , , , , , , ,616, , ,6, , , , , , , , , , , , , , ,0, , , , , , , , , , , , , , , , , , , , , , , , , , , , , , 
2025-07-29 03:16:07.291 UTC, , ,0,0,0,0, , , , , , , , , , , , , , , , , , , , ,589,4326453,1179800,336, ,30, ,47, , , , , , , , , ,30,9, , , ,25,3,10, ,70, , , , , , , , , , , , , , ,628153,12,625584,625584, , , , ,628209,25429594112,6,6,6,6, , , , , , , , , , , , , , , , , , , , , , , , , , , , , , , , ,628209, , , , ,1753718481175,,, , , , , , , , , , , , , , , , , , , , , ,1753758966737,11131, , , ,30,3145728,1886926,2,2,1,2, , , ,15,15, ,21, ,3,18, , ,1, , , , , , , , , ,9686,21, , , , , , , , ,1769672632, , , , , , , ,21, , , , , , , , , , , , , , , , , , , , , , , , , , , , , , ,15, , ,6, , , , , , , , , , , , , , ,0, , , , , , , , , , , , , , , , , , , , , , , , , , , , , , 
2025-07-29 03:17:07.301 UTC, , ,0,0,0,0, , , , , , , , , , , , , , , , , , , , ,589,4331989,1185336,336, ,30, ,45, , , , , , , , , ,30,9, , , ,25,3,10, ,70, , , , , , , , , , , , , , ,628153,12,625584,625584, , , , ,628209,25429594112,6,6,6,6, , , , , , , , , , , , , , , , , , , , , , , , , , , , , , , , ,628209, , , , ,1753718481175,,, , , , , , , , , , , , , , , , , , , , , ,1753759026803,11163, , , ,30,3145728,1892886,3,3,1,3, , , ,13,13, ,19, ,3,16, , ,1, , , , , , , , , ,5960,19, , , , , , , , ,1807421368, , , , , , , ,19, , , , , , , , , , , , , , , , , , , , , , , , , , , , , , ,13, , ,6, , , , , , , , , , , , , , ,0, , , , , , , , , , , , , , , , , , , , , , , , , , , , , , 
2025-07-29 03:18:07.307 UTC, , ,0,0,0,0, , , , , , , , , , , , , , , , , , , , ,589,4504261,1357528,416, ,33, ,370, , , , , , , , , ,33,9, , , ,28,3,10, ,70, , , , , , , , , , , , , , ,628153,12,625584,625584, , , , ,628209,25429594112,6,6,6,6, , , , , , , , , , , , , , , , , , , , , , , , , , , , , , , , ,628209, , , , ,1753718481175,,, , , , , , , , , , , , , , , , , , , , , ,1753759087302,11839, , , ,3361,3145728,2077327,1,2,0,3, , , ,335,334, ,341, ,3,337, , ,1, , , , , , , , , ,184441,341, , , , , , , , ,1937444792, , , , , , , ,341, , , , , , , , , , , , , , , , , , , , , , , , , , , , , , ,335, , ,6, , , , , , , , , , , , , , ,0, , , , , , , , , , , , , , , , , , , , , , , , , , , , , , 
2025-07-29 03:19:07.329 UTC, , ,0,0,0,0, , , , , , , , , , , , , , , , , , , , ,589,4968125,1821472,336, ,40, ,937, , , , , , , , , ,40,9, , , ,35,3,10, ,70, , , , , , , , , , , , , , ,628153,12,625584,625584, , , , ,628209,25429594112,6,6,6,6, , , , , , , , , , , , , , , , , , , , , , , , , , , , , , , , ,628209, , , , ,1753718481175,,, , , , , , , , , , , , , , , , , , , , , ,1753759146885,13640, , , ,102,3145728,2573068,2,3,0,5, , , ,898,899, ,903, ,3,902, , ,1, , , , , , , , , ,495741,903, , , , , , ,1,191,1704103008, , , , , , , ,904, , , , , , , , , , , , , , , , , , , , , , , , , , , , , , ,898, , ,6, , , , , , , , , , , , , , ,0, , , , , , , , , , , , , , , , , , , , , , , , , , , , , , 
2025-07-29 03:20:07.333 UTC, , ,0,0,0,0, , , , , , , , , , , , , , , , , , , , ,589,4973445,1826792,336, ,40, ,45, , , , , , , , , ,40,9, , , ,35,3,10, ,70, , , , , , , , , , , , , , ,628153,12,625584,625584, , , , ,628209,25429594112,6,6,6,6, , , , , , , , , , , , , , , , , , , , , , , , , , , , , , , , ,628209, , , , ,1753718481175,,, , , , , , , , , , , , , , , , , , , , , ,1753759206928,13672, , , ,30,3145728,2578813,4,4,1,4, , , ,13,13, ,19, ,3,16, , ,1, , , , , , , , , ,5745,19, , , , , , , , ,1741851744, , , , , , , ,19, , , , , , , , , , , , , , , , , , , , , , , , , , , , , , ,13, , ,6, , , , , , , , , , , , , , ,0, , , , , , , , , , , , , , , , , , , , , , , , , , , , , , 
2025-07-29 03:21:07.338 UTC, , ,0,0,0,0, , , , , , , , , , , , , , , , , , , , ,589,4978621,1831968,336, ,40, ,45, , , , , , , , , ,40,9, , , ,35,3,10, ,70, , , , , , , , , , , , , , ,628153,12,625584,625584, , , , ,628209,25429594112,6,6,6,6, , , , , , , , , , , , , , , , , , , , , , , , , , , , , , , , ,628209, , , , ,1753718481175,,, , , , , , , , , , , , , , , , , , , , , ,1753759266967,13704, , , ,30,3145728,2584418,3,3,1,3, , , ,13,13, ,19, ,3,16, , ,1, , , , , , , , , ,5605,19, , , , , , , , ,1787989088, , , , , , , ,19, , , , , , , , , , , , , , , , , , , , , , , , , , , , , , ,13, , ,6, , , , , , , , , , , , , , ,0, , , , , , , , , , , , , , , , , , , , , , , , , , , , , , 
2025-07-29 03:22:07.342 UTC, , ,0,0,0,0, , , , , , , , , , , , , , , , , , , , ,589,4983949,1837296,336, ,40, ,45, , , , , , , , , ,40,9, , , ,35,3,10, ,70, , , , , , , , , , , , , , ,628153,12,625584,625584, , , , ,628209,25429594112,6,6,6,6, , , , , , , , , , , , , , , , , , , , , , , , , , , , , , , , ,628209, , , , ,1753718481175,,, , , , , , , , , , , , , , , , , , , , , ,1753759327012,13736, , , ,30,3145728,2590173,4,4,1,4, , , ,13,13, ,19, ,3,16, , ,1, , , , , , , , , ,5755,19, , , , , , , , ,1825737824, , , , , , , ,19, , , , , , , , , , , , , , , , , , , , , , , , , , , , , , ,13, , ,6, , , , , , , , , , , , , , ,0, , , , , , , , , , , , , , , , , , , , , , , , , , , , , , 
2025-07-29 03:23:07.347 UTC, , ,0,0,0,0, , , , , , , , , , , , , , , , , , , , ,589,4989389,1842736,336, ,41, ,46, , , , , , , , , ,41,9, , , ,36,3,10, ,70, , , , , , , , , , , , , , ,628153,12,625584,625584, , , , ,628209,25429594112,6,6,6,6, , , , , , , , , , , , , , , , , , , , , , , , , , , , , , , , ,628209, , , , ,1753718481175,,, , , , , , , , , , , , , , , , , , , , , ,1753759387052,13768, , , ,30,3145728,2598842,2,2,1,2, , , ,13,13, ,19, ,3,16, , ,1, , , , , , , , , ,8669,19, , , , , , , , ,1867680864, , , , , , , ,19, , , , , , , , , , , , , , , , , , , , , , , , , , , , , , ,13, , ,6, , , , , , , , , , , , , , ,0, , , , , , , , , , , , , , , , , , , , , , , , , , , , , , 
2025-07-29 03:24:07.351 UTC, , ,0,0,0,0, , , , , , , , , , , , , , , , , , , , ,589,4994709,1848056,336, ,41, ,45, , , , , , , , , ,41,9, , , ,36,3,10, ,70, , , , , , , , , , , , , , ,628153,12,625584,625584, , , , ,628209,25429594112,6,6,6,6, , , , , , , , , , , , , , , , , , , , , , , , , , , , , , , , ,628209, , , , ,1753718481175,,, , , , , , , , , , , , , , , , , , , , , ,1753759447103,13800, , , ,29,3145728,2604587,15,15,2,15, , , ,13,13, ,19, ,3,16, , ,1, , , , , , , , , ,5745,19, , , , , , , , ,1901235296, , , , , , , ,19, , , , , , , , , , , , , , , , , , , , , , , , , , , , , , ,13, , ,6, , , , , , , , , , , , , , ,0, , , , , , , , , , , , , , , , , , , , , , , , , , , , , , 
2025-07-29 03:25:07.354 UTC, , ,0,0,0,0, , , , , , , , , , , , , , , , , , , , ,589,5000037,1853384,336, ,41, ,45, , , , , , , , , ,41,9, , , ,36,3,10, ,70, , , , , , , , , , , , , , ,628153,12,625584,625584, , , , ,628209,25429594112,6,6,6,6, , , , , , , , , , , , , , , , , , , , , , , , , , , , , , , , ,628209, , , , ,1753718481175,,, , , , , , , , , , , , , , , , , , , , , ,1753759507155,13832, , , ,29,3145728,2610342,19,19,3,19, , , ,13,13, ,19, ,3,16, , ,1, , , , , , , , , ,5755,19, , , , , , , , ,1938984032, , , , , , , ,19, , , , , , , , , , , , , , , , , , , , , , , , , , , , , , ,13, , ,6, , , , , , , , , , , , , , ,0, , , , , , , , , , , , , , , , , , , , , , , , , , , , , , 
2025-07-29 03:26:07.360 UTC, , ,0,0,0,0, , , , , , , , , , , , , , , , , , , , ,589,5005357,1858704,336, ,41, ,45, , , , , , , , , ,41,9, , , ,36,3,10, ,70, , , , , , , , , , , , , , ,628153,12,625584,625584, , , , ,628209,25429594112,6,6,6,6, , , , , , , , , , , , , , , , , , , , , , , , , , , , , , , , ,628209, , , , ,1753718481175,,, , , , , , , , , , , , , , , , , , , , , ,1753759567194,13864, , , ,29,3145728,2616092,3,3,1,3, , , ,13,13, ,19, ,3,16, , ,1, , , , , , , , , ,5750,19, , , , , , , , ,1976732768, , , , , , , ,19, , , , , , , , , , , , , , , , , , , , , , , , , , , , , , ,13, , ,6, , , , , , , , , , , , , , ,0, , , , , , , , , , , , , , , , , , , , , , , , , , , , , , 
2025-07-29 03:27:07.364 UTC, , ,0,0,0,0, , , , , , , , , , , , , , , , , , , , ,589,5010693,1864040,336, ,41, ,45, , , , , , , , , ,41,9, , , ,36,3,10, ,70, , , , , , , , , , , , , , ,628153,12,625584,625584, , , , ,628209,25429594112,6,6,6,6, , , , , , , , , , , , , , , , , , , , , , , , , , , , , , , , ,628209, , , , ,1753718481175,,, , , , , , , , , , , , , , , , , , , , , ,1753759627257,13896, , , ,29,3145728,2621857,22,22,2,22, , , ,13,13, ,19, ,3,16, , ,1, , , , , , , , , ,5765,19, , , , , , , , ,2014481504, , , , , , , ,19, , , , , , , , , , , , , , , , , , , , , , , , , , , , , , ,13, , ,6, , , , , , , , , , , , , , ,0, , , , , , , , , , , , , , , , , , , , , , , , , , , , , , 
2025-07-29 03:28:07.371 UTC, , ,0,0,0,0, , , , , , , , , , , , , , , , , , , , ,589,5016037,1869384,336, ,41, ,45, , , , , , , , , ,41,9, , , ,36,3,10, ,70, , , , , , , , , , , , , , ,628153,12,625584,625584, , , , ,628209,25429594112,6,6,6,6, , , , , , , , , , , , , , , , , , , , , , , , , , , , , , , , ,628209, , , , ,1753718481175,,, , , , , , , , , , , , , , , , , , , , , ,1753759687303,13928, , , ,29,3145728,2627817,2,2,1,2, , , ,13,13, ,19, ,3,16, , ,1, , , , , , , , , ,5960,19, , , , , , , , ,2052230240, , , , , , , ,19, , , , , , , , , , , , , , , , , , , , , , , , , , , , , , ,13, , ,6, , , , , , , , , , , , , , ,0, , , , , , , , , , , , , , , , , , , , , , , , , , , , , , 
2025-07-29 03:29:07.380 UTC, , ,0,0,0,0, , , , , , , , , , , , , , , , , , , , ,589,5021565,1874912,336, ,41, ,45, , , , , , , , , ,41,9, , , ,36,3,10, ,70, , , , , , , , , , , , , , ,628153,12,625584,625584, , , , ,628209,25429594112,6,6,6,6, , , , , , , , , , , , , , , , , , , , , , , , , , , , , , , , ,628209, , , , ,1753718481175,,, , , , , , , , , , , , , , , , , , , , , ,1753759747348,13960, , , ,29,3145728,2633582,32,32,3,32, , , ,13,13, ,19, ,3,16, , ,1, , , , , , , , , ,5765,19, , , , , , ,1,97,1664052984, , , , , , , ,19, , , , , , , , , , , , , , , , , , , , , , , , , , , , , , ,13, , ,6, , , , , , , , , , , , , , ,0, , , , , , , , , , , , , , , , , , , , , , , , , , , , , , 
2025-07-29 03:30:07.384 UTC, , ,0,0,0,0, , , , , , , , , , , , , , , , , , , , ,589,5026885,1880232,336, ,41, ,44, , , , , , , , , ,41,9, , , ,36,3,10, ,70, , , , , , , , , , , , , , ,628153,12,625584,625584, , , , ,628209,25429594112,6,6,6,6, , , , , , , , , , , , , , , , , , , , , , , , , , , , , , , , ,628209, , , , ,1753718481175,,, , , , , , , , , , , , , , , , , , , , , ,1753759803622,13990, , , ,28,3145728,2638999,32,32,4,32, , , ,12,12, ,18, ,3,15, , ,1, , , , , , , , , ,5414,18, , , , , , , , ,1701801720, , , , , , , ,18, , , , , , , , , , , , , , , , , , , , , , , , , , , , , , ,12, , ,6, , , , , , , , , , , , , , ,0, , , , , , , , , , , , , , , , , , , , , , , , , , , , , , 
2025-07-29 03:31:07.388 UTC, , ,0,0,0,0, , , , , , , , , , , , , , , , , , , , ,589,5032213,1885560,336, ,41, ,40, , , , , , , , , ,41,9, , , ,36,3,10, ,60, , , , , , , , , , , , , , ,628153,12,625584,625584, , , , ,628209,25429594112,6,6,6,6, , , , , , , , , , , , , , , , , , , , , , , , , , , , , , , , ,628209, , , , ,1753718481175,,, , , , , , , , , , , , , , , , , , , , , ,1753759863632,14022, , , ,28,3145728,2644754,27,27,4,27, , , ,13,13, ,19, ,3,16, , ,1, , , , , , , , , ,5755,19, , , , , , , , ,1739550456, , , , , , , ,18, , , , , , , , , , , , , , , , , , , , , , , , , , , , , , ,13, , ,5, , , , , , , , , , , , , , ,0, , , , , , , , , , , , , , , , , , , , , , , , , , , , , , 
2025-07-29 03:32:07.390 UTC, , ,0,0,0,0, , , , , , , , , , , , , , , , , , , , ,589,5760573,2613840,416, ,52, ,1453, , , , , , , , , ,52,9, , , ,47,3,10, ,70, , , , , , , , , , , , , , ,628153,12,625584,625584, , , , ,3126275,23291174912,70,70,70,70, , , , , , , , , , , , , , , , , , , , , , , , , , , , , , , , ,3126275, , , , ,1753718481175,,, , , , , , , , , , , , , , , , , , , , , ,1753759927385,16845, , , ,10155,3145728,3423831,1,2,0,10, ,772, ,1410,1409, ,1415, ,3,1412, , ,1, , , , , , , , , ,779080,1415, , , ,1, , , , ,2028957432, , , , , , , ,1416, , , , , , , , , , , , , , , , , , , , , , , , , , , , , , ,1410, , ,6, , , , , , , , , , , , , , ,0, , , , , , , , , , , , , , , , , , , , , , , , , ,1, , , , 
2025-07-29 03:33:07.393 UTC, , ,0,0,0,0, , , , , , , , , , , , , , , , , , , , ,1029,6309077,3161984,336, ,61, ,1091, , , , , , , , , ,61,9, , , ,56,3,10, ,70, , , , , , , , , , , , , , ,628153,12,625584,625584, , , , ,3126275,23291174912,70,70,70,70, , , , , , , , , , , , , , , , , , , , , , , , , , , , , , , , ,3126275, , , , ,1753718481175,,, , , , , , , , , , , , , , , , , , , , , ,1753759983673,18952, , , ,161,3145728,4013737,1,2,0,4, , , ,1050,1051, ,1055, ,3,1054, , ,1, , , , , , , , , ,589903,1055, , , , , , ,1,27,1884386064, , , , , , , ,1056, , , , , , , , , , , , , , , , , , , , , , , , , , , , , , ,1050, , ,6, , , , , , , , , , , , , , ,0, , , , , , , , , , , , , , , , , , , , , , , , , , , , , , 
2025-07-29 03:34:07.395 UTC, , ,0,0,0,0, , , , , , , , , , , , , , , , , , , , ,1029,6327373,3180280,336, ,61, ,58, , , , , , , , , ,61,9, , , ,56,3,10, ,70, , , , , , , , , , , , , , ,628153,12,625584,625584, , , , ,3126275,23291174912,70,70,70,70, , , , , , , , , , , , , , , , , , , , , , , , , , , , , , , , ,3126275, , , , ,1753718481175,,, , , , , , , , , , , , , , , , , , , , , ,1753760043682,19010, , , ,33,3145728,4033152,14,24,2,24, , , ,26,26, ,32, ,3,29, , ,1, , , , , , , , , ,19415,32, , , , , , , , ,1993437968, , , , , , , ,32, , , , , , , , , , , , , , , , , , , , , , , , , , , , , , ,26, , ,6, , , , , , , , , , , , , , ,0, , , , , , , , , , , , , , , , , , , , , , , , , , , , , , 
2025-07-29 03:35:07.396 UTC, , ,0,0,0,0, , , , , , , , , , , , , , , , , , , , ,1029,6332549,3185456,336, ,61, ,45, , , , , , , , , ,61,9, , , ,56,3,10, ,70, , , , , , , , , , , , , , ,628153,12,625584,625584, , , , ,3126275,23291174912,70,70,70,70, , , , , , , , , , , , , , , , , , , , , , , , , , , , , , , , ,3126275, , , , ,1753718481175,,, , , , , , , , , , , , , , , , , , , , , ,1753760103692,19042, , , ,29,3145728,4038757,10,10,2,10, , , ,13,13, ,19, ,3,16, , ,1, , , , , , , , , ,5605,19, , , , , , , , ,2031186704, , , , , , , ,19, , , , , , , , , , , , , , , , , , , , , , , , , , , , , , ,13, , ,6, , , , , , , , , , , , , , ,0, , , , , , , , , , , , , , , , , , , , , , , , , , , , , , 
2025-07-29 03:36:07.399 UTC, , ,0,0,0,0, , , , , , , , , , , , , , , , , , , , ,1029,6337725,3190632,336, ,61, ,45, , , , , , , , , ,61,9, , , ,56,3,10, ,70, , , , , , , , , , , , , , ,628153,12,625584,625584, , , , ,3126275,23291174912,70,70,70,70, , , , , , , , , , , , , , , , , , , , , , , , , , , , , , , , ,3126275, , , , ,1753718481175,,, , , , , , , , , , , , , , , , , , , , , ,1753760163711,19074, , , ,29,3145728,4044362,19,19,2,19, , , ,13,13, ,19, ,3,16, , ,1, , , , , , , , , ,5605,19, , , , , , ,1,32,1659749168, , , , , , , ,19, , , , , , , , , , , , , , , , , , , , , , , , , , , , , , ,13, , ,6, , , , , , , , , , , , , , ,0, , , , , , , , , , , , , , , , , , , , , , , , , , , , , , 
2025-07-29 03:37:07.402 UTC, , ,0,0,0,0, , , , , , , , , , , , , , , , , , , , ,1029,6343093,3196000,336, ,61, ,45, , , , , , , , , ,61,9, , , ,56,3,10, ,70, , , , , , , , , , , , , , ,628153,12,625584,625584, , , , ,3126275,23291174912,70,70,70,70, , , , , , , , , , , , , , , , , , , , , , , , , , , , , , , , ,3126275, , , , ,1753718481175,,, , , , , , , , , , , , , , , , , , , , , ,1753760223720,19106, , , ,29,3145728,4049967,3,3,1,3, , , ,13,13, ,19, ,3,16, , ,1, , , , , , , , , ,5605,19, , , , , , , , ,1701692208, , , , , , , ,19, , , , , , , , , , , , , , , , , , , , , , , , , , , , , , ,13, , ,6, , , , , , , , , , , , , , ,0, , , , , , , , , , , , , , , , , , , , , , , , , , , , , , 
2025-07-29 03:38:07.404 UTC, , ,0,0,0,0, , , , , , , , , , , , , , , , , , , , ,1029,6348269,3201176,336, ,61, ,45, , , , , , , , , ,61,9, , , ,56,3,10, ,70, , , , , , , , , , , , , , ,628153,12,625584,625584, , , , ,3126275,23291174912,70,70,70,70, , , , , , , , , , , , , , , , , , , , , , , , , , , , , , , , ,3126275, , , , ,1753718481175,,, , , , , , , , , , , , , , , , , , , , , ,1753760283735,19138, , , ,29,3145728,4055572,3,3,1,3, , , ,13,13, ,19, ,3,16, , ,1, , , , , , , , , ,5605,19, , , , , , , , ,1739440944, , , , , , , ,19, , , , , , , , , , , , , , , , , , , , , , , , , , , , , , ,13, , ,6, , , , , , , , , , , , , , ,0, , , , , , , , , , , , , , , , , , , , , , , , , , , , , , 
2025-07-29 03:39:07.407 UTC, , ,0,0,0,0, , , , , , , , , , , , , , , , , , , , ,1029,6353445,3206352,336, ,61, ,45, , , , , , , , , ,61,9, , , ,56,3,10, ,70, , , , , , , , , , , , , , ,628153,12,625584,625584, , , , ,3126275,23291174912,70,70,70,70, , , , , , , , , , , , , , , , , , , , , , , , , , , , , , , , ,3126275, , , , ,1753718481175,,, , , , , , , , , , , , , , , , , , , , , ,1753760343752,19170, , , ,29,3145728,4061177,4,4,2,4, , , ,13,13, ,19, ,3,16, , ,1, , , , , , , , , ,5605,19, , , , , , , , ,1777189680, , , , , , , ,19, , , , , , , , , , , , , , , , , , , , , , , , , , , , , , ,13, , ,6, , , , , , , , , , , , , , ,0, , , , , , , , , , , , , , , , , , , , , , , , , , , , , , 
2025-07-29 03:40:07.409 UTC, , ,0,0,0,0, , , , , , , , , , , , , , , , , , , , ,1029,6358533,3211440,336, ,62, ,46, , , , , , , , , ,62,9, , , ,57,3,10, ,70, , , , , , , , , , , , , , ,628153,12,625584,625584, , , , ,3126275,23291174912,70,70,70,70, , , , , , , , , , , , , , , , , , , , , , , , , , , , , , , , ,3126275, , , , ,1753718481175,,, , , , , , , , , , , , , , , , , , , , , ,1753760403764,19202, , , ,29,3145728,4069965,2,2,1,2, , , ,13,13, ,19, ,3,16, , ,1, , , , , , , , , ,8788,19, , , , , , , , ,1819132720, , , , , , , ,19, , , , , , , , , , , , , , , , , , , , , , , , , , , , , , ,13, , ,6, , , , , , , , , , , , , , ,0, , , , , , , , , , , , , , , , , , , , , , , , , , , , , , 
2025-07-29 03:41:07.413 UTC, , ,0,0,0,0, , , , , , , , , , , , , , , , , , , , ,1029,6371165,3224072,336, ,62, ,49, , , , , , , , , ,62,9, , , ,57,3,10, ,70, , , , , , , , , , , , , , ,628153,12,625584,625584, , , , ,3126275,23291174912,70,70,70,70, , , , , , , , , , , , , , , , , , , , , , , , , , , , , , , , ,3126275, , , , ,1753718481175,,, , , , , , , , , , , , , , , , , , , , , ,1753760463775,19242, , , ,31,3145728,4082884,3,3,1,3, , , ,17,17, ,23, ,3,20, , ,1, , , , , , , , , ,12919,23, , , , , , , , ,1865270064, , , , , , , ,23, , , , , , , , , , , , , , , , , , , , , , , , , , , , , , ,17, , ,6, , , , , , , , , , , , , , ,0, , , , , , , , , , , , , , , , , , , , , , , , , , , , , , 
2025-07-29 03:42:07.420 UTC, , ,0,0,0,0, , , , , , , , , , , , , , , , , , , , ,1029,6380301,3233208,336, ,62, ,47, , , , , , , , , ,62,9, , , ,57,3,10, ,70, , , , , , , , , , , , , , ,628153,12,625584,625584, , , , ,3126275,23291174912,70,70,70,70, , , , , , , , , , , , , , , , , , , , , , , , , , , , , , , , ,3126275, , , , ,1753718481175,,, , , , , , , , , , , , , , , , , , , , , ,1753760523786,19278, , , ,30,3145728,4092472,3,3,1,3, , , ,15,15, ,21, ,3,18, , ,1, , , , , , , , , ,9588,21, , , , , , , , ,1911407408, , , , , , , ,21, , , , , , , , , , , , , , , , , , , , , , , , , , , , , , ,15, , ,6, , , , , , , , , , , , , , ,0, , , , , , , , , , , , , , , , , , , , , , , , , , , , , , 
2025-07-29 03:43:07.426 UTC, , ,0,0,0,0, , , , , , , , , , , , , , , , , , , , ,1029,6385477,3238384,336, ,62, ,45, , , , , , , , , ,62,9, , , ,57,3,10, ,70, , , , , , , , , , , , , , ,628153,12,625584,625584, , , , ,3126275,23291174912,70,70,70,70, , , , , , , , , , , , , , , , , , , , , , , , , , , , , , , , ,3126275, , , , ,1753718481175,,, , , , , , , , , , , , , , , , , , , , , ,1753760583798,19310, , , ,29,3145728,4098077,4,4,1,4, , , ,13,13, ,19, ,3,16, , ,1, , , , , , , , , ,5605,19, , , , , , , , ,1949156144, , , , , , , ,19, , , , , , , , , , , , , , , , , , , , , , , , , , , , , , ,13, , ,6, , , , , , , , , , , , , , ,0, , , , , , , , , , , , , , , , , , , , , , , , , , , , , , 
2025-07-29 03:44:07.430 UTC, , ,0,0,0,0, , , , , , , , , , , , , , , , , , , , ,1029,6390653,3243560,336, ,62, ,45, , , , , , , , , ,62,9, , , ,57,3,10, ,70, , , , , , , , , , , , , , ,628153,12,625584,625584, , , , ,3126275,23291174912,70,70,70,70, , , , , , , , , , , , , , , , , , , , , , , , , , , , , , , , ,3126275, , , , ,1753718481175,,, , , , , , , , , , , , , , , , , , , , , ,1753760643809,19342, , , ,29,3145728,4103682,13,13,1,13, , , ,13,13, ,19, ,3,16, , ,1, , , , , , , , , ,5605,19, , , , , , , , ,1986904880, , , , , , , ,19, , , , , , , , , , , , , , , , , , , , , , , , , , , , , , ,13, , ,6, , , , , , , , , , , , , , ,0, , , , , , , , , , , , , , , , , , , , , , , , , , , , , , 
2025-07-29 03:45:07.436 UTC, , ,0,0,0,0, , , , , , , , , , , , , , , , , , , , ,1029,6395845,3248752,336, ,62, ,45, , , , , , , , , ,62,9, , , ,57,3,10, ,70, , , , , , , , , , , , , , ,628153,12,625584,625584, , , , ,3126275,23291174912,70,70,70,70, , , , , , , , , , , , , , , , , , , , , , , , , , , , , , , , ,3126275, , , , ,1753718481175,,, , , , , , , , , , , , , , , , , , , , , ,1753760703819,19374, , , ,29,3145728,4109492,6,6,1,6, , , ,13,13, ,19, ,3,16, , ,1, , , , , , , , , ,5810,19, , , , , , , , ,2024653616, , , , , , , ,19, , , , , , , , , , , , , , , , , , , , , , , , , , , , , , ,13, , ,6, , , , , , , , , , , , , , ,0, , , , , , , , , , , , , , , , , , , , , , , , , , , , , , 
2025-07-29 03:46:07.473 UTC, , ,0,0,0,0, , , , , , , , , , , , , , , , , , , , ,1029,6401213,3254120,336, ,62, ,45, , , , , , , , , ,62,9, , , ,57,3,10, ,70, , , , , , , , , , , , , , ,628153,12,625584,625584, , , , ,3126275,23291174912,70,70,70,70, , , , , , , , , , , , , , , , , , , , , , , , , , , , , , , , ,3126275, , , , ,1753718481175,,, , , , , , , , , , , , , , , , , , , , , ,1753760763834,19406, , , ,29,3145728,4115097,5,5,1,5, , , ,13,13, ,19, ,3,16, , ,1, , , , , , , , , ,5605,19, , , , , , ,1,141,1648840832, , , , , , , ,19, , , , , , , , , , , , , , , , , , , , , , , , , , , , , , ,13, , ,6, , , , , , , , , , , , , , ,0, , , , , , , , , , , , , , , , , , , , , , , , , , , , , , 
2025-07-29 03:47:07.491 UTC, , ,0,0,0,0, , , , , , , , , , , , , , , , , , , , ,1029,6406389,3259296,336, ,62, ,45, , , , , , , , , ,62,9, , , ,57,3,10, ,70, , , , , , , , , , , , , , ,628153,12,625584,625584, , , , ,3126275,23291174912,70,70,70,70, , , , , , , , , , , , , , , , , , , , , , , , , , , , , , , , ,3126275, , , , ,1753718481175,,, , , , , , , , , , , , , , , , , , , , , ,1753760823846,19438, , , ,30,3145728,4120702,3,3,1,3, , , ,13,13, ,19, ,3,16, , ,1, , , , , , , , , ,5605,19, , , , , , , , ,1690783872, , , , , , , ,19, , , , , , , , , , , , , , , , , , , , , , , , , , , , , , ,13, , ,6, , , , , , , , , , , , , , ,0, , , , , , , , , , , , , , , , , , , , , , , , , , , , , , 
2025-07-29 03:48:07.500 UTC, , ,0,0,0,0, , , , , , , , , , , , , , , , , , , , ,1029,6411565,3264472,336, ,62, ,45, , , , , , , , , ,62,9, , , ,57,3,10, ,70, , , , , , , , , , , , , , ,628153,12,625584,625584, , , , ,3126275,23291174912,70,70,70,70, , , , , , , , , , , , , , , , , , , , , , , , , , , , , , , , ,3126275, , , , ,1753718481175,,, , , , , , , , , , , , , , , , , , , , , ,1753760883869,19470, , , ,30,3145728,4126302,7,7,1,7, , , ,13,13, ,19, ,3,16, , ,1, , , , , , , , , ,5600,19, , , , , , , , ,1724338304, , , , , , , ,19, , , , , , , , , , , , , , , , , , , , , , , , , , , , , , ,13, , ,6, , , , , , , , , , , , , , ,0, , , , , , , , , , , , , , , , , , , , , , , , , , , , , , 
2025-07-29 03:49:07.505 UTC, , ,0,0,0,0, , , , , , , , , , , , , , , , , , , , ,1029,6416949,3269856,336, ,63, ,46, , , , , , , , , ,63,9, , , ,58,3,10, ,70, , , , , , , , , , , , , , ,628153,12,625584,625584, , , , ,3126275,23291174912,70,70,70,70, , , , , , , , , , , , , , , , , , , , , , , , , , , , , , , , ,3126275, , , , ,1753718481175,,, , , , , , , , , , , , , , , , , , , , , ,1753760943883,19502, , , ,30,3145728,4134871,2,2,1,2, , , ,13,13, ,19, ,3,16, , ,1, , , , , , , , , ,8569,19, , , , , , , , ,1766281344, , , , , , , ,19, , , , , , , , , , , , , , , , , , , , , , , , , , , , , , ,13, , ,6, , , , , , , , , , , , , , ,0, , , , , , , , , , , , , , , , , , , , , , , , , , , , , , 
2025-07-29 03:50:07.514 UTC, , ,0,0,0,0, , , , , , , , , , , , , , , , , , , , ,1029,6422125,3275032,336, ,63, ,45, , , , , , , , , ,63,9, , , ,58,3,10, ,70, , , , , , , , , , , , , , ,628153,12,625584,625584, , , , ,3126275,23291174912,70,70,70,70, , , , , , , , , , , , , , , , , , , , , , , , , , , , , , , , ,3126275, , , , ,1753718481175,,, , , , , , , , , , , , , , , , , , , , , ,1753761003893,19534, , , ,30,3145728,4140471,2,2,1,2, , , ,13,13, ,19, ,3,16, , ,1, , , , , , , , , ,5600,19, , , , , , , , ,1804030080, , , , , , , ,19, , , , , , , , , , , , , , , , , , , , , , , , , , , , , , ,13, , ,6, , , , , , , , , , , , , , ,0, , , , , , , , , , , , , , , , , , , , , , , , , , , , , , 
2025-07-29 03:51:07.519 UTC, , ,0,0,0,0, , , , , , , , , , , , , , , , , , , , ,1029,6432357,3285264,336, ,63, ,53, , , , , , , , , ,63,9, , , ,58,3,10, ,70, , , , , , , , , , , , , , ,628153,12,625584,625584, , , , ,3126275,23291174912,70,70,70,70, , , , , , , , , , , , , , , , , , , , , , , , , , , , , , , , ,3126275, , , , ,1753718481175,,, , , , , , , , , , , , , , , , , , , , , ,1753761063903,19582, , , ,38,3145728,4151234,1,2,1,2, , , ,21,21, ,27, ,3,24, , ,1, , , , , , , , , ,10763,27, , , , , , , , ,1879527552, , , , , , , ,27, , , , , , , , , , , , , , , , , , , , , , , , , , , , , , ,21, , ,6, , , , , , , , , , , , , , ,0, , , , , , , , , , , , , , , , , , , , , , , , , , , , , , 
2025-07-29 03:52:07.523 UTC, , ,0,0,0,0, , , , , , , , , , , , , , , , , , , , ,1029,6452269,3305176,336, ,63, ,64, , , , , , , , , ,63,9, , , ,58,3,10, ,70, , , , , , , , , , , , , , ,628153,12,625584,625584, , , , ,3126275,23291174912,70,70,70,70, , , , , , , , , , , , , , , , , , , , , , , , , , , , , , , , ,3126275, , , , ,1753718481175,,, , , , , , , , , , , , , , , , , , , , , ,1753761123913,19652, , , ,44,3145728,4171635,2,2,0,2, , , ,32,32, ,38, ,3,35, , ,1, , , , , , , , , ,20401,38, , , , , , , , ,1992773760, , , , , , , ,38, , , , , , , , , , , , , , , , , , , , , , , , , , , , , , ,32, , ,6, , , , , , , , , , , , , , ,0, , , , , , , , , , , , , , , , , , , , , , , , , , , , , , 
2025-07-29 03:53:07.538 UTC, , ,0,0,0,0, , , , , , , , , , , , , , , , , , , , ,1029,6465869,3318776,336, ,63, ,53, , , , , , , , , ,63,9, , , ,58,3,10, ,70, , , , , , , , , , , , , , ,628153,12,625584,625584, , , , ,3126275,23291174912,70,70,70,70, , , , , , , , , , , , , , , , , , , , , , , , , , , , , , , , ,3126275, , , , ,1753718481175,,, , , , , , , , , , , , , , , , , , , , , ,1753761183973,19699, , , ,45,3145728,4185732,2,3,1,3, , , ,21,21, ,26, ,3,24, , ,1, , , , , , , , , ,14097,26, , , , , , ,1,108,1672427696, , , , , , , ,27, , , , , , , , , , , , , , , , , , , , , , , , , , , , , , ,21, , ,6, , , , , , , , , , , , , , ,0, , , , , , , , , , , , , , , , , , , , , , , , , , , , , , 
2025-07-29 03:54:07.545 UTC, , ,0,0,0,0, , , , , , , , , , , , , , , , , , , , ,1029,6473197,3326104,336, ,63, ,46, , , , , , , , , ,63,9, , , ,58,3,10, ,70, , , , , , , , , , , , , , ,628153,12,625584,625584, , , , ,3126275,23291174912,70,70,70,70, , , , , , , , , , , , , , , , , , , , , , , , , , , , , , , , ,3126275, , , , ,1753718481175,,, , , , , , , , , , , , , , , , , , , , , ,1753761243983,19733, , , ,33,3145728,4193501,4,4,1,4, , , ,14,14, ,20, ,3,17, , ,1, , , , , , , , , ,7769,20, , , , , , , , ,1710176432, , , , , , , ,20, , , , , , , , , , , , , , , , , , , , , , , , , , , , , , ,14, , ,6, , , , , , , , , , , , , , ,0, , , , , , , , , , , , , , , , , , , , , , , , , , , , , , 
2025-07-29 03:55:07.547 UTC, , ,0,0,0,0, , , , , , , , , , , , , , , , , , , , ,1029,6480517,3333424,336, ,63, ,46, , , , , , , , , ,63,9, , , ,58,3,10, ,70, , , , , , , , , , , , , , ,628153,12,625584,625584, , , , ,3126275,23291174912,70,70,70,70, , , , , , , , , , , , , , , , , , , , , , , , , , , , , , , , ,3126275, , , , ,1753718481175,,, , , , , , , , , , , , , , , , , , , , , ,1753761303993,19767, , , ,34,3145728,4201260,45,45,3,45, , , ,14,14, ,20, ,3,17, , ,1, , , , , , , , , ,7759,20, , , , , , , , ,1752119472, , , , , , , ,20, , , , , , , , , , , , , , , , , , , , , , , , , , , , , , ,14, , ,6, , , , , , , , , , , , , , ,0, , , , , , , , , , , , , , , , , , , , , , , , , , , , , , 
2025-07-29 03:56:07.550 UTC, , ,0,0,0,0, , , , , , , , , , , , , , , , , , , , ,1029,6487949,3340856,336, ,64, ,47, , , , , , , , , ,64,9, , , ,59,3,10, ,70, , , , , , , , , , , , , , ,628153,12,625584,625584, , , , ,3126275,23291174912,70,70,70,70, , , , , , , , , , , , , , , , , , , , , , , , , , , , , , , , ,3126275, , , , ,1753718481175,,, , , , , , , , , , , , , , , , , , , , , ,1753761364072,19801, , , ,34,3145728,4212241,52,52,5,52, , , ,14,14, ,20, ,3,17, , ,1, , , , , , , , , ,10981,20, , , , , , , , ,1794062512, , , , , , , ,20, , , , , , , , , , , , , , , , , , , , , , , , , , , , , , ,14, , ,6, , , , , , , , , , , , , , ,0, , , , , , , , , , , , , , , , , , , , , , , , , , , , , , 
2025-07-29 03:57:07.553 UTC, , ,0,0,0,0, , , , , , , , , , , , , , , , , , , , ,1029,6511797,3364704,336, ,64, ,65, , , , , , , , , ,64,9, , , ,59,3,10, ,70, , , , , , , , , , , , , , ,628153,12,625584,625584, , , , ,3126275,23291174912,70,70,70,70, , , , , , , , , , , , , , , , , , , , , , , , , , , , , , , , ,3126275, , , , ,1753718481175,,, , , , , , , , , , , , , , , , , , , , , ,1753761424084,19873, , , ,97,3145728,4236967,18,29,2,29, , , ,33,33, ,39, ,3,36, , ,1, , , , , , , , , ,24726,39, , , , , , , , ,1865365680, , , , , , , ,39, , , , , , , , , , , , , , , , , , , , , , , , , , , , , , ,33, , ,6, , , , , , , , , , , , , , ,0, , , , , , , , , , , , , , , , , , , , , , , , , , , , , , 
2025-07-29 03:58:07.557 UTC, , ,0,0,0,0, , , , , , , , , , , , , , , , , , , , ,1029,6518741,3371648,336, ,64, ,46, , , , , , , , , ,64,9, , , ,59,3,10, ,70, , , , , , , , , , , , , , ,628153,12,625584,625584, , , , ,3126275,23291174912,70,70,70,70, , , , , , , , , , , , , , , , , , , , , , , , , , , , , , , , ,3126275, , , , ,1753718481175,,, , , , , , , , , , , , , , , , , , , , , ,1753761484094,19907, , , ,37,3145728,4244671,5,5,1,5, , , ,14,14, ,20, ,3,17, , ,1, , , , , , , , , ,7704,20, , , , , , , , ,1907308720, , , , , , , ,20, , , , , , , , , , , , , , , , , , , , , , , , , , , , , , ,14, , ,6, , , , , , , , , , , , , , ,0, , , , , , , , , , , , , , , , , , , , , , , , , , , , , , 
2025-07-29 03:59:07.561 UTC, , ,0,0,0,0, , , , , , , , , , , , , , , , , , , , ,1029,6523917,3376824,336, ,64, ,45, , , , , , , , , ,64,9, , , ,59,3,10, ,70, , , , , , , , , , , , , , ,628153,12,625584,625584, , , , ,3126275,23291174912,70,70,70,70, , , , , , , , , , , , , , , , , , , , , , , , , , , , , , , , ,3126275, , , , ,1753718481175,,, , , , , , , , , , , , , , , , , , , , , ,1753761544103,19939, , , ,34,3145728,4250271,16,16,2,16, , , ,13,13, ,19, ,3,16, , ,1, , , , , , , , , ,5600,19, , , , , , , , ,1945057456, , , , , , , ,19, , , , , , , , , , , , , , , , , , , , , , , , , , , , , , ,13, , ,6, , , , , , , , , , , , , , ,0, , , , , , , , , , , , , , , , , , , , , , , , , , , , , , 
2025-07-29 04:00:07.574 UTC, , ,0,0,0,0, , , , , , , , , , , , , , , , , , , , ,1029,6529093,3382000,336, ,64, ,45, , , , , , , , , ,64,9, , , ,59,3,10, ,70, , , , , , , , , , , , , , ,628153,12,625584,625584, , , , ,3126275,23291174912,70,70,70,70, , , , , , , , , , , , , , , , , , , , , , , , , , , , , , , , ,3126275, , , , ,1753718481175,,, , , , , , , , , , , , , , , , , , , , , ,1753761604178,19971, , , ,34,3145728,4255876,69,69,7,69, , , ,13,13, ,19, ,3,16, , ,1, , , , , , , , , ,5605,19, , , , , , , , ,1982806192, , , , , , , ,19, , , , , , , , , , , , , , , , , , , , , , , , , , , , , , ,13, , ,6, , , , , , , , , , , , , , ,0, , , , , , , , , , , , , , , , , , , , , , , , , , , , , , 
2025-07-29 04:01:07.582 UTC, , ,0,0,0,0, , , , , , , , , , , , , , , , , , , , ,1029,6547853,3400760,336, ,64, ,46, , , , , , , , , ,64,9, , , ,59,3,10, ,70, , , , , , , , , , , , , , ,628153,12,625584,625584, , , , ,3126275,23291174912,70,70,70,70, , , , , , , , , , , , , , , , , , , , , , , , , , , , , , , , ,3126275, , , , ,1753718481175,,, , , , , , , , , , , , , , , , , , , , , ,1753761664189,20004, , , ,37,3145728,4275253,25,25,4,25, , , ,14,14, ,19, ,3,17, , ,1, , , , , , , , , ,19377,19, , , , , , , , ,2024749232, , , , , , , ,20, , , , , , , , , , , , , , , , , , , , , , , , , , , , , , ,14, , ,6, , , , , , , , , , , , , , ,0, , , , , , , , , , , , , , , , , , , , , , , , , , , , , , 
2025-07-29 04:02:07.591 UTC, , ,0,0,0,0, , , , , , , , , , , , , , , , , , , , ,1029,6567157,3420064,336, ,64, ,47, , , , , , , , , ,64,9, , , ,59,3,10, ,70, , , , , , , , , , , , , , ,628153,12,625584,625584, , , , ,3126275,23291174912,70,70,70,70, , , , , , , , , , , , , , , , , , , , , , , , , , , , , , , , ,3126275, , , , ,1753718481175,,, , , , , , , , , , , , , , , , , , , , , ,1753761724239,20042, , , ,38,3145728,4294874,3,3,1,3, , , ,15,15, ,23, ,3,18, , ,1, , , , , , , , , ,19621,23, , , , , , ,1,109,1650343128, , , , , , , ,21, , , , , , , , , , , , , , , , , , , , , , , , , , , , , , ,15, , ,6, , , , , , , , , , , , , , ,0, , , , , , , , , , , , , , , , , , , , , , , , , , , , , , 
2025-07-29 04:03:07.596 UTC, , ,0,0,0,0, , , , , , , , , , , , , , , , , , , , ,1029,6572333,3425240,336, ,64, ,45, , , , , , , , , ,64,9, , , ,59,3,10, ,70, , , , , , , , , , , , , , ,628153,12,625584,625584, , , , ,3126275,23291174912,70,70,70,70, , , , , , , , , , , , , , , , , , , , , , , , , , , , , , , , ,3126275, , , , ,1753718481175,,, , , , , , , , , , , , , , , , , , , , , ,1753761784250,20075, , , ,38,3145728,4300511,3,3,1,3, , , ,13,13, ,20, ,3,16, , ,1, , , , , , , , , ,5637,20, , , , , , , , ,1692286168, , , , , , , ,19, , , , , , , , , , , , , , , , , , , , , , , , , , , , , , ,13, , ,6, , , , , , , , , , , , , , ,0, , , , , , , , , , , , , , , , , , , , , , , , , , , , , , 
2025-07-29 04:04:07.601 UTC, , ,0,0,0,0, , , , , , , , , , , , , , , , , , , , ,1029,6577397,3430304,336, ,65, ,46, , , , , , , , , ,65,9, , , ,60,3,10, ,70, , , , , , , , , , , , , , ,628153,12,625584,625584, , , , ,3126275,23291174912,70,70,70,70, , , , , , , , , , , , , , , , , , , , , , , , , , , , , , , , ,3126275, , , , ,1753718481175,,, , , , , , , , , , , , , , , , , , , , , ,1753761844262,20108, , , ,38,3145728,4309154,5,5,1,5, , , ,13,13, ,20, ,3,16, , ,1, , , , , , , , , ,8643,20, , , , , , , , ,1730034904, , , , , , , ,19, , , , , , , , , , , , , , , , , , , , , , , , , , , , , , ,13, , ,6, , , , , , , , , , , , , , ,0, , , , , , , , , , , , , , , , , , , , , , , , , , , , , , 
2025-07-29 04:05:07.606 UTC, , ,0,0,0,0, , , , , , , , , , , , , , , , , , , , ,1029,6582573,3435480,336, ,65, ,45, , , , , , , , , ,65,9, , , ,60,3,10, ,70, , , , , , , , , , , , , , ,628153,12,625584,625584, , , , ,3126275,23291174912,70,70,70,70, , , , , , , , , , , , , , , , , , , , , , , , , , , , , , , , ,3126275, , , , ,1753718481175,,, , , , , , , , , , , , , , , , , , , , , ,1753761904272,20140, , , ,34,3145728,4314759,3,3,1,3, , , ,13,13, ,19, ,3,16, , ,1, , , , , , , , , ,5605,19, , , , , , , , ,1767783640, , , , , , , ,19, , , , , , , , , , , , , , , , , , , , , , , , , , , , , , ,13, , ,6, , , , , , , , , , , , , , ,0, , , , , , , , , , , , , , , , , , , , , , , , , , , , , , 
2025-07-29 04:06:07.614 UTC, , ,0,0,0,0, , , , , , , , , , , , , , , , , , , , ,1029,6587749,3440656,336, ,65, ,45, , , , , , , , , ,65,9, , , ,60,3,10, ,70, , , , , , , , , , , , , , ,628153,12,625584,625584, , , , ,3126275,23291174912,70,70,70,70, , , , , , , , , , , , , , , , , , , , , , , , , , , , , , , , ,3126275, , , , ,1753718481175,,, , , , , , , , , , , , , , , , , , , , , ,1753761964282,20172, , , ,35,3145728,4320364,7,7,1,7, , , ,13,13, ,19, ,3,16, , ,1, , , , , , , , , ,5605,19, , , , , , , , ,1805532376, , , , , , , ,19, , , , , , , , , , , , , , , , , , , , , , , , , , , , , , ,13, , ,6, , , , , , , , , , , , , , ,0, , , , , , , , , , , , , , , , , , , , , , , , , , , , , , 
2025-07-29 04:07:07.619 UTC, , ,0,0,0,0, , , , , , , , , , , , , , , , , , , , ,1029,6593141,3446048,336, ,65, ,45, , , , , , , , , ,65,9, , , ,60,3,10, ,70, , , , , , , , , , , , , , ,628153,12,625584,625584, , , , ,3126275,23291174912,70,70,70,70, , , , , , , , , , , , , , , , , , , , , , , , , , , , , , , , ,3126275, , , , ,1753718481175,,, , , , , , , , , , , , , , , , , , , , , ,1753762024295,20204, , , ,35,3145728,4326179,11,11,2,11, , , ,13,13, ,19, ,3,16, , ,1, , , , , , , , , ,5815,19, , , , , , , , ,1851669712, , , , , , , ,19, , , , , , , , , , , , , , , , , , , , , , , , , , , , , , ,13, , ,6, , , , , , , , , , , , , , ,0, , , , , , , , , , , , , , , , , , , , , , , , , , , , , , 
2025-07-29 04:08:07.623 UTC, , ,0,0,0,0, , , , , , , , , , , , , , , , , , , , ,1029,6598317,3451224,336, ,65, ,45, , , , , , , , , ,65,9, , , ,60,3,10, ,70, , , , , , , , , , , , , , ,628153,12,625584,625584, , , , ,3126275,23291174912,70,70,70,70, , , , , , , , , , , , , , , , , , , , , , , , , , , , , , , , ,3126275, , , , ,1753718481175,,, , , , , , , , , , , , , , , , , , , , , ,1753762084305,20236, , , ,35,3145728,4331784,47,47,7,47, , , ,13,13, ,19, ,3,16, , ,1, , , , , , , , , ,5605,19, , , , , , , , ,1897807056, , , , , , , ,19, , , , , , , , , , , , , , , , , , , , , , , , , , , , , , ,13, , ,6, , , , , , , , , , , , , , ,0, , , , , , , , , , , , , , , , , , , , , , , , , , , , , , 
2025-07-29 04:09:07.628 UTC, , ,0,0,0,0, , , , , , , , , , , , , , , , , , , , ,1029,6603493,3456400,336, ,65, ,45, , , , , , , , , ,65,9, , , ,60,3,10, ,70, , , , , , , , , , , , , , ,628153,12,625584,625584, , , , ,3126275,23291174912,70,70,70,70, , , , , , , , , , , , , , , , , , , , , , , , , , , , , , , , ,3126275, , , , ,1753718481175,,, , , , , , , , , , , , , , , , , , , , , ,1753762144318,20268, , , ,36,3145728,4337389,3,3,1,3, , , ,13,13, ,19, ,3,16, , ,1, , , , , , , , , ,5605,19, , , , , , , , ,1964915920, , , , , , , ,19, , , , , , , , , , , , , , , , , , , , , , , , , , , , , , ,13, , ,6, , , , , , , , , , , , , , ,0, , , , , , , , , , , , , , , , , , , , , , , , , , , , , , 
2025-07-29 04:10:07.632 UTC, , ,0,0,0,0, , , , , , , , , , , , , , , , , , , , ,1029,6608701,3461608,336, ,65, ,45, , , , , , , , , ,65,9, , , ,60,3,10, ,70, , , , , , , , , , , , , , ,628153,12,625584,625584, , , , ,3126275,23291174912,70,70,70,70, , , , , , , , , , , , , , , , , , , , , , , , , , , , , , , , ,3126275, , , , ,1753718481175,,, , , , , , , , , , , , , , , , , , , , , ,1753762204329,20300, , , ,36,3145728,4343021,28,28,3,28, , , ,13,13, ,19, ,3,16, , ,1, , , , , , , , , ,5632,19, , , , , , , , ,2011053264, , , , , , , ,19, , , , , , , , , , , , , , , , , , , , , , , , , , , , , , ,13, , ,6, , , , , , , , , , , , , , ,0, , , , , , , , , , , , , , , , , , , , , , , , , , , , , , 
2025-07-29 04:11:07.641 UTC, , ,0,0,0,0, , , , , , , , , , , , , , , , , , , , ,1029,6624773,3477680,336, ,65, ,46, , , , , , , , , ,65,9, , , ,60,3,10, ,70, , , , , , , , , , , , , , ,628153,12,625584,625584, , , , ,3126275,23291174912,70,70,70,70, , , , , , , , , , , , , , , , , , , , , , , , , , , , , , , , ,3126275, , , , ,1753718481175,,, , , , , , , , , , , , , , , , , , , , , ,1753762264341,20335, , , ,38,3145728,4359572,8,8,1,8, , , ,14,14, ,21, ,3,17, , ,1, , , , , , , , , ,16551,21, , , , , , ,1,60,1630079584, , , , , , , ,20, , , , , , , , , , , , , , , , , , , , , , , , , , , , , , ,14, , ,6, , , , , , , , , , , , , , ,0, , , , , , , , , , , , , , , , , , , , , , , , , , , , , , 
2025-07-29 04:12:07.644 UTC, , ,0,0,0,0, , , , , , , , , , , , , , , , , , , , ,1029,6630165,3483072,336, ,65, ,45, , , , , , , , , ,65,9, , , ,60,3,10, ,70, , , , , , , , , , , , , , ,628153,12,625584,625584, , , , ,3126275,23291174912,70,70,70,70, , , , , , , , , , , , , , , , , , , , , , , , , , , , , , , , ,3126275, , , , ,1753718481175,,, , , , , , , , , , , , , , , , , , , , , ,1753762324349,20367, , , ,37,3145728,4365387,53,53,6,53, , , ,13,13, ,19, ,3,16, , ,1, , , , , , , , , ,5815,19, , , , , , , , ,1676216928, , , , , , , ,19, , , , , , , , , , , , , , , , , , , , , , , , , , , , , , ,13, , ,6, , , , , , , , , , , , , , ,0, , , , , , , , , , , , , , , , , , , , , , , , , , , , , , 
2025-07-29 04:13:07.646 UTC, , ,0,0,0,0, , , , , , , , , , , , , , , , , , , , ,1029,6635341,3488248,336, ,65, ,45, , , , , , , , , ,65,9, , , ,60,3,10, ,70, , , , , , , , , , , , , , ,628153,12,625584,625584, , , , ,3126275,23291174912,70,70,70,70, , , , , , , , , , , , , , , , , , , , , , , , , , , , , , , , ,3126275, , , , ,1753718481175,,, , , , , , , , , , , , , , , , , , , , , ,1753762384362,20399, , , ,37,3145728,4370992,5,5,1,5, , , ,13,13, ,19, ,3,16, , ,1, , , , , , , , , ,5605,19, , , , , , , , ,1713965664, , , , , , , ,19, , , , , , , , , , , , , , , , , , , , , , , , , , , , , , ,13, , ,6, , , , , , , , , , , , , , ,0, , , , , , , , , , , , , , , , , , , , , , , , , , , , , , 
2025-07-29 04:14:07.652 UTC, , ,0,0,0,0, , , , , , , , , , , , , , , , , , , , ,1029,6653885,3506792,336, ,66, ,48, , , , , , , , , ,66,9, , , ,61,3,10, ,70, , , , , , , , , , , , , , ,628153,12,625584,625584, , , , ,3126275,23291174912,70,70,70,70, , , , , , , , , , , , , , , , , , , , , , , , , , , , , , , , ,3126275, , , , ,1753718481175,,, , , , , , , , , , , , , , , , , , , , , ,1753762444772,20435, , , ,49,3145728,4392592,3,3,1,3, , , ,15,15, ,21, ,3,18, , ,1, , , , , , , , , ,21603,21, , , , , , , , ,1751714400, , , , , , , ,21, , , , , , , , , , , , , , , , , , , , , , , , , , , , , , ,15, , ,6, , , , , , , , , , , , , , ,0, , , , , , , , , , , , , , , , , , , , , , , , , , , , , , 
2025-07-29 04:15:07.657 UTC, , ,0,0,0,0, , , , , , , , , , , , , , , , , , , , ,1029,6658869,3511776,336, ,66, ,45, , , , , , , , , ,66,9, , , ,61,3,10, ,70, , , , , , , , , , , , , , ,628153,12,625584,625584, , , , ,3126275,23291174912,70,70,70,70, , , , , , , , , , , , , , , , , , , , , , , , , , , , , , , , ,3126275, , , , ,1753718481175,,, , , , , , , , , , , , , , , , , , , , , ,1753762504383,20468, , , ,38,3145728,4398237,3,3,1,3, , , ,13,13, ,20, ,3,16, , ,1, , , , , , , , , ,5642,20, , , , , , , , ,1789463136, , , , , , , ,19, , , , , , , , , , , , , , , , , , , , , , , , , , , , , , ,13, , ,6, , , , , , , , , , , , , , ,0, , , , , , , , , , , , , , , , , , , , , , , , , , , , , , 
2025-07-29 04:16:07.662 UTC, , ,0,0,0,0, , , , , , , , , , , , , , , , , , , , ,1029,6664045,3516952,336, ,66, ,45, , , , , , , , , ,66,9, , , ,61,3,10, ,70, , , , , , , , , , , , , , ,628153,12,625584,625584, , , , ,3126275,23291174912,70,70,70,70, , , , , , , , , , , , , , , , , , , , , , , , , , , , , , , , ,3126275, , , , ,1753718481175,,, , , , , , , , , , , , , , , , , , , , , ,1753762564393,20500, , , ,38,3145728,4403837,3,3,1,3, , , ,13,13, ,19, ,3,16, , ,1, , , , , , , , , ,5600,19, , , , , , , , ,1831406176, , , , , , , ,19, , , , , , , , , , , , , , , , , , , , , , , , , , , , , , ,13, , ,6, , , , , , , , , , , , , , ,0, , , , , , , , , , , , , , , , , , , , , , , , , , , , , , 
2025-07-29 04:17:07.668 UTC, , ,0,0,0,0, , , , , , , , , , , , , , , , , , , , ,1029,6669629,3522536,336, ,66, ,45, , , , , , , , , ,66,9, , , ,61,3,10, ,70, , , , , , , , , , , , , , ,628153,12,625584,625584, , , , ,3126275,23291174912,70,70,70,70, , , , , , , , , , , , , , , , , , , , , , , , , , , , , , , , ,3126275, , , , ,1753718481175,,, , , , , , , , , , , , , , , , , , , , , ,1753762624404,20532, , , ,40,3145728,4409652,4,4,1,4, , , ,13,13, ,19, ,3,16, , ,1, , , , , , , , , ,5815,19, , , , , , , , ,1873349216, , , , , , , ,19, , , , , , , , , , , , , , , , , , , , , , , , , , , , , , ,13, , ,6, , , , , , , , , , , , , , ,0, , , , , , , , , , , , , , , , , , , , , , , , , , , , , , 
2025-07-29 04:18:07.673 UTC, , ,0,0,0,0, , , , , , , , , , , , , , , , , , , , ,1029,6674805,3527712,336, ,66, ,45, , , , , , , , , ,66,9, , , ,61,3,10, ,70, , , , , , , , , , , , , , ,628153,12,625584,625584, , , , ,3126275,23291174912,70,70,70,70, , , , , , , , , , , , , , , , , , , , , , , , , , , , , , , , ,3126275, , , , ,1753718481175,,, , , , , , , , , , , , , , , , , , , , , ,1753762685417,20564, , , ,36,3145728,4415257,9,9,1,9, , , ,13,13, ,19, ,3,16, , ,1, , , , , , , , , ,5605,19, , , , , , , , ,1944652384, , , , , , , ,19, , , , , , , , , , , , , , , , , , , , , , , , , , , , , , ,13, , ,6, , , , , , , , , , , , , , ,0, , , , , , , , , , , , , , , , , , , , , , , , , , , , , , 
2025-07-29 04:19:07.677 UTC, , ,0,0,0,0, , , , , , , , , , , , , , , , , , , , ,1029,6680173,3533080,336, ,66, ,47, , , , , , , , , ,66,9, , , ,61,3,10, ,70, , , , , , , , , , , , , , ,628153,12,625584,625584, , , , ,3126275,23291174912,70,70,70,70, , , , , , , , , , , , , , , , , , , , , , , , , , , , , , , , ,3126275, , , , ,1753718481175,,, , , , , , , , , , , , , , , , , , , , , ,1753762746712,20600, , , ,44,3145728,4421275,5,5,1,5, , , ,15,15, ,21, ,3,18, , ,1, , , , , , , , , ,6021,21, , , , , , , , ,1990789728, , , , , , , ,21, , , , , , , , , , , , , , , , , , , , , , , , , , , , , , ,15, , ,6, , , , , , , , , , , , , , ,0, , , , , , , , , , , , , , , , , , , , , , , , , , , , , , 
2025-07-29 04:20:07.680 UTC, , ,0,0,0,0, , , , , , , , , , , , , , , , , , , , ,1029,6685541,3538448,336, ,66, ,45, , , , , , , , , ,66,9, , , ,61,3,10, ,70, , , , , , , , , , , , , , ,628153,12,625584,625584, , , , ,3126275,23291174912,70,70,70,70, , , , , , , , , , , , , , , , , , , , , , , , , , , , , , , , ,3126275, , , , ,1753718481175,,, , , , , , , , , , , , , , , , , , , , , ,1753762806445,20632, , , ,33,3145728,4426883,3,3,1,3, , , ,13,13, ,19, ,3,16, , ,1, , , , , , , , , ,5605,19, , , , , , , , ,2028538464, , , , , , , ,19, , , , , , , , , , , , , , , , , , , , , , , , , , , , , , ,13, , ,6, , , , , , , , , , , , , , ,0, , , , , , , , , , , , , , , , , , , , , , , , , , , , , , 
2025-07-29 04:21:07.697 UTC, , ,0,0,0,0, , , , , , , , , , , , , , , , , , , , ,1029,6702765,3555672,336, ,66, ,62, , , , , , , , , ,66,9, , , ,61,3,10, ,70, , , , , , , , , , , , , , ,628153,12,625584,625584, , , , ,3126275,23291174912,70,70,70,70, , , , , , , , , , , , , , , , , , , , , , , , , , , , , , , , ,3126275, , , , ,1753718481175,,, , , , , , , , , , , , , , , , , , , , , ,1753762867456,20698, , , ,151,3145728,4444774,23,53,3,53, , , ,30,30, ,36, ,3,33, , ,1, , , , , , , , , ,17891,36, , , , , , ,1,73,1692559872, , , , , , , ,36, , , , , , , , , , , , , , , , , , , , , , , , , , , , , , ,30, , ,6, , , , , , , , , , , , , , ,0, , , , , , , , , , , , , , , , , , , , , , , , , , , , , , 
2025-07-29 04:22:07.701 UTC, , ,0,0,0,0, , , , , , , , , , , , , , , , , , , , ,1029,6718781,3571688,336, ,67, ,58, , , , , , , , , ,67,9, , , ,62,3,10, ,70, , , , , , , , , , , , , , ,628153,12,625584,625584, , , , ,3126275,23291174912,70,70,70,70, , , , , , , , , , , , , , , , , , , , , , , , , , , , , , , , ,3126275, , , , ,1753718481175,,, , , , , , , , , , , , , , , , , , , , , ,1753762926050,20754, , , ,170,3145728,4464505,54,62,6,62, , , ,25,25, ,31, ,3,28, , ,1, , , , , , , , , ,19734,31, , , , , , , , ,1797417472, , , , , , , ,31, , , , , , , , , , , , , , , , , , , , , , , , , , , , , , ,25, , ,6, , , , , , , , , , , , , , ,0, , , , , , , , , , , , , , , , , , , , , , , , , , , , , , 
2025-07-29 04:23:07.703 UTC, , ,0,0,0,0, , , , , , , , , , , , , , , , , , , , ,1029,6726365,3579272,336, ,67, ,52, , , , , , , , , ,67,9, , , ,62,3,10, ,70, , , , , , , , , , , , , , ,628153,12,625584,625584, , , , ,3126275,23291174912,70,70,70,70, , , , , , , , , , , , , , , , , , , , , , , , , , , , , , , , ,3126275, , , , ,1753718481175,,, , , , , , , , , , , , , , , , , , , , , ,1753762986832,20801, , , ,36,3145728,4473583,23,35,4,35, , , ,20,20, ,27, ,3,23, , ,1, , , , , , , , , ,9078,27, , , , , , , , ,1843554816, , , , , , , ,26, , , , , , , , , , , , , , , , , , , , , , , , , , , , , , ,20, , ,6, , , , , , , , , , , , , , ,0, , , , , , , , , , , , , , , , , , , , , , , , , , , , , , 
2025-07-29 04:24:07.706 UTC, , ,0,0,0,0, , , , , , , , , , , , , , , , , , , , ,1029,6758581,3611488,336, ,67, ,101, , , , , , , , , ,67,9, , , ,62,3,10, ,70, , , , , , , , , , , , , , ,628153,12,625584,625584, , , , ,3126275,23291174912,70,70,70,70, , , , , , , , , , , , , , , , , , , , , , , , , , , , , , , , ,3126275, , , , ,1753718481175,,, , , , , , , , , , , , , , , , , , , , , ,1753763047506,20945, , , ,383,3145728,4506605,4,5,1,5, , , ,69,69, ,75, ,3,72, , ,1, , , , , , , , , ,33019,75, , , , , , , , ,1889692160, , , , , , , ,75, , , , , , , , , , , , , , , , , , , , , , , , , , , , , , ,69, , ,6, , , , , , , , , , , , , , ,0, , , , , , , , , , , , , , , , , , , , , , , , , , , , , , 
2025-07-29 04:25:07.709 UTC, , ,0,0,0,0, , , , , , , , , , , , , , , , , , , , ,1029,6774301,3627208,336, ,67, ,47, , , , , , , , , ,67,9, , , ,62,3,10, ,70, , , , , , , , , , , , , , ,628153,12,625584,625584, , , , ,3126275,23291174912,70,70,70,70, , , , , , , , , , , , , , , , , , , , , , , , , , , , , , , , ,3126275, , , , ,1753718481175,,, , , , , , , , , , , , , , , , , , , , , ,1753763106713,20982, , , ,39,3145728,4522495,15,15,3,15, , , ,15,15, ,22, ,3,18, , ,1, , , , , , , , , ,15893,22, , , , , , , , ,1935829504, , , , , , , ,21, , , , , , , , , , , , , , , , , , , , , , , , , , , , , , ,15, , ,6, , , , , , , , , , , , , , ,0, , , , , , , , , , , , , , , , , , , , , , , , , , , , , , 
2025-07-29 04:26:07.715 UTC, , ,0,0,0,0, , , , , , , , , , , , , , , , , , , , ,1029,6794677,3647584,336, ,68, ,55, , , , , , , , , ,68,9, , , ,63,3,10, ,70, , , , , , , , , , , , , , ,628153,12,625584,625584, , , , ,3126275,23291174912,70,70,70,70, , , , , , , , , , , , , , , , , , , , , , , , , , , , , , , , ,3126275, , , , ,1753718481175,,, , , , , , , , , , , , , , , , , , , , , ,1753763166770,21032, , , ,37,3145728,4546319,2,2,1,2, , , ,22,22, ,28, ,3,25, , ,1, , , , , , , , , ,23824,28, , , , , , , , ,1994549760, , , , , , , ,28, , , , , , , , , , , , , , , , , , , , , , , , , , , , , , ,22, , ,6, , , , , , , , , , , , , , ,0, , , , , , , , , , , , , , , , , , , , , , , , , , , , , , 
2025-07-29 04:27:07.722 UTC, , ,0,0,0,0, , , , , , , , , , , , , , , , , , , , ,1029,6821853,3674760,336, ,68, ,76, , , , , , , , , ,68,9, , , ,63,3,10, ,70, , , , , , , , , , , , , , ,628153,12,625584,625584, , , , ,3126275,23291174912,70,70,70,70, , , , , , , , , , , , , , , , , , , , , , , , , , , , , , , , ,3126275, , , , ,1753718481175,,, , , , , , , , , , , , , , , , , , , , , ,1753763227689,21127, , , ,172,3145728,4573456,2,2,0,2, , , ,44,44, ,51, ,3,47, , ,1, , , , , , , , , ,27137,51, , , , , , , , ,2082630144, , , , , , , ,50, , , , , , , , , , , , , , , , , , , , , , , , , , , , , , ,44, , ,6, , , , , , , , , , , , , , ,0, , , , , , , , , , , , , , , , , , , , , , , , , , , , , , 
2025-07-29 04:28:07.727 UTC, , ,0,0,0,0, , , , , , , , , , , , , , , , , , , , ,1029,6829469,3682376,336, ,68, ,50, , , , , , , , , ,68,9, , , ,63,3,10, ,70, , , , , , , , , , , , , , ,628153,12,625584,625584, , , , ,3126275,23291174912,70,70,70,70, , , , , , , , , , , , , , , , , , , , , , , , , , , , , , , , ,3126275, , , , ,1753718481175,,, , , , , , , , , , , , , , , , , , , , , ,1753763284547,21169, , , ,32,3145728,4582265,2,9,1,9, , , ,18,18, ,24, ,3,21, , ,1, , , , , , , , , ,8806,24, , , , , , , , ,2120378880, , , , , , , ,24, , , , , , , , , , , , , , , , , , , , , , , , , , , , , , ,18, , ,6, , , , , , , , , , , , , , ,0, , , , , , , , , , , , , , , , , , , , , , , , , , , , , , 
2025-07-29 04:29:07.734 UTC, , ,0,0,0,0, , , , , , , , , , , , , , , , , , , , ,1029,6838749,3691656,336, ,68, ,50, , , , , , , , , ,68,9, , , ,63,3,10, ,70, , , , , , , , , , , , , , ,628153,12,625584,625584, , , , ,3126275,23291174912,70,70,70,70, , , , , , , , , , , , , , , , , , , , , , , , , , , , , , , , ,3126275, , , , ,1753718481175,,, , , , , , , , , , , , , , , , , , , , , ,1753763344558,21211, , , ,32,3145728,4591528,3,3,1,3, , , ,18,18, ,24, ,3,21, , ,1, , , , , , , , , ,9263,24, , , , , , , , ,2174904832, , , , , , , ,24, , , , , , , , , , , , , , , , , , , , , , , , , , , , , , ,18, , ,6, , , , , , , , , , , , , , ,0, , , , , , , , , , , , , , , , , , , , , , , , , , , , , , 
2025-07-29 04:30:07.742 UTC, , ,0,0,0,0, , , , , , , , , , , , , , , , , , , , ,1029,6841821,3694728,336, ,68, ,44, , , , , , , , , ,68,9, , , ,63,3,10, ,70, , , , , , , , , , , , , , ,628153,12,625584,625584, , , , ,3126275,23291174912,70,70,70,70, , , , , , , , , , , , , , , , , , , , , , , , , , , , , , , , ,3126275, , , , ,1753718481175,,, , , , , , , , , , , , , , , , , , , , , ,1753763404569,21241, , , ,31,3145728,4595014,4,4,1,4, , , ,12,12, ,18, ,3,15, , ,1, , , , , , , , , ,3486,18, , , , , , , , ,2208459264, , , , , , , ,18, , , , , , , , , , , , , , , , , , , , , , , , , , , , , , ,12, , ,6, , , , , , , , , , , , , , ,0, , , , , , , , , , , , , , , , , , , , , , , , , , , , , , 
2025-07-29 04:31:07.748 UTC, , ,0,0,0,0, , , , , , , , , , , , , , , , , , , , ,1029,6844893,3697800,336, ,68, ,44, , , , , , , , , ,68,9, , , ,63,3,10, ,70, , , , , , , , , , , , , , ,628153,12,625584,625584, , , , ,3126275,23291174912,70,70,70,70, , , , , , , , , , , , , , , , , , , , , , , , , , , , , , , , ,3126275, , , , ,1753718481175,,, , , , , , , , , , , , , , , , , , , , , ,1753763464581,21271, , , ,31,3145728,4598500,5,5,1,5, , , ,12,12, ,18, ,3,15, , ,1, , , , , , , , , ,3486,18, , , , , , , , ,2242013696, , , , , , , ,18, , , , , , , , , , , , , , , , , , , , , , , , , , , , , , ,12, , ,6, , , , , , , , , , , , , , ,0, , , , , , , , , , , , , , , , , , , , , , , , , , , , , , 
2025-07-29 04:32:07.803 UTC, , ,0,0,0,0, , , , , , , , , , , , , , , , , , , , ,1029,6847533,3700440,336, ,69, ,45, , , , , , , , , ,69,9, , , ,64,3,10, ,70, , , , , , , , , , , , , , ,628153,12,625584,625584, , , , ,3126275,23291174912,70,70,70,70, , , , , , , , , , , , , , , , , , , , , , , , , , , , , , , , ,3126275, , , , ,1753718481175,,, , , , , , , , , , , , , , , , , , , , , ,1753763524775,21301, , , ,31,3145728,4605059,3,3,1,3, , , ,12,12, ,18, ,3,15, , ,1, , , , , , , , , ,6559,18, , , , , , ,1,951,1665059152, , , , , , , ,18, , , , , , , , , , , , , , , , , , , , , , , , , , , , , , ,12, , ,6, , , , , , , , , , , , , , ,0, , , , , , , , , , , , , , , , , , , , , , , , , , , , , , 
2025-07-29 04:33:07.806 UTC, , ,0,0,0,0, , , , , , , , , , , , , , , , , , , , ,1029,6850605,3703512,336, ,69, ,44, , , , , , , , , ,69,9, , , ,64,3,10, ,70, , , , , , , , , , , , , , ,628153,12,625584,625584, , , , ,3126275,23291174912,70,70,70,70, , , , , , , , , , , , , , , , , , , , , , , , , , , , , , , , ,3126275, , , , ,1753718481175,,, , , , , , , , , , , , , , , , , , , , , ,1753763584780,21331, , , ,31,3145728,4608545,2,2,1,2, , , ,12,12, ,18, ,3,15, , ,1, , , , , , , , , ,3486,18, , , , , , , , ,1698613584, , , , , , , ,18, , , , , , , , , , , , , , , , , , , , , , , , , , , , , , ,12, , ,6, , , , , , , , , , , , , , ,0, , , , , , , , , , , , , , , , , , , , , , , , , , , , , , 
2025-07-29 04:34:07.812 UTC, , ,0,0,0,0, , , , , , , , , , , , , , , , , , , , ,1029,6853677,3706584,336, ,69, ,44, , , , , , , , , ,69,9, , , ,64,3,10, ,70, , , , , , , , , , , , , , ,628153,12,625584,625584, , , , ,3126275,23291174912,70,70,70,70, , , , , , , , , , , , , , , , , , , , , , , , , , , , , , , , ,3126275, , , , ,1753718481175,,, , , , , , , , , , , , , , , , , , , , , ,1753763644785,21361, , , ,31,3145728,4612246,3,3,1,3, , , ,12,12, ,18, ,3,15, , ,1, , , , , , , , , ,3701,18, , , , , , , , ,1732168016, , , , , , , ,18, , , , , , , , , , , , , , , , , , , , , , , , , , , , , , ,12, , ,6, , , , , , , , , , , , , , ,0, , , , , , , , , , , , , , , , , , , , , , , , , , , , , , 
2025-07-29 04:35:07.816 UTC, , ,0,0,0,0, , , , , , , , , , , , , , , , , , , , ,1029,6856773,3709680,336, ,69, ,44, , , , , , , , , ,69,9, , , ,64,3,10, ,70, , , , , , , , , , , , , , ,628153,12,625584,625584, , , , ,3126275,23291174912,70,70,70,70, , , , , , , , , , , , , , , , , , , , , , , , , , , , , , , , ,3126275, , , , ,1753718481175,,, , , , , , , , , , , , , , , , , , , , , ,1753763704794,21391, , , ,32,3145728,4615732,2,2,1,2, , , ,12,12, ,18, ,3,15, , ,1, , , , , , , , , ,3486,18, , , , , , , , ,1765722448, , , , , , , ,18, , , , , , , , , , , , , , , , , , , , , , , , , , , , , , ,12, , ,6, , , , , , , , , , , , , , ,0, , , , , , , , , , , , , , , , , , , , , , , , , , , , , , 
2025-07-29 04:36:07.819 UTC, , ,0,0,0,0, , , , , , , , , , , , , , , , , , , , ,1029,6859845,3712752,336, ,69, ,44, , , , , , , , , ,69,9, , , ,64,3,10, ,70, , , , , , , , , , , , , , ,628153,12,625584,625584, , , , ,3126275,23291174912,70,70,70,70, , , , , , , , , , , , , , , , , , , , , , , , , , , , , , , , ,3126275, , , , ,1753718481175,,, , , , , , , , , , , , , , , , , , , , , ,1753763764804,21421, , , ,32,3145728,4619218,2,2,1,2, , , ,12,12, ,18, ,3,15, , ,1, , , , , , , , , ,3486,18, , , , , , , , ,1799276880, , , , , , , ,18, , , , , , , , , , , , , , , , , , , , , , , , , , , , , , ,12, , ,6, , , , , , , , , , , , , , ,0, , , , , , , , , , , , , , , , , , , , , , , , , , , , , , 
2025-07-29 04:37:07.822 UTC, , ,0,0,0,0, , , , , , , , , , , , , , , , , , , , ,1029,6862917,3715824,336, ,69, ,44, , , , , , , , , ,69,9, , , ,64,3,10, ,70, , , , , , , , , , , , , , ,628153,12,625584,625584, , , , ,3126275,23291174912,70,70,70,70, , , , , , , , , , , , , , , , , , , , , , , , , , , , , , , , ,3126275, , , , ,1753718481175,,, , , , , , , , , , , , , , , , , , , , , ,1753763824814,21451, , , ,32,3145728,4622704,2,2,1,2, , , ,12,12, ,18, ,3,15, , ,1, , , , , , , , , ,3486,18, , , , , , , , ,1832831312, , , , , , , ,18, , , , , , , , , , , , , , , , , , , , , , , , , , , , , , ,12, , ,6, , , , , , , , , , , , , , ,0, , , , , , , , , , , , , , , , , , , , , , , , , , , , , , 
2025-07-29 04:38:07.826 UTC, , ,0,0,0,0, , , , , , , , , , , , , , , , , , , , ,1029,6865989,3718896,336, ,69, ,44, , , , , , , , , ,69,9, , , ,64,3,10, ,70, , , , , , , , , , , , , , ,628153,12,625584,625584, , , , ,3126275,23291174912,70,70,70,70, , , , , , , , , , , , , , , , , , , , , , , , , , , , , , , , ,3126275, , , , ,1753718481175,,, , , , , , , , , , , , , , , , , , , , , ,1753763884825,21481, , , ,32,3145728,4626190,5,5,1,5, , , ,12,12, ,18, ,3,15, , ,1, , , , , , , , , ,3486,18, , , , , , , , ,1866385744, , , , , , , ,18, , , , , , , , , , , , , , , , , , , , , , , , , , , , , , ,12, , ,6, , , , , , , , , , , , , , ,0, , , , , , , , , , , , , , , , , , , , , , , , , , , , , , 
2025-07-29 04:39:07.834 UTC, , ,0,0,0,0, , , , , , , , , , , , , , , , , , , , ,1029,6869061,3721968,336, ,69, ,44, , , , , , , , , ,69,9, , , ,64,3,10, ,70, , , , , , , , , , , , , , ,628153,12,625584,625584, , , , ,3126275,23291174912,70,70,70,70, , , , , , , , , , , , , , , , , , , , , , , , , , , , , , , , ,3126275, , , , ,1753718481175,,, , , , , , , , , , , , , , , , , , , , , ,1753763944834,21511, , , ,32,3145728,4629676,4,4,1,4, , , ,12,12, ,18, ,3,15, , ,1, , , , , , , , , ,3486,18, , , , , , , , ,1899940176, , , , , , , ,18, , , , , , , , , , , , , , , , , , , , , , , , , , , , , , ,12, , ,6, , , , , , , , , , , , , , ,0, , , , , , , , , , , , , , , , , , , , , , , , , , , , , , 
2025-07-29 04:40:07.842 UTC, , ,0,0,0,0, , , , , , , , , , , , , , , , , , , , ,1029,6872349,3725256,336, ,69, ,44, , , , , , , , , ,69,9, , , ,64,3,10, ,70, , , , , , , , , , , , , , ,628153,12,625584,625584, , , , ,3126275,23291174912,70,70,70,70, , , , , , , , , , , , , , , , , , , , , , , , , , , , , , , , ,3126275, , , , ,1753718481175,,, , , , , , , , , , , , , , , , , , , , , ,1753764004844,21541, , , ,32,3145728,4633377,4,4,1,4, , , ,12,12, ,18, ,3,15, , ,1, , , , , , , , , ,3701,18, , , , , , , , ,1937688912, , , , , , , ,18, , , , , , , , , , , , , , , , , , , , , , , , , , , , , , ,12, , ,6, , , , , , , , , , , , , , ,0, , , , , , , , , , , , , , , , , , , , , , , , , , , , , , 
2025-07-29 04:41:07.847 UTC, , ,0,0,0,0, , , , , , , , , , , , , , , , , , , , ,1029,6875421,3728328,336, ,69, ,44, , , , , , , , , ,69,9, , , ,64,3,10, ,70, , , , , , , , , , , , , , ,628153,12,625584,625584, , , , ,3126275,23291174912,70,70,70,70, , , , , , , , , , , , , , , , , , , , , , , , , , , , , , , , ,3126275, , , , ,1753718481175,,, , , , , , , , , , , , , , , , , , , , , ,1753764064875,21571, , , ,33,3145728,4636863,4,4,1,4, , , ,12,12, ,18, ,3,15, , ,1, , , , , , , , , ,3486,18, , , , , , , , ,1971243344, , , , , , , ,18, , , , , , , , , , , , , , , , , , , , , , , , , , , , , , ,12, , ,6, , , , , , , , , , , , , , ,0, , , , , , , , , , , , , , , , , , , , , , , , , , , , , , 
2025-07-29 04:42:08.039 UTC, , ,0,0,0,0, , , , , , , , , , , , , , , , , , , , ,1029,6877981,3730888,336, ,70, ,45, , , , , , , , , ,70,9, , , ,65,3,11, ,70, , , , , , , , , , , , , , ,628153,12,625584,625584, , , , ,3126275,23291174912,70,70,70,70, , , , , , , , , , , , , , , , , , , , , , , , , , , , , , , , ,3126275, , , , ,1753718481175,,, , , , , , , , , , , , , , , , , , , , , ,1753764124888,21601, , , ,36,3145728,4643396,5,5,1,5, , , ,12,12, ,18, ,3,15, , ,1, , , , , , , , , ,6533,18, , , , , , , , ,2004797776, , , , , , , ,18, , , , , , , , , , , , , , , , , , , , , , , , , , , , , , ,12, , ,6, , , , , , , , , , , , , , ,0, , , , , , , , , , , , , , , , , , , , , , , , , , , , , , 
2025-07-29 04:43:08.055 UTC, , ,0,0,0,0, , , , , , , , , , , , , , , , , , , , ,1029,6881453,3734360,336, ,70, ,44, , , , , , , , , ,70,9, , , ,65,3,10, ,70, , , , , , , , , , , , , , ,628153,12,625584,625584, , , , ,3126275,23291174912,70,70,70,70, , , , , , , , , , , , , , , , , , , , , , , , , , , , , , , , ,3126275, , , , ,1753718481175,,, , , , , , , , , , , , , , , , , , , , , ,1753764185042,21631, , , ,33,3145728,4646882,2,2,1,2, , , ,12,12, ,18, ,3,15, , ,1, , , , , , , , , ,3486,18, , , , , , , , ,2038352208, , , , , , , ,18, , , , , , , , , , , , , , , , , , , , , , , , , , , , , , ,12, , ,6, , , , , , , , , , , , , , ,0, , , , , , , , , , , , , , , , , , , , , , , , , , , , , , 
2025-07-29 04:44:08.088 UTC, , ,0,0,0,0, , , , , , , , , , , , , , , , , , , , ,1029,6884525,3737432,336, ,70, ,44, , , , , , , , , ,70,9, , , ,65,3,10, ,70, , , , , , , , , , , , , , ,628153,12,625584,625584, , , , ,3126275,23291174912,70,70,70,70, , , , , , , , , , , , , , , , , , , , , , , , , , , , , , , , ,3126275, , , , ,1753718481175,,, , , , , , , , , , , , , , , , , , , , , ,1753764245053,21661, , , ,33,3145728,4650368,3,3,1,3, , , ,12,12, ,18, ,3,15, , ,1, , , , , , , , , ,3486,18, , , , , , ,1,172,1650653456, , , , , , , ,18, , , , , , , , , , , , , , , , , , , , , , , , , , , , , , ,12, , ,6, , , , , , , , , , , , , , ,0, , , , , , , , , , , , , , , , , , , , , , , , , , , , , , 
2025-07-29 04:45:08.094 UTC, , ,0,0,0,0, , , , , , , , , , , , , , , , , , , , ,1029,6907909,3760816,336, ,70, ,77, , , , , , , , , ,70,9, , , ,65,3,10, ,70, , , , , , , , , , , , , , ,628153,12,625584,625584, , , , ,3126275,23291174912,70,70,70,70, , , , , , , , , , , , , , , , , , , , , , , , , , , , , , , , ,3126275, , , , ,1753718481175,,, , , , , , , , , , , , , , , , , , , , , ,1753764305066,21757, , , ,44,3145728,4674426,2,3,1,3, , , ,45,45, ,51, ,3,48, , ,1, , , , , , , , , ,24058,51, , , , , , , , ,1755511056, , , , , , , ,51, , , , , , , , , , , , , , , , , , , , , , , , , , , , , , ,45, , ,6, , , , , , , , , , , , , , ,0, , , , , , , , , , , , , , , , , , , , , , , , , , , , , , 
2025-07-29 04:46:08.097 UTC, , ,0,0,0,0, , , , , , , , , , , , , , , , , , , , ,1029,7015261,3868168,336, ,71, ,170, , , , , , , , , ,71,9, , , ,66,3,10, ,70, , , , , , , , , , , , , , ,628153,12,625584,625584, , , , ,3126275,23291174912,70,70,70,70, , , , , , , , , , , , , , , , , , , , , , , , , , , , , , , , ,3126275, , , , ,1753718481175,,, , , , , , , , , , , , , , , , , , , , , ,1753764365075,22036, , , ,45,3145728,4786721,2,2,0,2, , , ,137,137, ,142, ,3,140, , ,1, , , , , , , , , ,112295,142, , , , , , , , ,1973614864, , , , , , , ,143, , , , , , , , , , , , , , , , , , , , , , , , , , , , , , ,137, , ,6, , , , , , , , , , , , , , ,0, , , , , , , , , , , , , , , , , , , , , , , , , , , , , , 
2025-07-29 04:47:08.110 UTC, , ,0,0,0,0, , , , , , , , , , , , , , , , , , , , ,1029,7025869,3878776,336, ,71, ,55, , , , , , , , , ,71,9, , , ,66,3,10, ,70, , , , , , , , , , , , , , ,628153,12,625584,625584, , , , ,3126275,23291174912,70,70,70,70, , , , , , , , , , , , , , , , , , , , , , , , , , , , , , , , ,3126275, , , , ,1753718481175,,, , , , , , , , , , , , , , , , , , , , , ,1753764425085,22089, , , ,36,3145728,4797738,2,2,1,2, , , ,23,23, ,30, ,3,26, , ,1, , , , , , , , , ,11017,30, , , , , , , , ,2032335120, , , , , , , ,29, , , , , , , , , , , , , , , , , , , , , , , , , , , , , , ,23, , ,6, , , , , , , , , , , , , , ,0, , , , , , , , , , , , , , , , , , , , , , , , , , , , , , 
2025-07-29 04:48:08.122 UTC, , ,0,0,0,0, , , , , , , , , , , , , , , , , , , , ,1029,9356037,6208944,336, ,106, ,4488, , , , , , , , , ,106,9, , , ,101,3,10, ,70, , , , , , , , , , , , , , ,628153,12,625584,625584, , , , ,5626562,22538190848,79,79,79,79, , , , , , , , , , , , , , , , , , , , , , , , , , , , , , , , ,5626562, , , , ,1753718481175,,, , , , , , , , , , , , , , , , , , , , , ,1753764485094,30934, , , ,1373,3145728,7313814,1,2,0,18, , , ,4421,4421, ,4424, ,3,4424, , ,1, , , , , , , , , ,2516076,4424, , , , , , ,3,133,1675531392,2, , , , , , ,4427, , , , , , , , , , , , , , , , , , , , , , , , , , , , , , ,4421, , ,6, , , , , , , , , , , , , , ,0, , , , , , , , , , , , , , , , , , , , , , , , , ,1, , , , 
2025-07-29 04:49:08.123 UTC, , ,0,0,0,0, , , , , , , , , , , , , , , , , , , , ,1029,9365845,6218752,336, ,106, ,51, , , , , , , , , ,106,9, , , ,101,3,10, ,70, , , , , , , , , , , , , , ,628153,12,625584,625584, , , , ,5626562,22538190848,79,79,79,79, , , , , , , , , , , , , , , , , , , , , , , , , , , , , , , , ,5626562, , , , ,1753718481175,,, , , , , , , , , , , , , , , , , , , , , ,1753764545102,30978, , , ,45,3145728,7324139,3,4,1,4, , , ,19,19, ,25, ,3,22, , ,1, , , , , , , , , ,10325,25, , , , , , , , ,1721668736, , , , , , , ,25, , , , , , , , , , , , , , , , , , , , , , , , , , , , , , ,19, , ,6, , , , , , , , , , , , , , ,0, , , , , , , , , , , , , , , , , , , , , , , , , , , , , , 
2025-07-29 04:50:08.125 UTC, , ,0,0,0,0, , , , , , , , , , , , , , , , , , , , ,1029,9374317,6227224,336, ,106, ,47, , , , , , , , , ,106,9, , , ,101,3,10, ,70, , , , , , , , , , , , , , ,628153,12,625584,625584, , , , ,5626562,22538190848,79,79,79,79, , , , , , , , , , , , , , , , , , , , , , , , , , , , , , , , ,5626562, , , , ,1753718481175,,, , , , , , , , , , , , , , , , , , , , , ,1753764605112,31014, , , ,39,3145728,7333062,13,13,2,13, , , ,15,15, ,21, ,3,18, , ,1, , , , , , , , , ,8923,21, , , , , , , , ,1759417472, , , , , , , ,21, , , , , , , , , , , , , , , , , , , , , , , , , , , , , , ,15, , ,6, , , , , , , , , , , , , , ,0, , , , , , , , , , , , , , , , , , , , , , , , , , , , , , 
2025-07-29 04:51:08.127 UTC, , ,0,0,0,0, , , , , , , , , , , , , , , , , , , , ,1029,9383181,6236088,336, ,107, ,52, , , , , , , , , ,107,9, , , ,102,3,10, ,70, , , , , , , , , , , , , , ,628153,12,625584,625584, , , , ,5626562,22538190848,79,79,79,79, , , , , , , , , , , , , , , , , , , , , , , , , , , , , , , , ,5626562, , , , ,1753718481175,,, , , , , , , , , , , , , , , , , , , , , ,1753764665123,31059, , , ,51,3145728,7347048,2,2,1,2, , , ,19,19, ,26, ,3,22, , ,1, , , , , , , , , ,13986,26, , , , , , , , ,1801360512, , , , , , , ,25, , , , , , , , , , , , , , , , , , , , , , , , , , , , , , ,19, , ,6, , , , , , , , , , , , , , ,0, , , , , , , , , , , , , , , , , , , , , , , , , , , , , , 
2025-07-29 04:52:08.129 UTC, , ,0,0,0,0, , , , , , , , , , , , , , , , , , , , ,1029,9395381,6248288,336, ,107, ,46, , , , , , , , , ,107,9, , , ,102,3,10, ,70, , , , , , , , , , , , , , ,628153,12,625584,625584, , , , ,5626562,22538190848,79,79,79,79, , , , , , , , , , , , , , , , , , , , , , , , , , , , , , , , ,5626562, , , , ,1753718481175,,, , , , , , , , , , , , , , , , , , , , , ,1753764725133,31093, , , ,34,3145728,7359373,20,20,3,20, , , ,14,14, ,20, ,3,17, , ,1, , , , , , , , , ,12325,20, , , , , , , , ,1872663680, , , , , , , ,20, , , , , , , , , , , , , , , , , , , , , , , , , , , , , , ,14, , ,6, , , , , , , , , , , , , , ,0, , , , , , , , , , , , , , , , , , , , , , , , , , , , , , 
2025-07-29 04:53:08.132 UTC, , ,0,0,0,0, , , , , , , , , , , , , , , , , , , , ,1029,9457413,6310320,336, ,108, ,153, , , , , , , , , ,108,9, , , ,103,3,10, ,70, , , , , , , , , , , , , , ,628153,12,625584,625584, , , , ,5626562,22538190848,79,79,79,79, , , , , , , , , , , , , , , , , , , , , , , , , , , , , , , , ,5626562, , , , ,1753718481175,,, , , , , , , , , , , , , , , , , , , , , ,1753764785145,31342, , , ,263,3145728,7426606,2,3,0,7, , , ,120,120, ,129, ,3,123, , ,1, , , , , , , , , ,67233,129, , , , , , , , ,1952355456, , , , , , , ,126, , , , , , , , , , , , , , , , , , , , , , , , , , , , , , ,120, , ,6, , , , , , , , , , , , , , ,0, , , , , , , , , , , , , , , , , , , , , , , , , , , , , , 
2025-07-29 04:54:08.135 UTC, , ,0,0,0,0, , , , , , , , , , , , , , , , , , , , ,1029,9514757,6367664,336, ,108, ,114, , , , , , , , , ,108,9, , , ,103,3,10, ,70, , , , , , , , , , , , , , ,628153,12,625584,625584, , , , ,5626562,22538190848,79,79,79,79, , , , , , , , , , , , , , , , , , , , , , , , , , , , , , , , ,5626562, , , , ,1753718481175,,, , , , , , , , , , , , , , , , , , , , , ,1753764845156,31512, , , ,143,3145728,7486114,2,12,1,12, , , ,82,82, ,88, ,3,85, , ,1, , , , , , , , , ,59508,88, , , , , , ,1,100,1715649792, , , , , , , ,88, , , , , , , , , , , , , , , , , , , , , , , , , , , , , , ,82, , ,6, , , , , , , , , , , , , , ,0, , , , , , , , , , , , , , , , , , , , , , , , , , , , , , 
2025-07-29 04:55:08.180 UTC, , ,0,0,0,0, , , , , , , , , , , , , , , , , , , , ,1029,9546917,6399824,336, ,108, ,64, , , , , , , , , ,108,9, , , ,103,3,10, ,70, , , , , , , , , , , , , , ,628153,12,625584,625584, , , , ,5626562,22538190848,79,79,79,79, , , , , , , , , , , , , , , , , , , , , , , , , , , , , , , , ,5626562, , , , ,1753718481175,,, , , , , , , , , , , , , , , , , , , , , ,1753764905170,31582, , , ,85,3145728,7518116,32,53,3,53, , , ,32,32, ,38, ,3,35, , ,1, , , , , , , , , ,32002,38, , , , , , , , ,1828896000, , , , , , , ,38, , , , , , , , , , , , , , , , , , , , , , , , , , , , , , ,32, , ,6, , , , , , , , , , , , , , ,0, , , , , , , , , , , , , , , , , , , , , , , , , , , , , , 
2025-07-29 04:56:08.183 UTC, , ,0,0,0,0, , , , , , , , , , , , , , , , , , , , ,1469,10227717,7080184,336, ,118, ,1203, , , , , , , , , ,118,9, , , ,113,3,10, ,70, , , , , , , , , , , , , , ,628153,12,625584,625584, , , , ,8125685,22489669632,82,82,82,82, , , , , , , , , , , , , , , , , , , , , , , , , , , , , , , , ,8125685, , , , ,1753718481175,,, , , , , , , , , , , , , , , , , , , , , ,1753764968168,33906, , , ,1930,3145728,8251562,2,3,1,27, , , ,1161,1161, ,1163, ,3,1164, , ,1, , , , , , , , , ,733449,1163, , , , , , ,1,143,1991773440, , , , , , , ,1167, , , , , , , , , , , , , , , , , , , , , , , , , , , , , , ,1161, , ,6, , , , , , , , , , , , , , ,0, , , , , , , , , , , , , , , , , , , , , , , , , , , , , , 
2025-07-29 04:57:08.187 UTC, , ,0,0,0,0, , , , , , , , , , , , , , , , , , , , ,1469,10563517,7415984,336, ,122, ,550, , , , , , , , , ,122,9, , , ,117,3,10, ,70, , , , , , , , , , , , , , ,628153,12,625584,625584, , , , ,8125685,22489669632,82,82,82,82, , , , , , , , , , , , , , , , , , , , , , , , , , , , , , , , ,8125685, , , , ,1753718481175,,, , , , , , , , , , , , , , , , , , , , , ,1753765027557,34935, , , ,367,3145728,8610127,1,2,0,3, , , ,514,514, ,515, ,3,517, , ,1, , , , , , , , , ,358565,515, , , , , , ,1,19,2254908624, , , , , , , ,520, , , , , , , , , , , , , , , , , , , , , , , , , , , , , , ,514, , ,6, , , , , , , , , , , , , , ,0, , , , , , , , , , , , , , , , , , , , , , , , , ,1, , , , 
2025-07-29 04:58:08.191 UTC, , ,0,0,0,0, , , , , , , , , , , , , , , , , , , , ,1469,10571005,7423472,336, ,122, ,46, , , , , , , , , ,122,9, , , ,117,3,10, ,70, , , , , , , , , , , , , , ,628153,12,625584,625584, , , , ,8125685,22489669632,82,82,82,82, , , , , , , , , , , , , , , , , , , , , , , , , , , , , , , , ,8125685, , , , ,1753718481175,,, , , , , , , , , , , , , , , , , , , , , ,1753765085194,34969, , , ,34,3145728,8618061,12,12,2,12, , , ,14,14, ,20, ,3,17, , ,1, , , , , , , , , ,7931,20, , , , , , , , ,2301045968, , , , , , , ,20, , , , , , , , , , , , , , , , , , , , , , , , , , , , , , ,14, , ,6, , , , , , , , , , , , , , ,0, , , , , , , , , , , , , , , , , , , , , , , , , , , , , , 
2025-07-29 04:59:08.195 UTC, , ,0,0,0,0, , , , , , , , , , , , , , , , , , , , ,1469,10588021,7440488,336, ,122, ,51, , , , , , , , , ,122,9, , , ,117,3,10, ,70, , , , , , , , , , , , , , ,628153,12,625584,625584, , , , ,8125685,22489669632,82,82,82,82, , , , , , , , , , , , , , , , , , , , , , , , , , , , , , , , ,8125685, , , , ,1753718481175,,, , , , , , , , , , , , , , , , , , , , , ,1753765145208,35013, , , ,35,3145728,8636092,2,7,1,7, , , ,19,19, ,25, ,3,22, , ,1, , , , , , , , , ,18031,25, , , , , , , , ,2435263696, , , , , , , ,25, , , , , , , , , , , , , , , , , , , , , , , , , , , , , , ,19, , ,6, , , , , , , , , , , , , , ,0, , , , , , , , , , , , , , , , , , , , , , , , , , , , , , 
2025-07-29 05:00:08.220 UTC, , ,0,0,0,0, , , , , , , , , , , , , , , , , , , , ,1469,10604373,7456840,336, ,122, ,44, , , , , , , , , ,122,9, , , ,117,3,10, ,60, , , , , , , , , , , , , , ,628153,12,625584,625584, , , , ,8125685,22489669632,82,82,82,82, , , , , , , , , , , , , , , , , , , , , , , , , , , , , , , , ,8125685, , , , ,1753718481175,,, , , , , , , , , , , , , , , , , , , , , ,1753765205223,35054, , , ,34,3145728,8653179,2,3,1,3, , , ,17,17, ,24, ,3,20, , ,1, , , , , , , , , ,17087,24, , , , , , , , ,2502372560, , , , , , , ,22, , , , , , , , , , , , , , , , , , , , , , , , , , , , , , ,17, , ,5, , , , , , , , , , , , , , ,0, , , , , , , , , , , , , , , , , , , , , , , , , , , , , , 
2025-07-29 05:01:08.242 UTC, , ,0,0,0,0, , , , , , , , , , , , , , , , , , , , ,1469,10616517,7468984,336, ,122, ,48, , , , , , , , , ,122,9, , , ,117,3,10, ,70, , , , , , , , , , , , , , ,628153,12,625584,625584, , , , ,8125685,22489669632,82,82,82,82, , , , , , , , , , , , , , , , , , , , , , , , , , , , , , , , ,8125685, , , , ,1753718481175,,, , , , , , , , , , , , , , , , , , , , , ,1753765265246,35092, , , ,37,3145728,8665580,7,7,1,7, , , ,16,16, ,22, ,3,19, , ,1, , , , , , , , , ,12401,22, , , , , , , , ,2556898512, , , , , , , ,22, , , , , , , , , , , , , , , , , , , , , , , , , , , , , , ,16, , ,6, , , , , , , , , , , , , , ,0, , , , , , , , , , , , , , , , , , , , , , , , , , , , , , 
2025-07-29 05:02:08.254 UTC, , ,0,0,0,0, , , , , , , , , , , , , , , , , , , , ,1469,10630917,7483384,336, ,122, ,49, , , , , , , , , ,122,9, , , ,117,3,10, ,70, , , , , , , , , , , , , , ,628153,12,625584,625584, , , , ,8125685,22489669632,82,82,82,82, , , , , , , , , , , , , , , , , , , , , , , , , , , , , , , , ,8125685, , , , ,1753718481175,,, , , , , , , , , , , , , , , , , , , , , ,1753765325257,35132, , , ,38,3145728,8680464,5,5,2,5, , , ,17,17, ,23, ,3,20, , ,1, , , , , , , , , ,14884,23, , , , , , , , ,2619813072, , , , , , , ,23, , , , , , , , , , , , , , , , , , , , , , , , , , , , , , ,17, , ,6, , , , , , , , , , , , , , ,0, , , , , , , , , , , , , , , , , , , , , , , , , , , , , , 
2025-07-29 05:03:08.268 UTC, , ,0,0,0,0, , , , , , , , , , , , , , , , , , , , ,1469,10643357,7495824,336, ,122, ,48, , , , , , , , , ,122,9, , , ,117,3,10, ,70, , , , , , , , , , , , , , ,628153,12,625584,625584, , , , ,8125685,22489669632,82,82,82,82, , , , , , , , , , , , , , , , , , , , , , , , , , , , , , , , ,8125685, , , , ,1753718481175,,, , , , , , , , , , , , , , , , , , , , , ,1753765386270,35170, , , ,36,3145728,8692865,3,3,1,3, , , ,16,16, ,22, ,3,19, , ,1, , , , , , , , , ,12401,22, , , , , , , , ,2674339024, , , , , , , ,22, , , , , , , , , , , , , , , , , , , , , , , , , , , , , , ,16, , ,6, , , , , , , , , , , , , , ,0, , , , , , , , , , , , , , , , , , , , , , , , , , , , , , 
2025-07-29 05:04:08.273 UTC, , ,0,0,0,0, , , , , , , , , , , , , , , , , , , , ,1469,10655141,7507608,336, ,123, ,49, , , , , , , , , ,123,9, , , ,118,3,10, ,70, , , , , , , , , , , , , , ,628153,12,625584,625584, , , , ,8125685,22489669632,82,82,82,82, , , , , , , , , , , , , , , , , , , , , , , , , , , , , , , , ,8125685, , , , ,1753718481175,,, , , , , , , , , , , , , , , , , , , , , ,1753765446280,35208, , , ,40,3145728,8709077,6,6,2,6, , , ,16,16, ,22, ,3,19, , ,1, , , , , , , , , ,16212,22, , , , , , , , ,2728864976, , , , , , , ,22, , , , , , , , , , , , , , , , , , , , , , , , , , , , , , ,16, , ,6, , , , , , , , , , , , , , ,0, , , , , , , , , , , , , , , , , , , , , , , , , , , , , , 
2025-07-29 05:05:08.276 UTC, , ,0,0,0,0, , , , , , , , , , , , , , , , , , , , ,1469,10666533,7519000,336, ,123, ,48, , , , , , , , , ,123,9, , , ,118,3,10, ,70, , , , , , , , , , , , , , ,628153,12,625584,625584, , , , ,8125685,22489669632,82,82,82,82, , , , , , , , , , , , , , , , , , , , , , , , , , , , , , , , ,8125685, , , , ,1753718481175,,, , , , , , , , , , , , , , , , , , , , , ,1753765506289,35245, , , ,49,3145728,8721419,2,2,1,2, , , ,16,16, ,21, ,3,19, , ,1, , , , , , , , , ,12342,21, , , , , , , , ,2783390928, , , , , , , ,22, , , , , , , , , , , , , , , , , , , , , , , , , , , , , , ,16, , ,6, , , , , , , , , , , , , , ,0, , , , , , , , , , , , , , , , , , , , , , , , , , , , , , 
2025-07-29 05:06:08.278 UTC, , ,0,0,0,0, , , , , , , , , , , , , , , , , , , , ,1469,10683381,7535848,336, ,123, ,50, , , , , , , , , ,123,9, , , ,118,3,10, ,70, , , , , , , , , , , , , , ,628153,12,625584,625584, , , , ,8125685,22489669632,82,82,82,82, , , , , , , , , , , , , , , , , , , , , , , , , , , , , , , , ,8125685, , , , ,1753718481175,,, , , , , , , , , , , , , , , , , , , , , ,1753765567505,35286, , , ,77,3145728,8738218,10,16,2,16, , , ,18,18, ,23, ,3,21, , ,1, , , , , , , , , ,16802,23, , , , , , , , ,2846305488, , , , , , , ,24, , , , , , , , , , , , , , , , , , , , , , , , , , , , , , ,18, , ,6, , , , , , , , , , , , , , ,0, , , , , , , , , , , , , , , , , , , , , , , , , , , , , , 
2025-07-29 05:08:53.543 UTC, , , , , , , , , , , , , , , , , , , , , , , , , , ,125,3467885,322032, , ,121,4,29265,121,0.00,3, , , , , ,1,121,7, ,14480,3,120,118,6, ,14804,39, , , , , , , , , , , , , ,8758493,13,8753871,8753871,1,3,4,11,8758550,22367326208,-1,-1,-1,-1, , , , , ,307,16808, , , , , , , , , , , , , , , , , , , , , , , , , ,8758550, , , , ,1753765728691,,, , , , , , , , , , , , , , , , , , , , , , , , , , , ,3145728,8758493,1,1,1,1, , ,171,2,2,4,2, ,3,3, ,171, ,28902,8,17350,2, ,113, ,83859080,7352, , , , , , , , ,3,58,241979216,1, , , , , , ,14771, , , , , , , , , , , , , , , , , , , , , , , , , , , , , , , , , , , , , , , , , , , , , , , , , , , , , , , , , , , , , , , , , , , , , , , , , , , , , , , 
2025-07-29 05:09:53.901 UTC, , ,0,0,0,0, , , , , , , , , , , , , , , , , , , , ,125,10644797,7498608,336, ,123, ,14554,1,0.00, , , , , , , ,123,9, , ,1,119,3,9, ,14608,14479, , , , , , , , , , , , , ,8758493,13,8753871,8753871, , , , ,8758550,22367330304,83,83,83,83, , , , , , , , , , , , , , , , , , , , , , , , , , , , , , , , ,8758550, , , , ,1753765728691,,, , , , , , , , , , , , , , , , , , , , , ,1753765792807,35346, , , ,35,3145728,8762234,7,7,2,7, , ,14484,13,13,3,21, ,3,16, ,14484,1,3588,5,117,2, , , ,7128048,14482,3604,19, , , , , , ,2,49,418990032,2, , , , , , ,14504, , , , , , , , , , , , , , , , , , , , , , , , , , , , , , ,12, , ,14479, , , , , , , , , , , , , , ,0, , , , , , , , , , , , , , , , , , , , , , , , , ,1, , , , 
2025-07-29 05:10:53.935 UTC, , ,0,0,0,0, , , , , , , , , , , , , , , , , , , , ,589,10648549,7501896,336, ,123, ,14535, , , , , , , , , ,123,9, , , ,119,3,9, ,14577, , , , , , , , , , , , , , ,8758493,13,8753871,8753871, , , , ,8758550,22367330304,83,83,83,83, , , , , , , , , , , , , , , , , , , , , , , , , , , , , , , , ,8758550, , , , ,1753765728691,,, , , , , , , , , , , , , , , , , , , , , ,1753765852403,35380, , , ,29,3145728,8766323,8,8,2,8, , ,2,13,13, ,21, ,3,16, ,2,1,2048,1,172,1, , , ,2048,1,3917,22, , , , , , ,2,1389,519342672,5, , , , , , ,14507, , , , , ,1, , , , , , , , , , , , , , , , , , , , , , , , ,12, , ,14478, , , , , , , , , , , , , , ,0, , , , , , , , , , , , , , , , , , , , , , , , , , , , , , 
2025-07-29 05:11:53.942 UTC, , ,0,0,0,0, , , , , , , , , , , , , , , , , , , , ,589,10651621,7504968,336, ,123, ,44, , , , , , , , , ,123,9, , , ,119,3,9, ,70, , , , , , , , , , , , , , ,8758493,13,8753871,8753871, , , , ,8758550,22367330304,83,83,83,83, , , , , , , , , , , , , , , , , , , , , , , , , , , , , , , , ,8758550, , , , ,1753765728691,,, , , , , , , , , , , , , , , , , , , , , ,1753765912426,35410, , , ,28,3145728,8769809,3,3,1,3, , , ,12,12, ,18, ,3,15, , ,1, , , , , , , , , ,3486,18, , , , , , , , ,599034448,2, , , , , , ,18, , , , , , , , , , , , , , , , , , , , , , , , , , , , , , ,12, , ,6, , , , , , , , , , , , , , ,0, , , , , , , , , , , , , , , , , , , , , , , , , , , , , , 
2025-07-29 05:12:53.942 UTC, , ,0,0,0,0, , , , , , , , , , , , , , , , , , , , ,589,10693733,7547080,336, ,123, ,88, , , , , , , , , ,123,9, , , ,119,3,9, ,70, , , , , , , , , , , , , , ,8758493,13,8753871,8753871, , , , ,8758550,22367330304,83,83,83,83, , , , , , , , , , , , , , , , , , , , , , , , , , , , , , , , ,8758550, , , , ,1753765728691,,, , , , , , , , , , , , , , , , , , , , , ,1753765973439,35529, , , ,39,3145728,8812447,2,29,1,29, , , ,56,56, ,63, ,3,59, , ,1, , , , , , , , , ,42638,63, , , , , , ,1,24,486014064,1, , , , , , ,62, , , , , , , , , , , , , , , , , , , , , , , , , , , , , , ,56, , ,6, , , , , , , , , , , , , , ,0, , , , , , , , , , , , , , , , , , , , , , , , , , , , , , 
2025-07-29 05:13:53.942 UTC, , ,0,0,0,0, , , , , , , , , , , , , , , , , , , , ,589,10696805,7550152,336, ,123, ,44, , , , , , , , , ,123,9, , , ,119,3,9, ,70, , , , , , , , , , , , , , ,8758493,13,8753871,8753871, , , , ,8758550,22367330304,83,83,83,83, , , , , , , , , , , , , , , , , , , , , , , , , , , , , , , , ,8758550, , , , ,1753765728691,,, , , , , , , , , , , , , , , , , , , , , ,1753766033456,35565, , , ,37,3145728,8816155,5,5,1,5, , , ,12,12, ,24, ,3,15, , ,1, , , , , , , , , ,3708,24, , , , , , , , ,519568496, , , , , , , ,18, , , , , , , , , , , , , , , , , , , , , , , , , , , , , , ,12, , ,6, , , , , , , , , , , , , , ,0, , , , , , , , , , , , , , , , , , , , , , , , , , , , , , 
2025-07-29 05:14:53.949 UTC, , ,0,0,0,0, , , , , , , , , , , , , , , , , , , , ,589,10699877,7553224,336, ,123, ,44, , , , , , , , , ,123,9, , , ,119,3,9, ,70, , , , , , , , , , , , , , ,8758493,13,8753871,8753871, , , , ,8758550,22367330304,83,83,83,83, , , , , , , , , , , , , , , , , , , , , , , , , , , , , , , , ,8758550, , , , ,1753765728691,,, , , , , , , , , , , , , , , , , , , , , ,1753766093477,35601, , , ,37,3145728,8819863,3,3,1,3, , , ,12,12, ,24, ,3,15, , ,1, , , , , , , , , ,3708,24, , , , , , , , ,553122928, , , , , , , ,18, , , , , , , , , , , , , , , , , , , , , , , , , , , , , , ,12, , ,6, , , , , , , , , , , , , , ,0, , , , , , , , , , , , , , , , , , , , , , , , , , , , , , 
2025-07-29 05:15:53.954 UTC, , ,0,0,0,0, , , , , , , , , , , , , , , , , , , , ,589,10703165,7556512,336, ,123, ,44, , , , , , , , , ,123,9, , , ,119,3,9, ,70, , , , , , , , , , , , , , ,8758493,13,8753871,8753871, , , , ,8758550,22367330304,83,83,83,83, , , , , , , , , , , , , , , , , , , , , , , , , , , , , , , , ,8758550, , , , ,1753765728691,,, , , , , , , , , , , , , , , , , , , , , ,1753766153498,35637, , , ,37,3145728,8823787,3,3,1,3, , , ,12,12, ,24, ,3,15, , ,1, , , , , , , , , ,3924,24, , , , , , , , ,586677360, , , , , , , ,18, , , , , , , , , , , , , , , , , , , , , , , , , , , , , , ,12, , ,6, , , , , , , , , , , , , , ,0, , , , , , , , , , , , , , , , , , , , , , , , , , , , , , 
2025-07-29 05:16:53.961 UTC, , ,0,0,0,0, , , , , , , , , , , , , , , , , , , , ,589,10706189,7559536,336, ,124, ,45, , , , , , , , , ,124,9, , , ,121,3,9, ,70, , , , , , , , , , , , , , ,8758493,13,8753871,8753871, , , , ,8758550,22367330304,83,83,83,83, , , , , , , , , , , , , , , , , , , , , , , , , , , , , , , , ,8758550, , , , ,1753765728691,,, , , , , , , , , , , , , , , , , , , , , ,1753766213521,35673, , , ,37,3145728,8829740,3,3,1,3, , , ,12,12, ,24, ,3,15, , ,1, , , , , , , , , ,5953,24, , , , , , , , ,620231792, , , , , , , ,18, , , , , , , , , , , , , , , , , , , , , , , , , , , , , , ,12, , ,6, , , , , , , , , , , , , , ,0, , , , , , , , , , , , , , , , , , , , , , , , , , , , , , 
2025-07-29 05:17:53.976 UTC, , ,0,0,0,0, , , , , , , , , , , , , , , , , , , , ,589,10708509,7561856,336, ,124, ,44, , , , , , , , , ,124,9, , , ,121,3,9, ,70, , , , , , , , , , , , , , ,8758493,13,8753871,8753871, , , , ,8758550,22367330304,83,83,83,83, , , , , , , , , , , , , , , , , , , , , , , , , , , , , , , , ,8758550, , , , ,1753765728691,,, , , , , , , , , , , , , , , , , , , , , ,1753766273543,35709, , , ,37,3145728,8833448,10,10,3,10, , , ,12,12, ,24, ,3,15, , ,1, , , , , , , , , ,3708,24, , , , , , ,1,387,252656240, , , , , , , ,18, , , , , , , , , , , , , , , , , , , , , , , , , , , , , , ,12, , ,6, , , , , , , , , , , , , , ,0, , , , , , , , , , , , , , , , , , , , , , , , , , , , , , 
2025-07-29 05:18:53.980 UTC, , ,0,0,0,0, , , , , , , , , , , , , , , , , , , , ,589,10712053,7565400,336, ,124, ,44, , , , , , , , , ,124,9, , , ,121,3,9, ,70, , , , , , , , , , , , , , ,8758493,13,8753871,8753871, , , , ,8758550,22367330304,83,83,83,83, , , , , , , , , , , , , , , , , , , , , , , , , , , , , , , , ,8758550, , , , ,1753765728691,,, , , , , , , , , , , , , , , , , , , , , ,1753766333563,35745, , , ,37,3145728,8837156,2,2,1,2, , , ,12,12, ,24, ,3,15, , ,1, , , , , , , , , ,3708,24, , , , , , , , ,277822064, , , , , , , ,18, , , , , , , , , , , , , , , , , , , , , , , , , , , , , , ,12, , ,6, , , , , , , , , , , , , , ,0, , , , , , , , , , , , , , , , , , , , , , , , , , , , , , 
2025-07-29 05:19:53.989 UTC, , ,0,0,0,0, , , , , , , , , , , , , , , , , , , , ,589,10714373,7567720,336, ,124, ,44, , , , , , , , , ,124,9, , , ,121,3,9, ,70, , , , , , , , , , , , , , ,8758493,13,8753871,8753871, , , , ,8758550,22367330304,83,83,83,83, , , , , , , , , , , , , , , , , , , , , , , , , , , , , , , , ,8758550, , , , ,1753765728691,,, , , , , , , , , , , , , , , , , , , , , ,1753766393576,35781, , , ,34,3145728,8840864,2,2,1,2, , , ,12,12, ,24, ,3,15, , ,1, , , , , , , , , ,3708,24, , , , , , , , ,315570800, , , , , , , ,18, , , , , , , , , , , , , , , , , , , , , , , , , , , , , , ,12, , ,6, , , , , , , , , , , , , , ,0, , , , , , , , , , , , , , , , , , , , , , , , , , , , , , 
2025-07-29 05:20:53.997 UTC, , ,0,0,0,0, , , , , , , , , , , , , , , , , , , , ,589,10716693,7570040,336, ,124, ,44, , , , , , , , , ,124,9, , , ,121,3,9, ,70, , , , , , , , , , , , , , ,8758493,13,8753871,8753871, , , , ,8758550,22367330304,83,83,83,83, , , , , , , , , , , , , , , , , , , , , , , , , , , , , , , , ,8758550, , , , ,1753765728691,,, , , , , , , , , , , , , , , , , , , , , ,1753766453608,35817, , , ,34,3145728,8844572,3,3,1,3, , , ,12,12, ,24, ,3,15, , ,1, , , , , , , , , ,3708,24, , , , , , , , ,349125232, , , , , , , ,18, , , , , , , , , , , , , , , , , , , , , , , , , , , , , , ,12, , ,6, , , , , , , , , , , , , , ,0, , , , , , , , , , , , , , , , , , , , , , , , , , , , , , 
2025-07-29 05:59:24.100 UTC, , ,0,0,0,0, , , , , , , , , , , , , , , , , , , , ,589,10722341,7575688,336, ,125, ,45, , , , , , , , , ,125,9, , , ,121,3,9, ,70, , , , , , , , , , , , , , ,8758493,13,8753871,8753871, , , , ,8758550,22367330304,83,83,83,83, , , , , , , , , , , , , , , , , , , , , , , , , , , , , , , , ,8758550, , , , ,1753765728691,,, , , , , , , , , , , , , , , , , , , , , ,1753766512215,35853, , , ,35,3145728,8850735,20,20,2,20, , , ,12,12, ,24, ,3,14, , ,1, , , , , , , , , ,6163,24, , , , , , , , ,382679664, , , , , , , ,18, , , , , , , , , , , , , , , , , , , , , , , , , , , , , , ,12, , ,6, , , , , , , , , , , , , , ,0, , , , , , , , , , , , , , , , , , , , , , , , , , , , , , 
2025-07-29 06:00:24.093 UTC, , ,0,0,0,0, , , , , , , , , , , , , , , , , , , , ,589,10725629,7578976,336, ,125, ,44, , , , , , , , , ,125,9, , , ,121,3,9, ,70, , , , , , , , , , , , , , ,8758493,13,8753871,8753871, , , , ,8758550,22367330304,83,83,83,83, , , , , , , , , , , , , , , , , , , , , , , , , , , , , , , , ,8758550, , , , ,1753765728691,,, , , , , , , , , , , , , , , , , , , , , ,1753768823904,35889, , , ,34,3145728,8854659,16,16,3,16, , , ,12,12, ,24, ,3,15, , ,1, , , , , , , , , ,3924,24, , , , , , , , ,433011312, , , , , , , ,18, , , , , , , , , , , , , , , , , , , , , , , , , , , , , , ,12, , ,6, , , , , , , , , , , , , , ,0, , , , , , , , , , , , , , , , , , , , , , , , , , , , , , 
2025-07-29 06:01:24.097 UTC, , ,0,0,0,0, , , , , , , , , , , , , , , , , , , , ,589,10728701,7582048,336, ,125, ,44, , , , , , , , , ,125,9, , , ,121,3,9, ,70, , , , , , , , , , , , , , ,8758493,13,8753871,8753871, , , , ,8758550,22367330304,83,83,83,83, , , , , , , , , , , , , , , , , , , , , , , , , , , , , , , , ,8758550, , , , ,1753765728691,,, , , , , , , , , , , , , , , , , , , , , ,1753768883917,35925, , , ,34,3145728,8858367,4,4,1,4, , , ,12,12, ,24, ,3,15, , ,1, , , , , , , , , ,3708,24, , , , , , , , ,466565744, , , , , , , ,18, , , , , , , , , , , , , , , , , , , , , , , , , , , , , , ,12, , ,6, , , , , , , , , , , , , , ,0, , , , , , , , , , , , , , , , , , , , , , , , , , , , , , 
2025-07-29 06:02:24.105 UTC, , ,0,0,0,0, , , , , , , , , , , , , , , , , , , , ,589,10731773,7585120,336, ,125, ,44, , , , , , , , , ,125,9, , , ,121,3,9, ,70, , , , , , , , , , , , , , ,8758493,13,8753871,8753871, , , , ,8758550,22367330304,83,83,83,83, , , , , , , , , , , , , , , , , , , , , , , , , , , , , , , , ,8758550, , , , ,1753765728691,,, , , , , , , , , , , , , , , , , , , , , ,1753768943939,35961, , , ,34,3145728,8862075,3,3,1,3, , , ,12,12, ,24, ,3,15, , ,1, , , , , , , , , ,3708,24, , , , , , , , ,500120176, , , , , , , ,18, , , , , , , , , , , , , , , , , , , , , , , , , , , , , , ,12, , ,6, , , , , , , , , , , , , , ,0, , , , , , , , , , , , , , , , , , , , , , , , , , , , , , 
2025-07-29 06:03:24.110 UTC, , ,0,0,0,0, , , , , , , , , , , , , , , , , , , , ,589,10734845,7588192,336, ,125, ,44, , , , , , , , , ,125,9, , , ,121,3,9, ,70, , , , , , , , , , , , , , ,8758493,13,8753871,8753871, , , , ,8758550,22367330304,83,83,83,83, , , , , , , , , , , , , , , , , , , , , , , , , , , , , , , , ,8758550, , , , ,1753765728691,,, , , , , , , , , , , , , , , , , , , , , ,1753769003960,35997, , , ,34,3145728,8865783,3,3,1,3, , , ,12,12, ,24, ,3,15, , ,1, , , , , , , , , ,3708,24, , , , , , , , ,529480304, , , , , , , ,18, , , , , , , , , , , , , , , , , , , , , , , , , , , , , , ,12, , ,6, , , , , , , , , , , , , , ,0, , , , , , , , , , , , , , , , , , , , , , , , , , , , , , 
2025-07-29 06:04:24.113 UTC, , ,0,0,0,0, , , , , , , , , , , , , , , , , , , , ,589,10737917,7591264,336, ,125, ,44, , , , , , , , , ,125,9, , , ,121,3,9, ,70, , , , , , , , , , , , , , ,8758493,13,8753871,8753871, , , , ,8758550,22367330304,83,83,83,83, , , , , , , , , , , , , , , , , , , , , , , , , , , , , , , , ,8758550, , , , ,1753765728691,,, , , , , , , , , , , , , , , , , , , , , ,1753769063979,36033, , , ,34,3145728,8869491,3,3,1,3, , , ,12,12, ,24, ,3,15, , ,1, , , , , , , , , ,3708,24, , , , , , , , ,563034736, , , , , , , ,18, , , , , , , , , , , , , , , , , , , , , , , , , , , , , , ,12, , ,6, , , , , , , , , , , , , , ,0, , , , , , , , , , , , , , , , , , , , , , , , , , , , , , 
2025-07-29 06:05:24.122 UTC, , ,0,0,0,0, , , , , , , , , , , , , , , , , , , , ,589,10741205,7594552,336, ,125, ,44, , , , , , , , , ,125,9, , , ,121,3,9, ,70, , , , , , , , , , , , , , ,8758493,13,8753871,8753871, , , , ,8758550,22367330304,83,83,83,83, , , , , , , , , , , , , , , , , , , , , , , , , , , , , , , , ,8758550, , , , ,1753765728691,,, , , , , , , , , , , , , , , , , , , , , ,1753769123994,36069, , , ,34,3145728,8873415,8,8,1,8, , , ,12,12, ,24, ,3,15, , ,1, , , , , , , , , ,3924,24, , , , , , , , ,596589168, , , , , , , ,18, , , , , , , , , , , , , , , , , , , , , , , , , , , , , , ,12, , ,6, , , , , , , , , , , , , , ,0, , , , , , , , , , , , , , , , , , , , , , , , , , , , , , 
2025-07-29 06:06:24.139 UTC, , ,0,0,0,0, , , , , , , , , , , , , , , , , , , , ,589,10744277,7597624,336, ,125, ,44, , , , , , , , , ,125,9, , , ,121,3,9, ,70, , , , , , , , , , , , , , ,8758493,13,8753871,8753871, , , , ,8758550,22367330304,83,83,83,83, , , , , , , , , , , , , , , , , , , , , , , , , , , , , , , , ,8758550, , , , ,1753765728691,,, , , , , , , , , , , , , , , , , , , , , ,1753769184010,36105, , , ,34,3145728,8877123,3,3,1,3, , , ,12,12, ,24, ,3,15, , ,1, , , , , , , , , ,3708,24, , , , , , ,1,103,217513968, , , , , , , ,18, , , , , , , , , , , , , , , , , , , , , , , , , , , , , , ,12, , ,6, , , , , , , , , , , , , , ,0, , , , , , , , , , , , , , , , , , , , , , , , , , , , , , 
2025-07-29 06:07:24.143 UTC, , ,0,0,0,0, , , , , , , , , , , , , , , , , , , , ,589,10747349,7600696,336, ,125, ,44, , , , , , , , , ,125,9, , , ,121,3,9, ,70, , , , , , , , , , , , , , ,8758493,13,8753871,8753871, , , , ,8758550,22367330304,83,83,83,83, , , , , , , , , , , , , , , , , , , , , , , , , , , , , , , , ,8758550, , , , ,1753765728691,,, , , , , , , , , , , , , , , , , , , , , ,1753769244028,36141, , , ,34,3145728,8880831,31,31,3,31, , , ,12,12, ,24, ,3,15, , ,1, , , , , , , , , ,3708,24, , , , , , , , ,255262704, , , , , , , ,18, , , , , , , , , , , , , , , , , , , , , , , , , , , , , , ,12, , ,6, , , , , , , , , , , , , , ,0, , , , , , , , , , , , , , , , , , , , , , , , , , , , , , 
2025-07-29 06:21:57.717 UTC, , , , , , , , , , , , , , , , , , , , , , , , , , ,125,3189157,43304, , ,9,3,698,9,0.01,2, , , , , , ,9,7, ,309,3,6,6,8, ,413,41, , , , , , , , , , , , , ,8886942,14,8883414,8883414,1,4,3,10,8886999,22390759424,-1,-1,-1,-1, , , , , ,312,17152, , , , , , , , , , , , , , , , , , , , , , , , , ,8886999, , , , ,1753770116320,,, , , , , , , , , , , , , , , , , , , , , , , , , , , ,3145728,8886942,1,1,0,1, , ,61,2,2,4,2, ,3,3, ,61, ,27081,16,4119,2, ,1, ,18877142,804, , , , , , , , ,3,71,169650280, , , , , , , ,373, , , , , , , , , , , , , , , , , , , , , , , , , , , , , , , , , , , , , , , , , , , , , , , , , , , , , , , , , , , , , , , , , , , , , , , , , , , , , , , 
2025-07-29 06:22:57.862 UTC, , ,0,0,0,0, , , , , , , , , , , , , , , , , , , , ,125,3298733,152544,336, ,11, ,391,1,0.00, , , , , , , ,11,9, , , ,6,3,11, ,448,308, , , , , , , , , , , , , ,8886942,14,8883414,8883414, , , , ,8886999,22390759424,83,83,83,83, , , , , , , , , , , , , , , , , , , , , , , , , , , , , , , , ,8886999, , , , ,1753770116320,,, , , , , , , , , , , , , , , , , , , , , ,1753770175115,36195, , , ,30,3145728,8890995,11,11,2,11, , ,312,15,15,3,22, ,3,18, ,312,1,5218,5,80,1, , , ,106979,310,3953,21, , , , , , ,3,66,333495168,3, , , , , , ,336, , , , , ,1, , , , , , , , , , , , , , , , , , , , , , , , ,14, , ,309, , , , , , , , , , , , , , ,0, , , , , , , , , , , , , , , , , , , , , , , , , ,1, , , , 
2025-07-29 06:28:12.525 UTC, , , , , , , , , , , , , , , , , , , , , , , , , , ,125,3181901,36048, , ,7,4,129,7,0.05,4, , , , , , ,7,7, ,25,4,4,4,8, ,130,43, , , , , , , , , , , , , ,8895372,15,8892973,8892973,1,3,4,11,8895429,22433398784,-1,-1,-1,-1, , , , , ,313,17203, , , , , , , , , , , , , , , , , , , , , , , , , ,8895429, , , , ,1753770490810,,, , , , , , , , , , , , , , , , , , , , , , , , , , , ,3145728,8895372,2,2,1,2, , ,62,2,2,4,2, ,3,3, ,62, ,49623,18,2669,2, , , ,17974122,690, , , , , , , , ,3,84,169681040,2, , , , , , ,86, , , , , , , , , , , , , , , , , , , , , , , , , , , , , , , , , , , , , , , , , , , , , , , , , , , , , , , , , , , , , , , , , , , , , , , , , , , , , , , 
2025-07-29 06:29:12.753 UTC, , ,0,0,0,0, , , , , , , , , , , , , , , , , , , , ,125,3197453,51264,336, ,9, ,105,1,0.01, , , , , , , ,9,9, , , ,4,3,11, ,164,24, , , , , , , , , , , , , ,8895372,15,8892973,8892973, , , , ,8895429,22433398784,82,82,82,82, , , , , , , , , , , , , , , , , , , , , , , , , , , , , , , , ,8895429, , , , ,1753770490810,,, , , , , , , , , , , , , , , , , , , , , ,1753770550820,36249, , , ,37,3145728,8899768,6,6,1,6, , ,28,15,15,3,26, ,3,18, ,28,1,5218,5,80,1, , , ,12691,26,4296,25, , , , , , ,3,88,422329312,2, , , , , , ,52, , , , , , , , , , , , , , , , , , , , , , , , , , , , , , ,14, , ,25, , , , , , , , , , , , , , ,0, , , , , , , , , , , , , , , , , , , , , , , , , ,1, , , , 
2025-07-29 06:30:12.774 UTC, , ,0,0,0,0, , , , , , , , , , , , , , , , , , , , ,589,3201205,54552,336, ,9, ,79, , , , , , , , , ,9,9, , , ,4,3,11, ,120, , , , , , , , , , , , , , ,8895372,15,8892973,8892973, , , , ,8895429,22433398784,82,82,82,82, , , , , , , , , , , , , , , , , , , , , , , , , , , , , , , , ,8895429, , , , ,1753770490810,,, , , , , , , , , , , , , , , , , , , , , ,1753770611176,36287, , , ,34,3145728,8904005,5,5,1,5, , ,116,13,13, ,25, ,3,16, ,116,1,2048,1, , , ,113, ,476085,228,4237,27, , , , , , ,1,348,301616896,2, , , , , , ,52, , , , , ,1, , , , , , , , , , , , , , , , , , , , , , , , ,12, , ,23, , , , , , , , , , , , , , ,0, , , , , , , , , , , , , , , , , , , , , , , , , , , , , , 
2025-07-29 06:30:36.098 UTC, , , , , , , , , , , , , , , , , , , , , , , , , , ,125,3182261,36408, , ,7,3,147,7,0.05,3, , , , , , ,7,7, ,34,3,5,4,8, ,143,45, , , , , , , , , , , , , ,8906643,16,8904479,8904479,1,5,2,9,8906700,22422462464,-1,-1,-1,-1, , , , , ,313,17263, , , , , , , , , , , , , , , , , , , , , , , , , ,8906700, , , , ,1753770634740,,, , , , , , , , , , , , , , , , , , , , , , , , , , , ,3145728,8906643,1,1,0,1, , ,63,2,2,4,2, ,3,3, ,63, ,14803,14,2450,2, , , ,18007091,695, , , , , , , , ,3,65,170240656,2, , , , , , ,95, , , , , , , , , , , , , , , , , , , , , , , , , , , , , , , , , , , , , , , , , , , , , , , , , , , , , , , , , , , , , , , , , , , , , , , , , , , , , , , 
2025-07-29 06:31:36.180 UTC, , ,0,0,0,0, , , , , , , , , , , , , , , , , , , , ,125,3201013,54824,336, ,9, ,115,1,0.01, , , , , , , ,9,9, , , ,5,3,11, ,173,33, , , , , , , , , , , , , ,8906643,16,8904479,8904479, , , , ,8906700,22422462464,2,2,2,2, , , , , , , , , , , , , , , , , , , , , , , , , , , , , , , , ,8906700, , , , ,1753770634740,,, , , , , , , , , , , , , , , , , , , , , ,1753770693286,36325, , , ,31,3145728,8910854,3,3,1,3, , ,37,15,15,3,21, ,3,18, ,37,1,5218,5,80,1, , , ,14911,35,4111,20, , , , , , ,3,98,430598504,4, , , , , , ,61, , , , , , , , , , , , , , , , , , , , , , , , , , , , , , ,14, , ,34, , , , , , , , , , , , , , ,0, , , , , , , , , , , , , , , , , , , , , , , , , ,1, , , , 
2025-07-29 06:32:36.187 UTC, , ,0,0,0,0, , , , , , , , , , , , , , , , , , , , ,589,3204765,58112,336, ,9, ,89, , , , , , , , , ,9,9, , , ,5,3,11, ,129, , , , , , , , , , , , , , ,8906643,16,8904479,8904479, , , , ,8906700,22422462464,2,2,2,2, , , , , , , , , , , , , , , , , , , , , , , , , , , , , , , , ,8906700, , , , ,1753770634740,,, , , , , , , , , , , , , , , , , , , , , ,1753770753304,36357, , , ,28,3145728,8914871,2,2,1,2, , ,4,13,13, ,19, ,3,16, ,4,1, , , , , ,1, ,10273,5,4017,21, , , , , , ,1,260,304758976,2, , , , , , ,61, , , , , ,1, , , , , , , , , , , , , , , , , , , , , , , , ,12, , ,32, , , , , , , , , , , , , , ,0, , , , , , , , , , , , , , , , , , , , , , , , , , , , , , 
2025-07-29 06:33:36.191 UTC, , ,0,0,0,0, , , , , , , , , , , , , , , , , , , , ,589,3207837,61184,336, ,9, ,44, , , , , , , , , ,9,9, , , ,5,3,11, ,70, , , , , , , , , , , , , , ,8906643,16,8904479,8904479, , , , ,8906700,22422462464,2,2,2,2, , , , , , , , , , , , , , , , , , , , , , , , , , , , , , , , ,8906700, , , , ,1753770634740,,, , , , , , , , , , , , , , , , , , , , , ,1753770813318,36387, , , ,28,3145728,8918357,11,11,2,11, , , ,12,12, ,18, ,3,15, , ,1, , , , , , , , , ,3486,18, , , , , , , , ,350896320, , , , , , , ,18, , , , , , , , , , , , , , , , , , , , , , , , , , , , , , ,12, , ,6, , , , , , , , , , , , , , ,0, , , , , , , , , , , , , , , , , , , , , , , , , , , , , , 
2025-07-29 06:34:36.194 UTC, , ,0,0,0,0, , , , , , , , , , , , , , , , , , , , ,589,3210909,64256,336, ,9, ,44, , , , , , , , , ,9,9, , , ,5,3,11, ,70, , , , , , , , , , , , , , ,8906643,16,8904479,8904479, , , , ,8906700,22422462464,2,2,2,2, , , , , , , , , , , , , , , , , , , , , , , , , , , , , , , , ,8906700, , , , ,1753770634740,,, , , , , , , , , , , , , , , , , , , , , ,1753770873333,36417, , , ,28,3145728,8921843,21,21,4,21, , , ,12,12, ,18, ,3,15, , ,1, , , , , , , , , ,3486,18, , , , , , , , ,371867840, , , , , , , ,18, , , , , , , , , , , , , , , , , , , , , , , , , , , , , , ,12, , ,6, , , , , , , , , , , , , , ,0, , , , , , , , , , , , , , , , , , , , , , , , , , , , , , 
2025-07-29 06:35:36.196 UTC, , ,0,0,0,0, , , , , , , , , , , , , , , , , , , , ,589,3213981,67328,336, ,9, ,44, , , , , , , , , ,9,9, , , ,5,3,11, ,70, , , , , , , , , , , , , , ,8906643,16,8904479,8904479, , , , ,8906700,22422462464,2,2,2,2, , , , , , , , , , , , , , , , , , , , , , , , , , , , , , , , ,8906700, , , , ,1753770634740,,, , , , , , , , , , , , , , , , , , , , , ,1753770933349,36447, , , ,28,3145728,8925329,9,9,2,9, , , ,12,12, ,18, ,3,15, , ,1, , , , , , , , , ,3486,18, , , , , , , , ,409616576, , , , , , , ,18, , , , , , , , , , , , , , , , , , , , , , , , , , , , , , ,12, , ,6, , , , , , , , , , , , , , ,0, , , , , , , , , , , , , , , , , , , , , , , , , , , , , , 
2025-07-29 06:36:36.202 UTC, , ,0,0,0,0, , , , , , , , , , , , , , , , , , , , ,589,3217053,70400,336, ,9, ,44, , , , , , , , , ,9,9, , , ,5,3,11, ,70, , , , , , , , , , , , , , ,8906643,16,8904479,8904479, , , , ,8906700,22422462464,2,2,2,2, , , , , , , , , , , , , , , , , , , , , , , , , , , , , , , , ,8906700, , , , ,1753770634740,,, , , , , , , , , , , , , , , , , , , , , ,1753770993363,36477, , , ,28,3145728,8928815,11,11,2,11, , , ,12,12, ,18, ,3,15, , ,1, , , , , , , , , ,3486,18, , , , , , , , ,434782400, , , , , , , ,18, , , , , , , , , , , , , , , , , , , , , , , , , , , , , , ,12, , ,6, , , , , , , , , , , , , , ,0, , , , , , , , , , , , , , , , , , , , , , , , , , , , , , 
2025-07-29 06:37:36.208 UTC, , ,0,0,0,0, , , , , , , , , , , , , , , , , , , , ,589,3223437,76784,336, ,9, ,51, , , , , , , , , ,9,9, , , ,5,3,11, ,70, , , , , , , , , , , , , , ,8906643,16,8904479,8904479, , , , ,8906700,22422462464,2,2,2,2, , , , , , , , , , , , , , , , , , , , , , , , , , , , , , , , ,8906700, , , , ,1753770634740,,, , , , , , , , , , , , , , , , , , , , , ,1753771053375,36521, , , ,70,3145728,8936035,2,3,1,3, , , ,19,19, ,25, ,3,22, , ,1, , , , , , , , , ,7220,25, , , , , , , , ,527057088, , , , , , , ,25, , , , , , , , , , , , , , , , , , , , , , , , , , , , , , ,19, , ,6, , , , , , , , , , , , , , ,0, , , , , , , , , , , , , , , , , , , , , , , , , , , , , , 
2025-07-29 06:38:36.210 UTC, , ,0,0,0,0, , , , , , , , , , , , , , , , , , , , ,589,3226509,79856,336, ,9, ,44, , , , , , , , , ,9,9, , , ,5,3,11, ,70, , , , , , , , , , , , , , ,8906643,16,8904479,8904479, , , , ,8906700,22422462464,2,2,2,2, , , , , , , , , , , , , , , , , , , , , , , , , , , , , , , , ,8906700, , , , ,1753770634740,,, , , , , , , , , , , , , , , , , , , , , ,1753771114388,36552, , , ,32,3145728,8939558,2,2,1,2, , , ,12,12, ,19, ,3,15, , ,1, , , , , , , , , ,3523,19, , , , , , , , ,552222912, , , , , , , ,18, , , , , , , , , , , , , , , , , , , , , , , , , , , , , , ,12, , ,6, , , , , , , , , , , , , , ,0, , , , , , , , , , , , , , , , , , , , , , , , , , , , , , 
2025-07-29 06:39:36.213 UTC, , ,0,0,0,0, , , , , , , , , , , , , , , , , , , , ,589,3238989,92336,336, ,10, ,61, , , , , , , , , ,10,9, , , ,7,3,11, ,70, , , , , , , , , , , , , , ,8906643,16,8904479,8904479, , , , ,8906700,22422462464,2,2,2,2, , , , , , , , , , , , , , , , , , , , , , , , , , , , , , , , ,8906700, , , , ,1753770634740,,, , , , , , , , , , , , , , , , , , , , , ,1753771174412,36620, , , ,128,3145728,8954681,2,3,1,3, , , ,28,28, ,40, ,3,31, , ,1, , , , , , , , , ,15123,40, , , , , , ,1,53,372809456, , , , , , , ,34, , , , , , , , , , , , , , , , , , , , , , , , , , , , , , ,28, , ,6, , , , , , , , , , , , , , ,0, , , , , , , , , , , , , , , , , , , , , , , , , , , , , , 
2025-07-29 06:40:36.225 UTC, , ,0,0,0,0, , , , , , , , , , , , , , , , , , , , ,589,3250189,103536,336, ,10, ,60, , , , , , , , , ,10,9, , , ,7,3,11, ,70, , , , , , , , , , , , , , ,8906643,16,8904479,8904479, , , , ,8906700,22422462464,2,2,2,2, , , , , , , , , , , , , , , , , , , , , , , , , , , , , , , , ,8906700, , , , ,1753770634740,,, , , , , , , , , , , , , , , , , , , , , ,1753771234430,36688, , , ,41,3145728,8967580,15,15,1,15, , , ,28,28, ,40, ,3,31, , ,1, , , , , , , , , ,12899,40, , , , , , , , ,481861360, , , , , , , ,34, , , , , , , , , , , , , , , , , , , , , , , , , , , , , , ,28, , ,6, , , , , , , , , , , , , , ,0, , , , , , , , , , , , , , , , , , , , , , , , , , , , , , 
2025-07-29 06:41:36.234 UTC, , ,0,0,0,0, , , , , , , , , , , , , , , , , , , , ,589,3252509,105856,336, ,10, ,44, , , , , , , , , ,10,9, , , ,7,3,11, ,70, , , , , , , , , , , , , , ,8906643,16,8904479,8904479, , , , ,8906700,22422462464,2,2,2,2, , , , , , , , , , , , , , , , , , , , , , , , , , , , , , , , ,8906700, , , , ,1753770634740,,, , , , , , , , , , , , , , , , , , , , , ,1753771294448,36724, , , ,37,3145728,8971288,2,2,1,2, , , ,12,12, ,24, ,3,15, , ,1, , , , , , , , , ,3708,24, , , , , , , , ,507027184, , , , , , , ,18, , , , , , , , , , , , , , , , , , , , , , , , , , , , , , ,12, , ,6, , , , , , , , , , , , , , ,0, , , , , , , , , , , , , , , , , , , , , , , , , , , , , , 
2025-07-29 06:42:36.237 UTC, , ,0,0,0,0, , , , , , , , , , , , , , , , , , , , ,589,3268221,121568,336, ,11, ,61, , , , , , , , , ,11,9, , , ,7,3,11, ,70, , , , , , , , , , , , , , ,8906643,16,8904479,8904479, , , , ,8906700,22422462464,2,2,2,2, , , , , , , , , , , , , , , , , , , , , , , , , , , , , , , , ,8906700, , , , ,1753770634740,,, , , , , , , , , , , , , , , , , , , , , ,1753771354466,36792, , , ,59,3145728,8986660,2,3,1,3, , , ,28,28, ,40, ,3,31, , ,1, , , , , , , , , ,15372,40, , , , , , , , ,590913264, , , , , , , ,34, , , , , , , , , , , , , , , , , , , , , , , , , , , , , , ,28, , ,6, , , , , , , , , , , , , , ,0, , , , , , , , , , , , , , , , , , , , , , , , , , , , , , 
2025-07-29 06:43:36.249 UTC, , ,0,0,0,0, , , , , , , , , , , , , , , , , , , , ,589,3285093,138440,336, ,11, ,62, , , , , , , , , ,11,9, , , ,7,3,11, ,70, , , , , , , , , , , , , , ,8906643,16,8904479,8904479, , , , ,8906700,22422462464,2,2,2,2, , , , , , , , , , , , , , , , , , , , , , , , , , , , , , , , ,8906700, , , , ,1753770634740,,, , , , , , , , , , , , , , , , , , , , , ,1753771414493,36863, , , ,44,3145728,9004879,2,2,0,2, , , ,30,30, ,41, ,3,33, , ,1, , , , , , , , , ,18219,41, , , , , , , , ,750296816, , , , , , , ,36, , , , , , , , , , , , , , , , , , , , , , , , , , , , , , ,30, , ,6, , , , , , , , , , , , , , ,0, , , , , , , , , , , , , , , , , , , , , , , , , , , , , , 
2025-07-29 06:44:36.256 UTC, , ,0,0,0,0, , , , , , , , , , , , , , , , , , , , ,589,3297637,150984,336, ,11, ,60, , , , , , , , , ,11,9, , , ,7,3,11, ,70, , , , , , , , , , , , , , ,8906643,16,8904479,8904479, , , , ,8906700,22422462464,2,2,2,2, , , , , , , , , , , , , , , , , , , , , , , , , , , , , , , , ,8906700, , , , ,1753770634740,,, , , , , , , , , , , , , , , , , , , , , ,1753771474510,36930, , , ,40,3145728,9017738,3,22,1,22, , , ,28,28, ,39, ,3,31, , ,1, , , , , , , , , ,12859,39, , , , , , ,1,52,357912512, , , , , , , ,34, , , , , , , , , , , , , , , , , , , , , , , , , , , , , , ,28, , ,6, , , , , , , , , , , , , , ,0, , , , , , , , , , , , , , , , , , , , , , , , , , , , , , 
2025-07-29 06:45:36.258 UTC, , ,0,0,0,0, , , , , , , , , , , , , , , , , , , , ,589,3320181,173528,336, ,11, ,72, , , , , , , , , ,11,9, , , ,7,3,11, ,70, , , , , , , , , , , , , , ,8906643,16,8904479,8904479, , , , ,8906700,22422462464,2,2,2,2, , , , , , , , , , , , , , , , , , , , , , , , , , , , , , , , ,8906700, , , , ,1753770634740,,, , , , , , , , , , , , , , , , , , , , , ,1753771534527,37020, , , ,53,3145728,9041228,2,11,1,11, , , ,40,40, ,50, ,3,43, , ,1, , , , , , , , , ,23490,50, , , , , , , , ,441798592, , , , , , , ,46, , , , , , , , , , , , , , , , , , , , , , , , , , , , , , ,40, , ,6, , , , , , , , , , , , , , ,0, , , , , , , , , , , , , , , , , , , , , , , , , , , , , , 
2025-07-29 06:46:36.262 UTC, , ,0,0,0,0, , , , , , , , , , , , , , , , , , , , ,589,3332109,185456,336, ,12, ,61, , , , , , , , , ,12,9, , , ,8,3,11, ,70, , , , , , , , , , , , , , ,8906643,16,8904479,8904479, , , , ,8906700,22422462464,2,2,2,2, , , , , , , , , , , , , , , , , , , , , , , , , , , , , , , , ,8906700, , , , ,1753770634740,,, , , , , , , , , , , , , , , , , , , , , ,1753771594542,37087, , , ,135,3145728,9056388,2,2,1,2, , , ,28,28, ,39, ,3,31, , ,1, , , , , , , , , ,15160,39, , , , , , , , ,504713152, , , , , , , ,34, , , , , , , , , , , , , , , , , , , , , , , , , , , , , , ,28, , ,6, , , , , , , , , , , , , , ,0, , , , , , , , , , , , , , , , , , , , , , , , , , , , , , 
2025-07-29 06:47:36.266 UTC, , ,0,0,0,0, , , , , , , , , , , , , , , , , , , , ,589,3335181,188528,336, ,12, ,44, , , , , , , , , ,12,9, , , ,8,3,11, ,70, , , , , , , , , , , , , , ,8906643,16,8904479,8904479, , , , ,8906700,22422462464,2,2,2,2, , , , , , , , , , , , , , , , , , , , , , , , , , , , , , , , ,8906700, , , , ,1753770634740,,, , , , , , , , , , , , , , , , , , , , , ,1753771654558,37123, , , ,34,3145728,9060096,3,3,1,3, , , ,12,12, ,24, ,3,15, , ,1, , , , , , , , , ,3708,24, , , , , , , , ,525684672, , , , , , , ,18, , , , , , , , , , , , , , , , , , , , , , , , , , , , , , ,12, , ,6, , , , , , , , , , , , , , ,0, , , , , , , , , , , , , , , , , , , , , , , , , , , , , , 
2025-07-29 06:48:36.268 UTC, , ,0,0,0,0, , , , , , , , , , , , , , , , , , , , ,589,3346925,200272,336, ,12, ,60, , , , , , , , , ,12,9, , , ,8,3,11, ,70, , , , , , , , , , , , , , ,8906643,16,8904479,8904479, , , , ,8906700,22422462464,2,2,2,2, , , , , , , , , , , , , , , , , , , , , , , , , , , , , , , , ,8906700, , , , ,1753770634740,,, , , , , , , , , , , , , , , , , , , , , ,1753771714587,37191, , , ,35,3145728,9073211,2,12,1,12, , , ,28,28, ,40, ,3,31, , ,1, , , , , , , , , ,13115,40, , , , , , , , ,588599232, , , , , , , ,34, , , , , , , , , , , , , , , , , , , , , , , , , , , , , , ,28, , ,6, , , , , , , , , , , , , , ,0, , , , , , , , , , , , , , , , , , , , , , , , , , , , , , 
2025-07-29 06:49:36.270 UTC, , ,0,0,0,0, , , , , , , , , , , , , , , , , , , , ,589,3364309,217656,336, ,12, ,62, , , , , , , , , ,12,9, , , ,8,3,11, ,70, , , , , , , , , , , , , , ,8906643,16,8904479,8904479, , , , ,8906700,22422462464,2,2,2,2, , , , , , , , , , , , , , , , , , , , , , , , , , , , , , , , ,8906700, , , , ,1753770634740,,, , , , , , , , , , , , , , , , , , , , , ,1753771774607,37262, , , ,35,3145728,9091433,2,2,1,2, , , ,30,30, ,41, ,3,33, , ,1, , , , , , , , , ,18222,41, , , , , , , , ,634736576, , , , , , , ,36, , , , , , , , , , , , , , , , , , , , , , , , , , , , , , ,30, , ,6, , , , , , , , , , , , , , ,0, , , , , , , , , , , , , , , , , , , , , , , , , , , , , , 
2025-07-29 06:50:36.272 UTC, , ,0,0,0,0, , , , , , , , , , , , , , , , , , , , ,589,3367381,220728,336, ,12, ,44, , , , , , , , , ,12,9, , , ,8,3,11, ,70, , , , , , , , , , , , , , ,8906643,16,8904479,8904479, , , , ,8906700,22422462464,2,2,2,2, , , , , , , , , , , , , , , , , , , , , , , , , , , , , , , , ,8906700, , , , ,1753770634740,,, , , , , , , , , , , , , , , , , , , , , ,1753771834622,37298, , , ,34,3145728,9095141,7,7,1,7, , , ,12,12, ,24, ,3,15, , ,1, , , , , , , , , ,3708,24, , , , , , , , ,706039744, , , , , , , ,18, , , , , , , , , , , , , , , , , , , , , , , , , , , , , , ,12, , ,6, , , , , , , , , , , , , , ,0, , , , , , , , , , , , , , , , , , , , , , , , , , , , , , 
2025-07-29 06:51:36.281 UTC, , ,0,0,0,0, , , , , , , , , , , , , , , , , , , , ,589,3370453,223800,336, ,12, ,44, , , , , , , , , ,12,9, , , ,8,3,11, ,70, , , , , , , , , , , , , , ,8906643,16,8904479,8904479, , , , ,8906700,22422462464,2,2,2,2, , , , , , , , , , , , , , , , , , , , , , , , , , , , , , , , ,8906700, , , , ,1753770634740,,, , , , , , , , , , , , , , , , , , , , , ,1753771894639,37334, , , ,34,3145728,9098849,2,2,1,2, , , ,12,12, ,24, ,3,15, , ,1, , , , , , , , , ,3708,24, , , , , , , , ,756371392, , , , , , , ,18, , , , , , , , , , , , , , , , , , , , , , , , , , , , , , ,12, , ,6, , , , , , , , , , , , , , ,0, , , , , , , , , , , , , , , , , , , , , , , , , , , , , , 
2025-07-29 06:52:36.285 UTC, , ,0,0,0,0, , , , , , , , , , , , , , , , , , , , ,589,3373525,226872,336, ,12, ,44, , , , , , , , , ,12,9, , , ,8,3,11, ,70, , , , , , , , , , , , , , ,8906643,16,8904479,8904479, , , , ,8906700,22422462464,2,2,2,2, , , , , , , , , , , , , , , , , , , , , , , , , , , , , , , , ,8906700, , , , ,1753770634740,,, , , , , , , , , , , , , , , , , , , , , ,1753771954664,37370, , , ,34,3145728,9102557,2,2,1,2, , , ,12,12, ,24, ,3,15, , ,1, , , , , , , , , ,3708,24, , , , , , , , ,773148608, , , , , , , ,18, , , , , , , , , , , , , , , , , , , , , , , , , , , , , , ,12, , ,6, , , , , , , , , , , , , , ,0, , , , , , , , , , , , , , , , , , , , , , , , , , , , , , 
2025-07-29 06:53:36.287 UTC, , ,0,0,0,0, , , , , , , , , , , , , , , , , , , , ,589,3376597,229944,336, ,12, ,44, , , , , , , , , ,12,9, , , ,8,3,11, ,70, , , , , , , , , , , , , , ,8906643,16,8904479,8904479, , , , ,8906700,22422462464,2,2,2,2, , , , , , , , , , , , , , , , , , , , , , , , , , , , , , , , ,8906700, , , , ,1753770634740,,, , , , , , , , , , , , , , , , , , , , , ,1753772014680,37406, , , ,34,3145728,9106481,7,7,2,7, , , ,12,12, ,24, ,3,15, , ,1, , , , , , , , , ,3924,24, , , , , , , , ,802508736, , , , , , , ,18, , , , , , , , , , , , , , , , , , , , , , , , , , , , , , ,12, , ,6, , , , , , , , , , , , , , ,0, , , , , , , , , , , , , , , , , , , , , , , , , , , , , , 
2025-07-29 06:54:36.290 UTC, , ,0,0,0,0, , , , , , , , , , , , , , , , , , , , ,589,3379453,232800,336, ,13, ,45, , , , , , , , , ,13,9, , , ,9,3,10, ,70, , , , , , , , , , , , , , ,8906643,16,8904479,8904479, , , , ,8906700,22422462464,2,2,2,2, , , , , , , , , , , , , , , , , , , , , , , , , , , , , , , , ,8906700, , , , ,1753770634740,,, , , , , , , , , , , , , , , , , , , , , ,1753772074696,37442, , , ,34,3145728,9112473,17,17,3,17, , , ,12,12, ,24, ,3,15, , ,1, , , , , , , , , ,5992,24, , , , , , , , ,823480256, , , , , , , ,18, , , , , , , , , , , , , , , , , , , , , , , , , , , , , , ,12, , ,6, , , , , , , , , , , , , , ,0, , , , , , , , , , , , , , , , , , , , , , , , , , , , , , 
2025-07-29 06:55:36.295 UTC, , ,0,0,0,0, , , , , , , , , , , , , , , , , , , , ,589,3382525,235872,336, ,13, ,44, , , , , , , , , ,13,9, , , ,9,3,10, ,70, , , , , , , , , , , , , , ,8906643,16,8904479,8904479, , , , ,8906700,22422462464,2,2,2,2, , , , , , , , , , , , , , , , , , , , , , , , , , , , , , , , ,8906700, , , , ,1753770634740,,, , , , , , , , , , , , , , , , , , , , , ,1753772134710,37478, , , ,34,3145728,9116181,2,2,1,2, , , ,12,12, ,24, ,3,15, , ,1, , , , , , , , , ,3708,24, , , , , , , , ,844451776, , , , , , , ,18, , , , , , , , , , , , , , , , , , , , , , , , , , , , , , ,12, , ,6, , , , , , , , , , , , , , ,0, , , , , , , , , , , , , , , , , , , , , , , , , , , , , , 
2025-07-29 06:56:36.300 UTC, , ,0,0,0,0, , , , , , , , , , , , , , , , , , , , ,589,3387181,240528,336, ,13, ,45, , , , , , , , , ,13,9, , , ,9,3,10, ,70, , , , , , , , , , , , , , ,8906643,16,8904479,8904479, , , , ,8906700,22422462464,2,2,2,2, , , , , , , , , , , , , , , , , , , , , , , , , , , , , , , , ,8906700, , , , ,1753770634740,,, , , , , , , , , , , , , , , , , , , , , ,1753772196292,37516, , , ,40,3145728,9120651,2,2,1,2, , , ,13,13, ,25, ,3,16, , ,1, , , , , , , , , ,4473,25, , , , , , , , ,894783424, , , , , , , ,19, , , , , , , , , , , , , , , , , , , , , , , , , , , , , , ,13, , ,6, , , , , , , , , , , , , , ,0, , , , , , , , , , , , , , , , , , , , , , , , , , , , , , 
2025-07-29 06:57:36.304 UTC, , ,0,0,0,0, , , , , , , , , , , , , , , , , , , , ,589,3410877,264224,336, ,13, ,75, , , , , , , , , ,13,9, , , ,9,3,10, ,70, , , , , , , , , , , , , , ,8906643,16,8904479,8904479, , , , ,8906700,22422462464,2,2,2,2, , , , , , , , , , , , , , , , , , , , , , , , , , , , , , , , ,8906700, , , , ,1753770634740,,, , , , , , , , , , , , , , , , , , , , , ,1753772254746,37613, , , ,37,3145728,9145890,2,3,0,3, , , ,43,43, ,54, ,3,46, , ,1, , , , , , , , , ,25236,54, , , , , , , , ,974475200, , , , , , , ,49, , , , , , , , , , , , , , , , , , , , , , , , , , , , , , ,43, , ,6, , , , , , , , , , , , , , ,0, , , , , , , , , , , , , , , , , , , , , , , , , , , , , , 
2025-07-29 06:58:36.306 UTC, , ,0,0,0,0, , , , , , , , , , , , , , , , , , , , ,589,3413949,267296,336, ,13, ,44, , , , , , , , , ,13,9, , , ,9,3,10, ,70, , , , , , , , , , , , , , ,8906643,16,8904479,8904479, , , , ,8906700,22422462464,2,2,2,2, , , , , , , , , , , , , , , , , , , , , , , , , , , , , , , , ,8906700, , , , ,1753770634740,,, , , , , , , , , , , , , , , , , , , , , ,1753772314766,37649, , , ,34,3145728,9149598,2,2,1,2, , , ,12,12, ,24, ,3,15, , ,1, , , , , , , , , ,3708,24, , , , , , , , ,1045778368, , , , , , , ,18, , , , , , , , , , , , , , , , , , , , , , , , , , , , , , ,12, , ,6, , , , , , , , , , , , , , ,0, , , , , , , , , , , , , , , , , , , , , , , , , , , , , , 
2025-07-29 06:59:36.309 UTC, , ,0,0,0,0, , , , , , , , , , , , , , , , , , , , ,589,3417237,270584,336, ,13, ,44, , , , , , , , , ,13,9, , , ,9,3,10, ,70, , , , , , , , , , , , , , ,8906643,16,8904479,8904479, , , , ,8906700,22422462464,2,2,2,2, , , , , , , , , , , , , , , , , , , , , , , , , , , , , , , , ,8906700, , , , ,1753770634740,,, , , , , , , , , , , , , , , , , , , , , ,1753772374785,37685, , , ,34,3145728,9153522,2,2,1,2, , , ,12,12, ,24, ,3,15, , ,1, , , , , , , , , ,3924,24, , , , , , , , ,1075138496, , , , , , , ,18, , , , , , , , , , , , , , , , , , , , , , , , , , , , , , ,12, , ,6, , , , , , , , , , , , , , ,0, , , , , , , , , , , , , , , , , , , , , , , , , , , , , , 
2025-07-29 07:00:36.311 UTC, , ,0,0,0,0, , , , , , , , , , , , , , , , , , , , ,589,3420309,273656,336, ,13, ,44, , , , , , , , , ,13,9, , , ,9,3,10, ,70, , , , , , , , , , , , , , ,8906643,16,8904479,8904479, , , , ,8906700,22422462464,2,2,2,2, , , , , , , , , , , , , , , , , , , , , , , , , , , , , , , , ,8906700, , , , ,1753770634740,,, , , , , , , , , , , , , , , , , , , , , ,1753772434803,37721, , , ,34,3145728,9157230,11,11,1,11, , , ,12,12, ,24, ,3,15, , ,1, , , , , , , , , ,3708,24, , , , , , , , ,1100304320, , , , , , , ,18, , , , , , , , , , , , , , , , , , , , , , , , , , , , , , ,12, , ,6, , , , , , , , , , , , , , ,0, , , , , , , , , , , , , , , , , , , , , , , , , , , , , , 
2025-07-29 07:01:36.314 UTC, , ,0,0,0,0, , , , , , , , , , , , , , , , , , , , ,589,3423381,276728,336, ,13, ,44, , , , , , , , , ,13,9, , , ,9,3,10, ,70, , , , , , , , , , , , , , ,8906643,16,8904479,8904479, , , , ,8906700,22422462464,2,2,2,2, , , , , , , , , , , , , , , , , , , , , , , , , , , , , , , , ,8906700, , , , ,1753770634740,,, , , , , , , , , , , , , , , , , , , , , ,1753772494820,37757, , , ,34,3145728,9160938,2,2,1,2, , , ,12,12, ,24, ,3,15, , ,1, , , , , , , , , ,3708,24, , , , , , , , ,1129664448, , , , , , , ,18, , , , , , , , , , , , , , , , , , , , , , , , , , , , , , ,12, , ,6, , , , , , , , , , , , , , ,0, , , , , , , , , , , , , , , , , , , , , , , , , , , , , , 
2025-07-29 07:02:36.326 UTC, , ,0,0,0,0, , , , , , , , , , , , , , , , , , , , ,589,3426853,280200,336, ,14, ,45, , , , , , , , , ,14,9, , , ,10,3,10, ,70, , , , , , , , , , , , , , ,8906643,16,8904479,8904479, , , , ,8906700,22422462464,2,2,2,2, , , , , , , , , , , , , , , , , , , , , , , , , , , , , , , , ,8906700, , , , ,1753770634740,,, , , , , , , , , , , , , , , , , , , , , ,1753772554833,37793, , , ,34,3145728,9166936,2,2,1,2, , , ,12,12, ,24, ,3,15, , ,1, , , , , , , , , ,5998,24, , , , , , , , ,1154830272, , , , , , , ,18, , , , , , , , , , , , , , , , , , , , , , , , , , , , , , ,12, , ,6, , , , , , , , , , , , , , ,0, , , , , , , , , , , , , , , , , , , , , , , , , , , , , , 
2025-07-29 07:03:36.334 UTC, , ,0,0,0,0, , , , , , , , , , , , , , , , , , , , ,589,3429925,283272,336, ,14, ,44, , , , , , , , , ,14,9, , , ,10,3,10, ,70, , , , , , , , , , , , , , ,8906643,16,8904479,8904479, , , , ,8906700,22422462464,2,2,2,2, , , , , , , , , , , , , , , , , , , , , , , , , , , , , , , , ,8906700, , , , ,1753770634740,,, , , , , , , , , , , , , , , , , , , , , ,1753772614857,37829, , , ,34,3145728,9170644,3,3,1,3, , , ,12,12, ,24, ,3,15, , ,1, , , , , , , , , ,3708,24, , , , , , , , ,1209356224, , , , , , , ,18, , , , , , , , , , , , , , , , , , , , , , , , , , , , , , ,12, , ,6, , , , , , , , , , , , , , ,0, , , , , , , , , , , , , , , , , , , , , , , , , , , , , , 
2025-07-29 07:04:36.335 UTC, , ,0,0,0,0, , , , , , , , , , , , , , , , , , , , ,589,3432997,286344,336, ,14, ,44, , , , , , , , , ,14,9, , , ,10,3,10, ,70, , , , , , , , , , , , , , ,8906643,16,8904479,8904479, , , , ,8906700,22422462464,2,2,2,2, , , , , , , , , , , , , , , , , , , , , , , , , , , , , , , , ,8906700, , , , ,1753770634740,,, , , , , , , , , , , , , , , , , , , , , ,1753772674872,37865, , , ,34,3145728,9174352,4,4,1,4, , , ,12,12, ,24, ,3,15, , ,1, , , , , , , , , ,3708,24, , , , , , , , ,1259687872, , , , , , , ,18, , , , , , , , , , , , , , , , , , , , , , , , , , , , , , ,12, , ,6, , , , , , , , , , , , , , ,0, , , , , , , , , , , , , , , , , , , , , , , , , , , , , , 
2025-07-29 07:05:36.336 UTC, , ,0,0,0,0, , , , , , , , , , , , , , , , , , , , ,589,3436285,289632,336, ,14, ,44, , , , , , , , , ,14,9, , , ,10,3,10, ,70, , , , , , , , , , , , , , ,8906643,16,8904479,8904479, , , , ,8906700,22422462464,2,2,2,2, , , , , , , , , , , , , , , , , , , , , , , , , , , , , , , , ,8906700, , , , ,1753770634740,,, , , , , , , , , , , , , , , , , , , , , ,1753772734891,37901, , , ,34,3145728,9178276,2,2,0,2, , , ,12,12, ,24, ,3,15, , ,1, , , , , , , , , ,3924,24, , , , , , , , ,1293242304, , , , , , , ,18, , , , , , , , , , , , , , , , , , , , , , , , , , , , , , ,12, , ,6, , , , , , , , , , , , , , ,0, , , , , , , , , , , , , , , , , , , , , , , , , , , , , , 
2025-07-29 07:06:36.338 UTC, , ,0,0,0,0, , , , , , , , , , , , , , , , , , , , ,589,3439421,292768,336, ,14, ,47, , , , , , , , , ,14,9, , , ,10,3,10, ,70, , , , , , , , , , , , , , ,8906643,16,8904479,8904479, , , , ,8906700,22422462464,2,2,2,2, , , , , , , , , , , , , , , , , , , , , , , , , , , , , , , , ,8906700, , , , ,1753770634740,,, , , , , , , , , , , , , , , , , , , , , ,1753772794908,37942, , , ,39,3145728,9182571,3,3,1,3, , , ,15,15, ,26, ,3,18, , ,1, , , , , , , , , ,4295,26, , , , , , , , ,1326796736, , , , , , , ,21, , , , , , , , , , , , , , , , , , , , , , , , , , , , , , ,15, , ,6, , , , , , , , , , , , , , ,0, , , , , , , , , , , , , , , , , , , , , , , , , , , , , , 
2025-07-29 07:07:36.341 UTC, , ,0,0,0,0, , , , , , , , , , , , , , , , , , , , ,589,3524749,378096,336, ,14, ,54, , , , , , , , , ,14,9, , , ,10,3,10, ,70, , , , , , , , , , , , , , ,8906643,16,8904479,8904479, , , , ,8906700,22422462464,2,2,2,2, , , , , , , , , , , , , , , , , , , , , , , , , , , , , , , , ,8906700, , , , ,1753770634740,,, , , , , , , , , , , , , , , , , , , , , ,1753772854922,37997, , , ,90,3145728,9268447,2,4,1,4, , , ,22,22, ,33, ,3,25, , ,1, , , , , , , , , ,85876,33, , , , , , , , ,1372934080, , , , , , , ,28, , , , , , , , , , , , , , , , , , , , , , , , , , , , , , ,22, , ,6, , , , , , , , , , , , , , ,0, , , , , , , , , , , , , , , , , , , , , , , , , , , , , , 
2025-07-29 07:08:36.344 UTC, , ,0,0,0,0, , , , , , , , , , , , , , , , , , , , ,589,3539757,393104,336, ,14, ,67, , , , , , , , , ,14,9, , , ,10,3,10, ,70, , , , , , , , , , , , , , ,8906643,16,8904479,8904479, , , , ,8906700,22422462464,2,2,2,2, , , , , , , , , , , , , , , , , , , , , , , , , , , , , , , , ,8906700, , , , ,1753770634740,,, , , , , , , , , , , , , , , , , , , , , ,1753772914941,38078, , , ,38,3145728,9284389,2,3,1,3, , , ,35,35, ,46, ,3,38, , ,1, , , , , , , , , ,15942,46, , , , , , , , ,1444237248, , , , , , , ,41, , , , , , , , , , , , , , , , , , , , , , , , , , , , , , ,35, , ,6, , , , , , , , , , , , , , ,0, , , , , , , , , , , , , , , , , , , , , , , , , , , , , , 
2025-07-29 07:09:36.346 UTC, , ,0,0,0,0, , , , , , , , , , , , , , , , , , , , ,589,3542717,396064,336, ,15, ,45, , , , , , , , , ,15,9, , , ,11,3,10, ,70, , , , , , , , , , , , , , ,8906643,16,8904479,8904479, , , , ,8906700,22422462464,2,2,2,2, , , , , , , , , , , , , , , , , , , , , , , , , , , , , , , , ,8906700, , , , ,1753770634740,,, , , , , , , , , , , , , , , , , , , , , ,1753772974959,38114, , , ,34,3145728,9290401,44,44,4,44, , , ,12,12, ,24, ,3,15, , ,1, , , , , , , , , ,6012,24, , , , , , , , ,1490374592, , , , , , , ,18, , , , , , , , , , , , , , , , , , , , , , , , , , , , , , ,12, , ,6, , , , , , , , , , , , , , ,0, , , , , , , , , , , , , , , , , , , , , , , , , , , , , , 
2025-07-29 07:10:36.353 UTC, , ,0,0,0,0, , , , , , , , , , , , , , , , , , , , ,589,3562629,415976,336, ,15, ,62, , , , , , , , , ,15,9, , , ,11,3,10, ,70, , , , , , , , , , , , , , ,8906643,16,8904479,8904479, , , , ,8906700,22422462464,2,2,2,2, , , , , , , , , , , , , , , , , , , , , , , , , , , , , , , , ,8906700, , , , ,1753770634740,,, , , , , , , , , , , , , , , , , , , , , ,1753773034972,38185, , , ,36,3145728,9311357,2,2,1,2, , , ,30,30, ,41, ,3,33, , ,1, , , , , , , , , ,20956,41, , , , , , , , ,1624592320, , , , , , , ,36, , , , , , , , , , , , , , , , , , , , , , , , , , , , , , ,30, , ,6, , , , , , , , , , , , , , ,0, , , , , , , , , , , , , , , , , , , , , , , , , , , , , , 
2025-07-29 07:11:36.353 UTC, , ,0,0,0,0, , , , , , , , , , , , , , , , , , , , ,589,3573349,426696,336, ,15, ,58, , , , , , , , , ,15,9, , , ,11,3,10, ,70, , , , , , , , , , , , , , ,8906643,16,8904479,8904479, , , , ,8906700,22422462464,2,2,2,2, , , , , , , , , , , , , , , , , , , , , , , , , , , , , , , , ,8906700, , , , ,1753770634740,,, , , , , , , , , , , , , , , , , , , , , ,1753773094986,38248, , , ,127,3145728,9323296,2,2,1,2, , , ,26,26, ,37, ,3,29, , ,1, , , , , , , , , ,11939,37, , , , , , , , ,1725255616, , , , , , , ,32, , , , , , , , , , , , , , , , , , , , , , , , , , , , , , ,26, , ,6, , , , , , , , , , , , , , ,0, , , , , , , , , , , , , , , , , , , , , , , , , , , , , , 
2025-07-29 07:12:36.356 UTC, , ,0,0,0,0, , , , , , , , , , , , , , , , , , , , ,1053,4666757,1519640,336, ,32, ,2150, , , , , , , , , ,32,9, , , ,28,3,11, ,70, , , , , , , , , , , , , , ,8906643,16,8904479,8904479, , , , ,8906700,22422462464,2,2,2,2, , , , , , , , , , , , , , , , , , , , , , , , , , , , , , , , ,8906700, , , , ,1753770634740,,, , , , , , , , , , , , , , , , , , , , , ,1753773156353,42457, , , ,9027,3145728,4295457807,1,2,0,4, , , ,2101,2101,2,2108, ,3,2104, , ,1, , ,38,1, , , ,2048,1,1167079,2108, , , , , , , , ,2182434752, , , , , , , ,2107, , , , , , , , , , , , , , , , , , , , , , , , , , , , , , ,2101, , ,6, , , , , , , , , , , , , , ,0, , , , , , , , , , , , , , , , , , , , , , , , , ,1, , , , 
2025-07-29 07:13:36.366 UTC, , ,0,0,0,0, , , , , , , , , , , , , , , , , , , , ,1053,4701061,1553944,336, ,32, ,85, , , , , , , , , ,32,9, , , ,28,3,10, ,70, , , , , , , , , , , , , , ,8906643,16,8904479,8904479, , , , ,8906700,22422462464,2,2,2,2, , , , , , , , , , , , , , , , , , , , , , , , , , , , , , , , ,8906700, , , , ,1753770634740,,, , , , , , , , , , , , , , , , , , , , , ,1753773215008,42573, , , ,73,3145728,4295492677,2,32,1,32, , , ,53,53, ,63, ,3,57, , ,1, , , , , , , , , ,34865,63, , , , , , , , ,2232766400, , , , , , , ,59, , , , , , , , , , , , , , , , , , , , , , , , , , , , , , ,53, , ,6, , , , , , , , , , , , , , ,0, , , , , , , , , , , , , , , , , , , , , , , , , , , , , , 
2025-07-29 07:14:36.368 UTC, , ,0,0,0,0, , , , , , , , , , , , , , , , , , , , ,1053,4706733,1559616,336, ,32, ,49, , , , , , , , , ,32,9, , , ,28,3,10, ,70, , , , , , , , , , , , , , ,8906643,16,8904479,8904479, , , , ,8906700,22422462464,2,2,2,2, , , , , , , , , , , , , , , , , , , , , , , , , , , , , , , , ,8906700, , , , ,1753770634740,,, , , , , , , , , , , , , , , , , , , , , ,1753773275022,42619, , , ,36,3145728,4295499090,2,3,1,3, , , ,17,17, ,29, ,3,20, , ,1, , , , , , , , , ,6413,29, , , , , , , , ,2274709440, , , , , , , ,23, , , , , , , , , , , , , , , , , , , , , , , , , , , , , , ,17, , ,6, , , , , , , , , , , , , , ,0, , , , , , , , , , , , , , , , , , , , , , , , , , , , , , 
2025-07-29 07:15:36.371 UTC, , ,0,0,0,0, , , , , , , , , , , , , , , , , , , , ,1053,4710853,1563736,336, ,32, ,45, , , , , , , , , ,32,9, , , ,28,3,10, ,70, , , , , , , , , , , , , , ,8906643,16,8904479,8904479, , , , ,8906700,22422462464,2,2,2,2, , , , , , , , , , , , , , , , , , , , , , , , , , , , , , , , ,8906700, , , , ,1753770634740,,, , , , , , , , , , , , , , , , , , , , , ,1753773335040,42657, , , ,35,3145728,4295503376,2,2,1,2, , , ,13,13, ,25, ,3,16, , ,1, , , , , , , , , ,4286,25, , , , , , , , ,2312458176, , , , , , , ,19, , , , , , , , , , , , , , , , , , , , , , , , , , , , , , ,13, , ,6, , , , , , , , , , , , , , ,0, , , , , , , , , , , , , , , , , , , , , , , , , , , , , , 
2025-07-29 07:16:36.372 UTC, , ,0,0,0,0, , , , , , , , , , , , , , , , , , , , ,1053,4731309,1584192,336, ,32, ,51, , , , , , , , , ,32,9, , , ,28,3,10, ,70, , , , , , , , , , , , , , ,8906643,16,8904479,8904479, , , , ,8906700,22422462464,2,2,2,2, , , , , , , , , , , , , , , , , , , , , , , , , , , , , , , , ,8906700, , , , ,1753770634740,,, , , , , , , , , , , , , , , , , , , , , ,1753773395052,42706, , , ,36,3145728,4295524560,2,2,1,2, , , ,19,19, ,30, ,3,22, , ,1, , , , , , , , , ,21184,30, , , , , , , , ,2387955648, , , , , , , ,25, , , , , , , , , , , , , , , , , , , , , , , , , , , , , , ,19, , ,6, , , , , , , , , , , , , , ,0, , , , , , , , , , , , , , , , , , , , , , , , , , , , , , 
2025-07-29 07:17:36.373 UTC, , ,0,0,0,0, , , , , , , , , , , , , , , , , , , , ,1053,4734381,1587264,336, ,32, ,44, , , , , , , , , ,32,9, , , ,28,3,10, ,70, , , , , , , , , , , , , , ,8906643,16,8904479,8904479, , , , ,8906700,22422462464,2,2,2,2, , , , , , , , , , , , , , , , , , , , , , , , , , , , , , , , ,8906700, , , , ,1753770634740,,, , , , , , , , , , , , , , , , , , , , , ,1753773455067,42742, , , ,35,3145728,4295528292,4,4,1,4, , , ,12,12, ,24, ,3,15, , ,1, , , , , , , , , ,3732,24, , , , , , , , ,2446675904, , , , , , , ,18, , , , , , , , , , , , , , , , , , , , , , , , , , , , , , ,12, , ,6, , , , , , , , , , , , , , ,0, , , , , , , , , , , , , , , , , , , , , , , , , , , , , , 
2025-07-29 07:18:36.374 UTC, , ,0,0,0,0, , , , , , , , , , , , , , , , , , , , ,1053,4736429,1589312,336, ,33, ,45, , , , , , , , , ,33,9, , , ,29,3,11, ,70, , , , , , , , , , , , , , ,8906643,16,8904479,8904479, , , , ,8906700,22422462464,2,2,2,2, , , , , , , , , , , , , , , , , , , , , , , , , , , , , , , , ,8906700, , , , ,1753770634740,,, , , , , , , , , , , , , , , , , , , , , ,1753773515178,42778, , , ,35,3145728,4295534593,24,24,3,24, , , ,12,12, ,24, ,3,15, , ,1, , , , , , , , , ,6301,24, , , , , , , , ,2492813248, , , , , , , ,18, , , , , , , , , , , , , , , , , , , , , , , , , , , , , , ,12, , ,6, , , , , , , , , , , , , , ,0, , , , , , , , , , , , , , , , , , , , , , , , , , , , , , 
2025-07-29 07:19:36.379 UTC, , ,0,0,0,0, , , , , , , , , , , , , , , , , , , , ,1053,4739901,1592784,336, ,33, ,44, , , , , , , , , ,33,9, , , ,29,3,10, ,70, , , , , , , , , , , , , , ,8906643,16,8904479,8904479, , , , ,8906700,22422462464,2,2,2,2, , , , , , , , , , , , , , , , , , , , , , , , , , , , , , , , ,8906700, , , , ,1753770634740,,, , , , , , , , , , , , , , , , , , , , , ,1753773575193,42814, , , ,35,3145728,4295538325,2,2,1,2, , , ,12,12, ,24, ,3,15, , ,1, , , , , , , , , ,3732,24, , , , , , , , ,2526367680, , , , , , , ,18, , , , , , , , , , , , , , , , , , , , , , , , , , , , , , ,12, , ,6, , , , , , , , , , , , , , ,0, , , , , , , , , , , , , , , , , , , , , , , , , , , , , , 
2025-07-29 07:20:36.380 UTC, , ,0,0,0,0, , , , , , , , , , , , , , , , , , , , ,1053,4742973,1595856,336, ,33, ,44, , , , , , , , , ,33,9, , , ,29,3,10, ,70, , , , , , , , , , , , , , ,8906643,16,8904479,8904479, , , , ,8906700,22422462464,2,2,2,2, , , , , , , , , , , , , , , , , , , , , , , , , , , , , , , , ,8906700, , , , ,1753770634740,,, , , , , , , , , , , , , , , , , , , , , ,1753773635208,42850, , , ,35,3145728,4295542057,8,8,2,8, , , ,12,12, ,24, ,3,15, , ,1, , , , , , , , , ,3732,24, , , , , , , , ,2564116416, , , , , , , ,18, , , , , , , , , , , , , , , , , , , , , , , , , , , , , , ,12, , ,6, , , , , , , , , , , , , , ,0, , , , , , , , , , , , , , , , , , , , , , , , , , , , , , 
2025-07-29 07:21:36.383 UTC, , ,0,0,0,0, , , , , , , , , , , , , , , , , , , , ,1053,4746261,1599144,336, ,33, ,44, , , , , , , , , ,33,9, , , ,29,3,10, ,70, , , , , , , , , , , , , , ,8906643,16,8904479,8904479, , , , ,8906700,22422462464,2,2,2,2, , , , , , , , , , , , , , , , , , , , , , , , , , , , , , , , ,8906700, , , , ,1753770634740,,, , , , , , , , , , , , , , , , , , , , , ,1753773695222,42886, , , ,35,3145728,4295546005,16,16,3,16, , , ,12,12, ,24, ,3,15, , ,1, , , , , , , , , ,3948,24, , , , , , , , ,2601865152, , , , , , , ,18, , , , , , , , , , , , , , , , , , , , , , , , , , , , , , ,12, , ,6, , , , , , , , , , , , , , ,0, , , , , , , , , , , , , , , , , , , , , , , , , , , , , , 
2025-07-29 07:22:36.385 UTC, , ,0,0,0,0, , , , , , , , , , , , , , , , , , , , ,1053,4749333,1602216,336, ,33, ,44, , , , , , , , , ,33,9, , , ,29,3,10, ,70, , , , , , , , , , , , , , ,8906643,16,8904479,8904479, , , , ,8906700,22422462464,2,2,2,2, , , , , , , , , , , , , , , , , , , , , , , , , , , , , , , , ,8906700, , , , ,1753770634740,,, , , , , , , , , , , , , , , , , , , , , ,1753773755238,42922, , , ,35,3145728,4295549737,6,6,1,6, , , ,12,12, ,24, ,3,15, , ,1, , , , , , , , , ,3732,24, , , , , , , , ,2652196800, , , , , , , ,18, , , , , , , , , , , , , , , , , , , , , , , , , , , , , , ,12, , ,6, , , , , , , , , , , , , , ,0, , , , , , , , , , , , , , , , , , , , , , , , , , , , , , 
2025-07-29 07:23:36.391 UTC, , ,0,0,0,0, , , , , , , , , , , , , , , , , , , , ,1053,4752405,1605288,336, ,33, ,44, , , , , , , , , ,33,9, , , ,29,3,10, ,70, , , , , , , , , , , , , , ,8906643,16,8904479,8904479, , , , ,8906700,22422462464,2,2,2,2, , , , , , , , , , , , , , , , , , , , , , , , , , , , , , , , ,8906700, , , , ,1753770634740,,, , , , , , , , , , , , , , , , , , , , , ,1753773815252,42958, , , ,35,3145728,4295553469,11,11,1,11, , , ,12,12, ,24, ,3,15, , ,1, , , , , , , , , ,3732,24, , , , , , , , ,2702528448, , , , , , , ,18, , , , , , , , , , , , , , , , , , , , , , , , , , , , , , ,12, , ,6, , , , , , , , , , , , , , ,0, , , , , , , , , , , , , , , , , , , , , , , , , , , , , , 
2025-07-29 07:24:36.376 UTC, , ,0,0,0,0, , , , , , , , , , , , , , , , , , , , ,1053,4755477,1608360,336, ,33, ,44, , , , , , , , , ,33,9, , , ,29,3,10, ,70, , , , , , , , , , , , , , ,8906643,16,8904479,8904479, , , , ,8906700,22422462464,2,2,2,2, , , , , , , , , , , , , , , , , , , , , , , , , , , , , , , , ,8906700, , , , ,1753770634740,,, , , , , , , , , , , , , , , , , , , , , ,1753773875253,42994, , , ,35,3145728,4295557201,2,2,1,2, , , ,12,12, ,24, ,3,15, , ,1, , , , , , , , , ,3732,24, , , , , , , , ,2740277184, , , , , , , ,18, , , , , , , , , , , , , , , , , , , , , , , , , , , , , , ,12, , ,6, , , , , , , , , , , , , , ,0, , , , , , , , , , , , , , , , , , , , , , , , , , , , , , 
2025-07-29 07:25:36.389 UTC, , ,0,0,0,0, , , , , , , , , , , , , , , , , , , , ,1053,4758549,1611432,336, ,33, ,44, , , , , , , , , ,33,9, , , ,29,3,10, ,70, , , , , , , , , , , , , , ,8906643,16,8904479,8904479, , , , ,8906700,22422462464,2,2,2,2, , , , , , , , , , , , , , , , , , , , , , , , , , , , , , , , ,8906700, , , , ,1753770634740,,, , , , , , , , , , , , , , , , , , , , , ,1753773935277,43030, , , ,35,3145728,4295560933,4,4,1,4, , , ,12,12, ,24, ,3,15, , ,1, , , , , , , , , ,3732,24, , , , , , , , ,2786414528, , , , , , , ,18, , , , , , , , , , , , , , , , , , , , , , , , , , , , , , ,12, , ,6, , , , , , , , , , , , , , ,0, , , , , , , , , , , , , , , , , , , , , , , , , , , , , , 
2025-07-29 07:26:36.371 UTC, , ,0,0,0,0, , , , , , , , , , , , , , , , , , , , ,1053,4761621,1614504,336, ,33, ,44, , , , , , , , , ,33,9, , , ,29,3,10, ,70, , , , , , , , , , , , , , ,8906643,16,8904479,8904479, , , , ,8906700,22422462464,2,2,2,2, , , , , , , , , , , , , , , , , , , , , , , , , , , , , , , , ,8906700, , , , ,1753770634740,,, , , , , , , , , , , , , , , , , , , , , ,1753773995277,43066, , , ,35,3145728,4295564881,3,3,1,3, , , ,12,12, ,24, ,3,15, , ,1, , , , , , , , , ,3948,24, , , , , , , , ,2828357568, , , , , , , ,18, , , , , , , , , , , , , , , , , , , , , , , , , , , , , , ,12, , ,6, , , , , , , , , , , , , , ,0, , , , , , , , , , , , , , , , , , , , , , , , , , , , , , 
2025-07-29 07:27:36.359 UTC, , ,0,0,0,0, , , , , , , , , , , , , , , , , , , , ,1053,4764909,1617792,336, ,33, ,44, , , , , , , , , ,33,9, , , ,29,3,10, ,70, , , , , , , , , , , , , , ,8906643,16,8904479,8904479, , , , ,8906700,22422462464,2,2,2,2, , , , , , , , , , , , , , , , , , , , , , , , , , , , , , , , ,8906700, , , , ,1753770634740,,, , , , , , , , , , , , , , , , , , , , , ,1753774055282,43102, , , ,35,3145728,4295568613,2,2,1,2, , , ,12,12, ,24, ,3,15, , ,1, , , , , , , , , ,3732,24, , , , , , , , ,2870300608, , , , , , , ,18, , , , , , , , , , , , , , , , , , , , , , , , , , , , , , ,12, , ,6, , , , , , , , , , , , , , ,0, , , , , , , , , , , , , , , , , , , , , , , , , , , , , , 
2025-07-29 07:28:36.351 UTC, , ,0,0,0,0, , , , , , , , , , , , , , , , , , , , ,1053,4767981,1620864,336, ,33, ,44, , , , , , , , , ,33,9, , , ,29,3,10, ,70, , , , , , , , , , , , , , ,8906643,16,8904479,8904479, , , , ,8906700,22422462464,2,2,2,2, , , , , , , , , , , , , , , , , , , , , , , , , , , , , , , , ,8906700, , , , ,1753770634740,,, , , , , , , , , , , , , , , , , , , , , ,1753774115286,43138, , , ,35,3145728,4295572345,6,6,1,6, , , ,12,12, ,24, ,3,15, , ,1, , , , , , , , , ,3732,24, , , , , , , , ,2908049344, , , , , , , ,18, , , , , , , , , , , , , , , , , , , , , , , , , , , , , , ,12, , ,6, , , , , , , , , , , , , , ,0, , , , , , , , , , , , , , , , , , , , , , , , , , , , , , 
2025-07-29 07:29:36.357 UTC, , ,0,0,0,0, , , , , , , , , , , , , , , , , , , , ,1053,4770621,1623504,336, ,34, ,45, , , , , , , , , ,34,9, , , ,30,3,10, ,70, , , , , , , , , , , , , , ,8906643,16,8904479,8904479, , , , ,8906700,22422462464,2,2,2,2, , , , , , , , , , , , , , , , , , , , , , , , , , , , , , , , ,8906700, , , , ,1753770634740,,, , , , , , , , , , , , , , , , , , , , , ,1753774175304,43174, , , ,35,3145728,4295578627,3,3,1,3, , , ,12,12, ,24, ,3,15, , ,1, , , , , , , , , ,6282,24, , , , , , , , ,2962575296, , , , , , , ,18, , , , , , , , , , , , , , , , , , , , , , , , , , , , , , ,12, , ,6, , , , , , , , , , , , , , ,0, , , , , , , , , , , , , , , , , , , , , , , , , , , , , , 
2025-07-29 07:30:36.363 UTC, , ,0,0,0,0, , , , , , , , , , , , , , , , , , , , ,1053,4786549,1639432,336, ,34, ,66, , , , , , , , , ,34,9, , , ,30,3,10, ,70, , , , , , , , , , , , , , ,8906643,16,8904479,8904479, , , , ,8906700,22422462464,2,2,2,2, , , , , , , , , , , , , , , , , , , , , , , , , , , , , , , , ,8906700, , , , ,1753770634740,,, , , , , , , , , , , , , , , , , , , , , ,1753774235325,43253, , , ,48,3145728,4295595214,2,3,1,3, , , ,34,34, ,45, ,3,37, , ,1, , , , , , , , , ,16587,45, , , , , , , , ,3059044288, , , , , , , ,40, , , , , , , , , , , , , , , , , , , , , , , , , , , , , , ,34, , ,6, , , , , , , , , , , , , , ,0, , , , , , , , , , , , , , , , , , , , , , , , , , , , , , 
2025-07-29 07:31:36.367 UTC, , ,0,0,0,0, , , , , , , , , , , , , , , , , , , , ,1053,4849853,1702736,336, ,35, ,122, , , , , , , , , ,35,9, , , ,31,3,11, ,70, , , , , , , , , , , , , , ,8906643,16,8904479,8904479, , , , ,8906700,22422462464,2,2,2,2, , , , , , , , , , , , , , , , , , , , , , , , , , , , , , , , ,8906700, , , , ,1753770634740,,, , , , , , , , , , , , , , , , , , , , , ,1753774296339,43441, , , ,87,3145728,4295663508,2,2,0,2, , , ,89,89, ,99, ,3,92, , ,1, , , , , , , , , ,68294,99, , , , , , , , ,3214233536, , , , , , , ,95, , , , , , , , , , , , , , , , , , , , , , , , , , , , , , ,89, , ,6, , , , , , , , , , , , , , ,0, , , , , , , , , , , , , , , , , , , , , , , , , , , , , , 
2025-07-29 07:32:36.384 UTC, , ,0,0,0,0, , , , , , , , , , , , , , , , , , , , ,1053,6131549,2984432,336, ,55, ,2535, , , , , , , , , ,55,10, , , ,50,3,12, ,70, , , , , , , , , , , , , , ,8906643,16,8904479,8904479, , , , ,11404651,22408658944,20,20,20,20, , , , , , , , , , , , , , , , , , , , , , , , , , , , , , , , ,11404651, , , , ,1753770634740,,, , , , , , , , , , , , , , , , , , , , , ,1753774355503,48415, , , ,506,3145728,4297036011,1,2,0,5, , , ,2484,2484, ,2490, ,3,2487, , ,1, , , , , , , , , ,1372503,2490, , , , , , ,1,1325,540978880,1, , , , , , ,2491, , , , , , , , , , , , , , , , , , , , , , , , , , , , , , ,2484, , ,6, , , , , , , , , , , , , , ,0, , , , , , , , , , , , , , , , , , , , , , , , , , , , , , 
2025-07-29 07:33:36.390 UTC, , ,0,0,0,0, , , , , , , , , , , , , , , , , , , , ,1053,6411981,3264864,336, ,59, ,499, , , , , , , , , ,59,10, , , ,54,3,12, ,70, , , , , , , , , , , , , , ,8906643,16,8904479,8904479, , , , ,11404651,22408658944,20,20,20,20, , , , , , , , , , , , , , , , , , , , , , , , , , , , , , , , ,11404651, , , , ,1753770634740,,, , , , , , , , , , , , , , , , , , , , , ,1753774416237,49344, , , ,1464,3145728,4297336558,1,2,0,2, , , ,463,463, ,466, ,3,466, , ,1, , , , , , , , , ,300552,466, , , , , , ,2,120,582752560, , , , , , , ,469, , , , , , , , , , , , , , , , , , , , , , , , , , , , , , ,463, , ,6, , , , , , , , , , , , , , ,0, , , , , , , , , , , , , , , , , , , , , , , , , , , , , , 
2025-07-29 07:34:36.396 UTC, , ,0,0,0,0, , , , , , , , , , , , , , , , , , , , ,1053,6944293,3797176,336, ,65, ,877, , , , , , , , , ,65,10, , , ,60,3,12, ,70, , , , , , , , , , , , , , ,8906643,16,8904479,8904479, , , , ,11404651,22408658944,20,20,20,20, , , , , , , , , , , , , , , , , , , , , , , , , , , , , , , , ,11404651, , , , ,1753770634740,,, , , , , , , , , , , , , , , , , , , , , ,1753774476274,51022, , , ,1536,3145728,4297900611,1,2,0,4, , , ,839,839, ,839, ,3,842, , ,1, , , , , , , , , ,564053,839, , , , , , ,4,69,473240000,1, , , , , , ,845, , , , , , , , , , , , , , , , , , , , , , , , , , , , , , ,839, , ,6, , , , , , , , , , , , , , ,0, , , , , , , , , , , , , , , , , , , , , , , , , ,1, , , , 
2025-07-29 07:35:36.406 UTC, , ,0,0,0,0, , , , , , , , , , , , , , , , , , , , ,1053,7340253,4193136,336, ,70, ,661, , , , , , , , , ,70,10, , , ,65,3,12, ,70, , , , , , , , , , , , , , ,8906643,16,8904479,8904479, , , , ,11404651,22408658944,20,20,20,20, , , , , , , , , , , , , , , , , , , , , , , , , , , , , , , , ,11404651, , , , ,1753770634740,,, , , , , , , , , , , , , , , , , , , , , ,1753774535317,52270, , , ,1169,3145728,4298321276,1,2,0,3, , , ,624,624, ,624, ,3,627, , ,1, , , , , , , , , ,420665,624, , , , , , , , ,1567953344,1, , , , , , ,630, , , , , , , , , , , , , , , , , , , , , , , , , , , , , , ,624, , ,6, , , , , , , , , , , , , , ,0, , , , , , , , , , , , , , , , , , , , , , , , , , , , , , 
2025-07-29 07:36:36.411 UTC, , ,0,0,0,0, , , , , , , , , , , , , , , , , , , , ,1053,7754941,4607824,336, ,75, ,693, , , , , , , , , ,75,10, , , ,70,3,12, ,70, , , , , , , , , , , , , , ,8906643,16,8904479,8904479, , , , ,11404651,22408658944,20,20,20,20, , , , , , , , , , , , , , , , , , , , , , , , , , , , , , , , ,11404651, , , , ,1753770634740,,, , , , , , , , , , , , , , , , , , , , , ,1753774596267,53582, , , ,1152,3145728,4298761846,1,2,0,4, , , ,656,656, ,656, ,3,659, , ,1, , , , , , , , , ,440570,656, , , , , , , , ,2692026816,1, , , , , , ,662, , , , , , , , , , , , , , , , , , , , , , , , , , , , , , ,656, , ,6, , , , , , , , , , , , , , ,0, , , , , , , , , , , , , , , , , , , , , , , , , , , , , , 
2025-07-29 07:37:36.412 UTC, , ,0,0,0,0, , , , , , , , , , , , , , , , , , , , ,1493,8126701,4979144,336, ,80, ,623, , , , , , , , , ,80,10, , , ,75,3,12, ,70, , , , , , , , , , , , , , ,8906643,16,8904479,8904479, , , , ,13905139,22384922624,33,33,33,33, , , , , , , , , , , , , , , , , , , , , , , , , , , , , , , , ,13905139, , , , ,1753770634740,,, , , , , , , , , , , , , , , , , , , , , ,1753774655531,54756, , , ,759,3145728,4299159669,1,2,0,3, , , ,586,586, ,588, ,3,589, , ,1, , , , , , , , , ,397818,588, , , , , , , , ,3715436992,1, , , , , , ,592, , , , , , , , , , , , , , , , , , , , , , , , , , , , , , ,586, , ,6, , , , , , , , , , , , , , ,0, , , , , , , , , , , , , , , , , , , , , , , , , , , , , , 
2025-07-29 07:38:36.439 UTC, , ,0,0,0,0, , , , , , , , , , , , , , , , , , , , ,1493,8150917,5003360,336, ,80, ,68, , , , , , , , , ,80,10, , , ,75,3,12, ,70, , , , , , , , , , , , , , ,8906643,16,8904479,8904479, , , , ,13905139,22384922624,33,33,33,33, , , , , , , , , , , , , , , , , , , , , , , , , , , , , , , , ,13905139, , , , ,1753770634740,,, , , , , , , , , , , , , , , , , , , , , ,1753774716013,54838, , , ,148,3145728,4299184830,2,4,0,4, , , ,36,36, ,46, ,3,39, , ,1, , , , , , , , , ,25161,46, , , , , , ,1,1299,361239232, , , , , , , ,42, , , , , , , , , , , , , , , , , , , , , , , , , , , , , , ,36, , ,6, , , , , , , , , , , , , , ,0, , , , , , , , , , , , , , , , , , , , , , , , , , , , , , 
2025-07-29 07:39:36.444 UTC, , ,0,0,0,0, , , , , , , , , , , , , , , , , , , , ,1493,8169805,5022248,336, ,81, ,63, , , , , , , , , ,81,10, , , ,76,3,12, ,70, , , , , , , , , , , , , , ,8906643,16,8904479,8904479, , , , ,13905139,22384922624,33,33,33,33, , , , , , , , , , , , , , , , , , , , , , , , , , , , , , , , ,13905139, , , , ,1753770634740,,, , , , , , , , , , , , , , , , , , , , , ,1753774774499,54908, , , ,148,3145728,4299207629,3,3,0,3, , , ,30,30, ,40, ,3,33, , ,1, , , , , , , , , ,22804,40, , , , , , , , ,529011392, , , , , , , ,36, , , , , , , , , , , , , , , , , , , , , , , , , , , , , , ,30, , ,6, , , , , , , , , , , , , , ,0, , , , , , , , , , , , , , , , , , , , , , , , , , , , , , 
2025-07-29 07:40:36.445 UTC, , ,0,0,0,0, , , , , , , , , , , , , , , , , , , , ,1493,8183341,5035784,336, ,81, ,56, , , , , , , , , ,81,10, , , ,76,3,12, ,70, , , , , , , , , , , , , , ,8906643,16,8904479,8904479, , , , ,13905139,22384922624,33,33,33,33, , , , , , , , , , , , , , , , , , , , , , , , , , , , , , , , ,13905139, , , , ,1753770634740,,, , , , , , , , , , , , , , , , , , , , , ,1753774836034,54967, , , ,34,3145728,4299222811,2,2,1,2, , , ,24,24, ,35, ,3,27, , ,1, , , , , , , , , ,15177,35, , , , , , ,1,61,212813920, , , , , , , ,30, , , , , , , , , , , , , , , , , , , , , , , , , , , , , , ,24, , ,6, , , , , , , , , , , , , , ,0, , , , , , , , , , , , , , , , , , , , , , , , , , , , , , 
2025-07-29 07:41:36.456 UTC, , ,0,0,0,0, , , , , , , , , , , , , , , , , , , , ,1493,8186413,5038856,336, ,81, ,44, , , , , , , , , ,81,10, , , ,76,3,12, ,70, , , , , , , , , , , , , , ,8906643,16,8904479,8904479, , , , ,13905139,22384922624,33,33,33,33, , , , , , , , , , , , , , , , , , , , , , , , , , , , , , , , ,13905139, , , , ,1753770634740,,, , , , , , , , , , , , , , , , , , , , , ,1753774896048,55003, , , ,33,3145728,4299226543,2,2,1,2, , , ,12,12, ,24, ,3,15, , ,1, , , , , , , , , ,3732,24, , , , , , , , ,258951264,1, , , , , , ,18, , , , , , , , , , , , , , , , , , , , , , , , , , , , , , ,12, , ,6, , , , , , , , , , , , , , ,0, , , , , , , , , , , , , , , , , , , , , , , , , , , , , , 
2025-07-29 07:43:31.346 UTC, , , , , , , , , , , , , , , , , , , , , , , , , , ,250,3361442,215464, , ,79,5,18230,79,0.00,4, , , , , ,1,79,8, ,9008,4,78,75,8, ,9207,17, , , , , , , , , , , , , ,4299239604,17,14267919,4299235215,1,3,5,13,14272268,22338670592,-1,-1,-1,-1, , , , , ,369,7196, , , , , , , , , , , , , , , , , , , , , , , , , ,14272268, , , , ,1753775006166,,, , , , , , , , , , , , , , , , , , , , , , , , , , , ,3145728,4299239604,2,2,1,2, , ,111,2,2,5,2, ,3,3, ,111, ,156101,30,12255,2, ,70, ,58061781,5682, , , , , , , , ,3,64,208358928,23, , , , , , ,9217, , , , , , , , , , , , , , , , , , , , , , , , , , , , , , , , , , , , , , , , , , , , , , , , , , , , , , , , , , , , , , , , , , , , , , , , , , , , , , , 
2025-07-29 07:44:31.936 UTC, , ,0,0,0,0, , , , , , , , , , , , , , , , , , , , ,250,8157130,5010816,336, ,81, ,9083,1,0.00, , , , , , , ,81,10, , ,1,78,3,11, ,9135,9007, , , , , , , , , , , , , ,4299239604,17,14267919,4299235215, , , , ,14272268,22338678784,34,34,34,34, , , , , , , , , , , , , , , , , , , , , , , , , , , , , , , , ,14272268, , , , ,1753775006166,,, , , , , , , , , , , , , , , , , , , , , ,1753775069190,55049, , , ,42,3145728,4299243656,16,16,3,16, , ,9012,14,14,4,24, ,3,17, ,9012,2,7550,7,119,2, , , ,4765114,9009,3912,22, , , , , , ,2,166,393113136,11, , , , , , ,9032, , , , , , , , , , , , , , , , , , , , , , , , , , , , , , ,13, , ,9006, , , , , , , , , , , , , , ,0, , , , , , , , , , , , , , , , , , , , , , , , , ,1, , , , 
2025-07-29 07:45:31.963 UTC, , ,0,0,0,0, , , , , , , , , , , , , , , , , , , , ,1178,8162362,5015120,336, ,81, ,9063, , , , , , , , , ,81,10, , , ,78,3,11, ,9104,1, , , , , , , , , , , , , ,4299239604,17,14267919,4299235215, , , , ,14272268,22338678784,34,34,34,34, , , , , , , , , , , , , , , , , , , , , , , , , , , , , , , , ,14272268, , , , ,1753775006166,,, , , , , , , , , , , , , , , , , , , , , ,1753775129438,55086, , , ,34,3145728,4299248026,9,9,3,9, , ,3,14,14, ,23, ,3,17, ,3,2,2095,2,262,2, , , ,2048,1,4108,22, , , , , , ,2,1099,203756672,9, , , , , , ,9035, , , , , ,1, , , , , , , , , , , , , , , , , , , , , , , , ,13, , ,9005, , , , , , , , , , , , , , ,0, , , , , , , , , , , , , , , , , , , , , , , , , , , , , , 
2025-07-29 07:46:31.968 UTC, , ,0,0,0,0, , , , , , , , , , , , , , , , , , , , ,1178,8588362,5441120,336, ,87, ,735, , , , , , , , , ,87,10, , , ,84,3,10, ,70, , , , , , , , , , , , , , ,4299239604,17,14267919,4299235215, , , , ,14272268,22338678784,34,34,34,34, , , , , , , , , , , , , , , , , , , , , , , , , , , , , , , , ,14272268, , , , ,1753775006166,,, , , , , , , , , , , , , , , , , , , , , ,1753775191686,56480, , , ,1628,3145728,4299696715,1,2,0,3, , , ,697,697, ,697, ,3,700, , ,2, , , , , , , , , ,448689,697, , , , , , ,3,47,367574528,5, , , , , , ,703, , , , , , , , , , , , , , , , , , , , , , , , , , , , , , ,697, , ,6, , , , , , , , , , , , , , ,0, , , , , , , , , , , , , , , , , , , , , , , , , , , , , , 
2025-07-29 07:47:31.983 UTC, , ,0,0,0,0, , , , , , , , , , , , , , , , , , , , ,1178,9078922,5931680,336, ,93, ,818, , , , , , , , , ,93,10, , , ,90,3,10, ,70, , , , , , , , , , , , , , ,4299239604,17,14267919,4299235215, , , , ,14272268,22338678784,34,34,34,34, , , , , , , , , , , , , , , , , , , , , , , , , , , , , , , , ,14272268, , , , ,1753775006166,,, , , , , , , , , , , , , , , , , , , , , ,1753775251458,58040, , , ,1354,3145728,4300214928,2,3,0,6, , , ,780,780, ,780, ,3,783, , ,2, , , , , , , , , ,518213,780, , , , , , ,1,38,1155908096,3, , , , , , ,786, , , , , , , , , , , , , , , , , , , , , , , , , , , , , , ,780, , ,6, , , , , , , , , , , , , , ,0, , , , , , , , , , , , , , , , , , , , , , , , , , , , , , 
2025-07-29 07:48:31.990 UTC, , ,0,0,0,0, , , , , , , , , , , , , , , , , , , , ,1178,9510586,6363344,336, ,98, ,718, , , , , , , , , ,98,10, , , ,95,3,10, ,70, , , , , , , , , , , , , , ,4299239604,17,14267919,4299235215, , , , ,14272268,22338678784,34,34,34,34, , , , , , , , , , , , , , , , , , , , , , , , , , , , , , , , ,14272268, , , , ,1753775006166,,, , , , , , , , , , , , , , , , , , , , , ,1753775311486,59402, , , ,1301,3145728,4300670402,2,2,0,5, , , ,681,681, ,681, ,3,684, , ,2, , , , , , , , , ,455474,681, , , , , , , , ,2342896128,2, , , , , , ,687, , , , , , , , , , , , , , , , , , , , , , , , , , , , , , ,681, , ,6, , , , , , , , , , , , , , ,0, , , , , , , , , , , , , , , , , , , , , , , , , , , , , , 
2025-07-29 07:49:31.993 UTC, , ,0,0,0,0, , , , , , , , , , , , , , , , , , , , ,1178,9966698,6819456,336, ,104, ,762, , , , , , , , , ,104,10, , , ,101,3,10, ,70, , , , , , , , , , , , , , ,4299239604,17,14267919,4299235215, , , , ,14272268,22338678784,34,34,34,34, , , , , , , , , , , , , , , , , , , , , , , , , , , , , , , , ,14272268, , , , ,1753775006166,,, , , , , , , , , , , , , , , , , , , , , ,1753775371619,60850, , , ,1408,3145728,4301154211,1,2,0,8, , , ,724,724, ,724, ,3,727, , ,2, , , , , , , , , ,483809,724, , , , , , ,2,482,224737504,1, , , , , , ,730, , , , , , , , , , , , , , , , , , , , , , , , , , , , , , ,724, , ,6, , , , , , , , , , , , , , ,0, , , , , , , , , , , , , , , , , , , , , , , , , , , , , , 
2025-07-29 07:50:31.999 UTC, , ,0,0,0,0, , , , , , , , , , , , , , , , , , , , ,1178,10439762,7292520,336, ,110, ,790, , , , , , , , , ,110,10, , , ,107,3,10, ,70, , , , , , , , , , , , , , ,4299239604,17,14267919,4299235215, , , , ,14272268,22338678784,34,34,34,34, , , , , , , , , , , , , , , , , , , , , , , , , , , , , , , , ,14272268, , , , ,1753775006166,,, , , , , , , , , , , , , , , , , , , , , ,1753775431598,62354, , , ,1351,3145728,4301655933,2,3,1,9, , , ,752,752, ,752, ,3,755, , ,2, , , , , , , , , ,501722,752, , , , , , ,1,39,964341416,1, , , , , , ,758, , , , , , , , , , , , , , , , , , , , , , , , , , , , , , ,752, , ,6, , , , , , , , , , , , , , ,0, , , , , , , , , , , , , , , , , , , , , , , , , , , , , , 
2025-07-29 07:51:32.006 UTC, , ,0,0,0,0, , , , , , , , , , , , , , , , , , , , ,1178,11001538,7854296,336, ,117, ,934, , , , , , , , , ,117,10, , , ,114,3,10, ,70, , , , , , , , , , , , , , ,4299239604,17,14267919,4299235215, , , , ,16760586,22310256640,43,43,43,43, , , , , , , , , , , , , , , , , , , , , , , , , , , , , , , , ,16760586, , , , ,1753775006166,,, , , , , , , , , , , , , , , , , , , , , ,1753775491995,64144, , , ,1595,3145728,4302251070,2,3,1,7, , , ,895,895, ,895, ,3,898, , ,2, , , , , , , , , ,595137,895, , , , , , ,1,33,1426689256,1, , , , , , ,901, , , , , , , , , , , , , , , , , , , , , , , , , , , , , , ,895, , ,6, , , , , , , , , , , , , , ,0, , , , , , , , , , , , , , , , , , , , , , , , , , , , , , 
2025-07-29 07:52:32.010 UTC, , ,0,0,0,0, , , , , , , , , , , , , , , , , , , , ,1178,11479898,8332656,336, ,123, ,791, , , , , , , , , ,123,10, , , ,120,3,10, ,70, , , , , , , , , , , , , , ,4299239604,17,14267919,4299235215, , , , ,16760586,22310256640,43,43,43,43, , , , , , , , , , , , , , , , , , , , , , , , , , , , , , , , ,16760586, , , , ,1753775006166,,, , , , , , , , , , , , , , , , , , , , , ,1753775549525,65650, , , ,1099,3145728,4302759295,4,5,2,10, , , ,753,753, ,753, ,3,756, , ,2, , , , , , , , , ,508225,753, , , , , , ,1,80,1098418072,1, , , , , , ,759, , , , , , , , , , , , , , , , , , , , , , , , , , , , , , ,753, , ,6, , , , , , , , , , , , , , ,0, , , , , , , , , , , , , , , , , , , , , , , , , ,1, , , , 
2025-07-29 07:53:32.045 UTC, , ,0,0,0,0, , , , , , , , , , , , , , , , , , , , ,1178,11500266,8353024,336, ,123, ,62, , , , , , , , , ,123,10, , , ,120,3,10, ,70, , , , , , , , , , , , , , ,4299239604,17,14267919,4299235215, , , , ,16760586,22310256640,43,43,43,43, , , , , , , , , , , , , , , , , , , , , , , , , , , , , , , , ,16760586, , , , ,1753775006166,,, , , , , , , , , , , , , , , , , , , , , ,1753775609541,65716, , , ,55,3145728,4302780421,3,3,1,3, , , ,30,30, ,36, ,3,33, , ,2, , , , , , , , , ,21127,36, , , , , , , , ,1186498456, , , , , , , ,36, , , , , , , , , , , , , , , , , , , , , , , , , , , , , , ,30, , ,6, , , , , , , , , , , , , , ,0, , , , , , , , , , , , , , , , , , , , , , , , , , , , , , 
2025-07-29 07:54:32.054 UTC, , ,0,0,0,0, , , , , , , , , , , , , , , , , , , , ,1178,11503338,8356096,336, ,123, ,44, , , , , , , , , ,123,10, , , ,120,3,10, ,70, , , , , , , , , , , , , , ,4299239604,17,14267919,4299235215, , , , ,16760586,22310256640,43,43,43,43, , , , , , , , , , , , , , , , , , , , , , , , , , , , , , , , ,16760586, , , , ,1753775006166,,, , , , , , , , , , , , , , , , , , , , , ,1753775669550,65746, , , ,32,3145728,4302783949,3,3,1,3, , , ,12,12, ,18, ,3,15, , ,2, , , , , , , , , ,3528,18, , , , , , , , ,1236830104, , , , , , , ,18, , , , , , , , , , , , , , , , , , , , , , , , , , , , , , ,12, , ,6, , , , , , , , , , , , , , ,0, , , , , , , , , , , , , , , , , , , , , , , , , , , , , , 
2025-07-29 07:55:32.061 UTC, , ,0,0,0,0, , , , , , , , , , , , , , , , , , , , ,1178,11512242,8365000,336, ,123, ,50, , , , , , , , , ,123,10, , , ,120,3,10, ,70, , , , , , , , , , , , , , ,4299239604,17,14267919,4299235215, , , , ,16760586,22310256640,43,43,43,43, , , , , , , , , , , , , , , , , , , , , , , , , , , , , , , , ,16760586, , , , ,1753775006166,,, , , , , , , , , , , , , , , , , , , , , ,1753775729567,65788, , , ,44,3145728,4302793217,3,3,1,3, , , ,18,18, ,24, ,3,21, , ,2, , , , , , , , , ,9268,24, , , , , , , , ,1324910488, , , , , , , ,24, , , , , , , , , , , , , , , , , , , , , , , , , , , , , , ,18, , ,6, , , , , , , , , , , , , , ,0, , , , , , , , , , , , , , , , , , , , , , , , , , , , , , 
2025-07-29 07:56:32.066 UTC, , ,0,0,0,0, , , , , , , , , , , , , , , , , , , , ,1178,11515338,8368096,336, ,123, ,44, , , , , , , , , ,123,10, , , ,120,3,10, ,70, , , , , , , , , , , , , , ,4299239604,17,14267919,4299235215, , , , ,16760586,22310256640,43,43,43,43, , , , , , , , , , , , , , , , , , , , , , , , , , , , , , , , ,16760586, , , , ,1753775006166,,, , , , , , , , , , , , , , , , , , , , , ,1753775789585,65818, , , ,32,3145728,4302796961,3,3,1,3, , , ,12,12, ,18, ,3,15, , ,2, , , , , , , , , ,3744,18, , , , , , , , ,1366853528, , , , , , , ,18, , , , , , , , , , , , , , , , , , , , , , , , , , , , , , ,12, , ,6, , , , , , , , , , , , , , ,0, , , , , , , , , , , , , , , , , , , , , , , , , , , , , , 
2025-07-29 07:57:32.078 UTC, , ,0,0,0,0, , , , , , , , , , , , , , , , , , , , ,1178,11518410,8371168,336, ,123, ,44, , , , , , , , , ,123,10, , , ,120,3,10, ,70, , , , , , , , , , , , , , ,4299239604,17,14267919,4299235215, , , , ,16760586,22310256640,43,43,43,43, , , , , , , , , , , , , , , , , , , , , , , , , , , , , , , , ,16760586, , , , ,1753775006166,,, , , , , , , , , , , , , , , , , , , , , ,1753775849600,65848, , , ,32,3145728,4302800489,3,3,1,3, , , ,12,12, ,18, ,3,15, , ,2, , , , , , , , , ,3528,18, , , , , , , , ,1412990872, , , , , , , ,18, , , , , , , , , , , , , , , , , , , , , , , , , , , , , , ,12, , ,6, , , , , , , , , , , , , , ,0, , , , , , , , , , , , , , , , , , , , , , , , , , , , , , 
2025-07-29 07:58:32.087 UTC, , ,0,0,0,0, , , , , , , , , , , , , , , , , , , , ,1178,11521370,8374128,336, ,124, ,45, , , , , , , , , ,124,10, , , ,121,3,10, ,70, , , , , , , , , , , , , , ,4299239604,17,14267919,4299235215, , , , ,16760586,22310256640,43,43,43,43, , , , , , , , , , , , , , , , , , , , , , , , , , , , , , , , ,16760586, , , , ,1753775006166,,, , , , , , , , , , , , , , , , , , , , , ,1753775909612,65878, , , ,32,3145728,4302806863,1,1,0,1, , , ,12,12, ,18, ,3,15, , ,2, , , , , , , , , ,6374,18, , , , , , , , ,1454933912, , , , , , , ,18, , , , , , , , , , , , , , , , , , , , , , , , , , , , , , ,12, , ,6, , , , , , , , , , , , , , ,0, , , , , , , , , , , , , , , , , , , , , , , , , , , , , , 
